T	WV	WK	BZ	SPR	WBER  	 ABG.   	UNG.   	SPOE   	OEVP   	FPOE   	LIF    	GRUE   	Sonstige	Typ 	Jahr
4	1	1	1	0	0	332	2	70	115	51	51	40	3	Bezirk	1996
4	1	1	1	1	343	208	4	23	104	31	18	28	0		
4	1	1	1	2	344	208	2	48	72	40	19	26	1		
4	1	1	1	3	335	193	1	34	77	47	14	20	0		
4	1	1	1	4	472	305	6	59	139	45	26	27	3		
4	1	1	1	5	570	360	6	88	125	79	29	31	2		
4	1	1	1	6	402	241	5	28	88	49	40	27	4		
4	1	1	1	7	413	234	2	45	71	44	25	44	3		
4	1	1	1	8	432	268	17	48	90	51	17	44	1		
4	1	1	1	9	633	386	5	83	122	60	60	55	1		
4	1	1	1	10	374	240	5	54	84	49	26	19	3		
4	1	1	1	11	407	224	3	36	106	42	19	18	0		
4	1	1	1	12	344	210	6	26	98	39	23	18	0		
4	1	1	1	13	485	313	3	64	104	64	45	32	1		
4	1	1	1	14	338	235	9	90	57	39	23	17	0		
4	1	1	1	15	719	454	7	74	183	71	52	63	4		
4	1	1	1	16	388	238	5	39	73	49	26	45	1		
4	1	1	1	17	476	324	4	85	89	66	42	38	0		
4	1	1	1	18	494	309	3	59	120	61	27	39	0		
4	1	1	1	19	437	240	5	43	83	61	25	20	3		
4	1	1	1	20	757	480	9	69	234	82	31	53	2		
4	1	1	1	21	405	265	2	53	98	55	35	20	2		
4	1	1	1	22	570	366	13	47	167	64	47	25	3		
4	1	1	1	23	437	265	4	36	107	49	38	30	1		
4	1	1	1	24	421	233	0	30	97	59	27	16	4		
4	1	1	1	25	220	132	1	17	66	30	8	10	0		
4	1	1	1	26	453	267	2	35	106	59	32	32	1		
4	1	1	1	27	567	372	1	68	130	85	45	43	0		
4	1	1	1	28	428	277	3	88	77	49	27	26	7		
4	1	1	1	29	352	184	0	37	46	42	24	33	2		
4	1	1	1	30	505	314	11	76	85	60	35	43	4		
4	1	1	1	31	366	213	4	34	97	29	22	25	2		
4	1	1	1	32	335	202	5	23	85	46	28	15	0		
4	1	1	1	33	567	353	6	46	152	77	40	32	0		
4	1	2	2	0	0	939	24	343	146	195	82	127	22		
4	1	2	2	1	399	235	5	54	51	57	22	39	7		
4	1	2	2	2	348	215	6	53	31	58	25	36	6		
4	1	2	2	3	377	209	6	85	12	64	16	17	9		
4	1	2	2	4	419	280	6	97	51	76	10	35	5		
4	1	2	2	5	283	197	6	67	23	70	9	19	3		
4	1	2	2	6	265	180	7	50	33	50	16	21	3		
4	1	2	2	7	386	257	8	89	52	51	20	31	6		
4	1	2	2	8	282	178	2	53	19	58	9	30	7		
4	1	2	2	9	576	383	16	118	72	109	21	42	5		
4	1	2	2	10	303	189	3	57	47	36	14	31	1		
4	1	2	2	11	333	210	7	40	49	64	19	29	2		
4	1	2	2	12	302	185	4	47	21	50	19	34	10		
4	1	2	2	13	433	271	11	113	37	64	14	26	6		
4	1	2	2	14	371	246	2	78	50	66	19	30	1		
4	1	2	2	15	329	231	7	124	11	66	6	12	5		
4	1	2	2	16	330	216	5	100	15	72	10	9	5		
4	1	2	2	17	218	172	4	120	4	30	6	7	1		
4	1	2	2	18	226	161	2	92	1	45	4	13	4		
4	1	2	2	19	441	261	4	86	31	76	19	40	5		
4	1	2	2	20	473	341	7	125	34	75	34	59	7		
4	1	2	2	21	226	142	5	45	26	39	6	18	3		
4	1	2	2	22	318	185	3	80	19	48	20	14	1		
4	1	2	2	23	328	183	3	51	33	52	22	21	1		
4	1	2	2	24	289	184	5	57	21	56	19	23	3		
4	1	2	2	25	341	216	5	69	17	78	10	29	8		
4	1	2	2	26	374	524	14	258	88	94	21	41	8		
4	1	2	2	27	488	345	4	70	110	91	30	29	11		
4	1	2	2	28	529	312	4	104	46	86	30	38	4		
4	1	2	2	29	377	242	5	54	57	64	16	42	4		
4	1	2	2	30	283	211	4	62	45	51	15	28	6		
4	1	2	2	31	466	280	6	74	56	69	34	30	11		
4	1	2	2	32	577	406	6	216	21	120	18	19	6		
4	1	2	2	33	332	225	4	49	50	57	23	37	5		
4	1	2	2	34	469	276	10	96	45	61	14	48	2		
4	1	2	2	35	445	279	5	137	21	82	9	22	3		
4	1	2	2	36	492	282	10	108	39	85	17	21	2		
4	1	2	2	37	427	273	7	117	30	77	12	22	8		
4	1	2	2	38	502	377	10	188	12	128	15	12	12		
4	1	2	2	39	445	266	8	101	15	110	15	10	7		
4	1	2	2	40	289	198	7	56	41	41	15	32	6		
4	1	2	2	41	495	331	12	124	31	93	25	39	7		
4	1	2	2	42	261	145	4	33	39	29	18	21	1		
4	1	2	2	43	657	392	10	116	75	88	32	58	13		
4	1	2	2	44	498	368	5	173	30	115	21	20	4		
4	1	2	2	45	421	264	0	78	40	66	27	46	7		
4	1	2	2	46	430	291	7	112	38	87	19	22	6		
4	1	2	2	47	378	238	2	66	36	66	27	34	7		
4	1	2	2	48	383	242	7	59	65	69	13	23	6		
4	1	2	2	49	464	294	11	115	34	89	12	28	5		
4	1	2	2	50	415	286	12	97	39	81	18	33	6		
4	1	2	2	51	295	184	7	52	27	61	9	23	5		
4	1	2	2	52	313	192	3	52	25	68	15	28	1		
4	1	2	2	53	296	197	6	63	31	52	20	20	5		
4	1	2	2	54	373	243	8	103	20	52	17	38	5		
4	1	2	2	55	566	370	20	108	51	112	25	47	7		
4	1	2	2	56	437	308	9	119	28	119	13	14	6		
4	1	2	2	57	307	182	0	69	24	43	15	26	5		
4	1	2	2	58	343	230	7	128	16	49	6	19	5		
4	1	2	2	59	340	204	7	53	54	47	12	28	3		
4	1	2	2	60	285	203	15	106	31	41	4	4	2		
4	1	2	2	61	261	152	8	50	14	52	12	12	4		
4	1	2	2	62	338	207	5	69	37	57	13	23	3		
4	1	2	2	63	535	321	2	111	55	71	18	54	10		
4	1	2	2	64	421	294	5	81	63	93	27	20	5		
4	1	2	2	65	323	216	7	74	38	44	16	27	10		
4	1	2	2	66	304	174	4	61	28	49	16	14	2		
4	1	2	2	67	308	223	3	73	49	58	13	23	4		
4	1	2	2	68	290	214	6	111	10	42	20	20	5		
4	1	2	2	69	325	193	5	70	20	56	14	26	2		
4	1	2	2	70	535	325	3	129	46	86	21	34	6		
4	1	2	2	71	450	342	9	174	21	90	23	20	5		
4	1	2	2	72	567	393	23	188	33	111	7	25	6		
4	1	2	2	73	265	159	3	44	16	74	5	14	3		
4	1	2	2	74	584	353	8	116	47	101	18	55	8		
4	1	2	2	75	330	270	11	185	21	45	4	1	3		
4	1	2	2	76	233	125	2	54	11	40	4	12	2		
4	1	2	2	77	240	144	5	51	16	43	8	18	3		
4	1	2	2	78	256	166	2	48	27	54	14	19	2		
4	1	2	2	79	310	231	6	62	52	68	10	31	2		
4	1	2	2	80	228	152	3	63	13	36	8	23	6		
4	1	2	2	81	352	235	12	74	31	68	16	29	5		
4	1	2	2	82	436	251	9	72	27	85	16	32	10		
4	1	2	2	83	324	241	2	99	19	63	19	31	8		
4	1	2	2	84	377	219	1	92	23	66	15	17	5		
4	1	2	2	85	320	185	2	74	21	58	7	20	3		
4	1	2	2	86	387	230	0	75	41	54	21	36	3		
4	1	2	2	87	353	237	8	61	39	84	13	29	3		
4	1	2	2	88	513	307	8	110	39	92	24	29	5		
4	1	2	2	89	307	195	3	58	23	80	11	17	3		
4	1	2	2	90	351	209	1	104	36	45	12	7	4		
4	1	2	2	91	310	204	5	68	30	58	11	26	6		
4	1	2	2	92	266	203	3	102	12	69	3	10	4		
4	1	2	2	93	376	278	10	96	57	61	18	29	7		
4	1	2	2	94	297	202	2	46	55	40	10	39	10		
4	1	2	2	95	411	258	2	64	59	74	28	28	3		
4	1	2	2	96	322	189	0	54	29	44	15	41	6		
4	1	2	2	97	529	345	19	115	52	95	24	31	9		
4	1	2	2	98	458	319	8	94	72	82	31	26	6		
4	1	2	2	99	342	219	6	69	53	41	12	33	5		
4	1	2	2	100	224	145	4	53	14	29	13	29	3		
4	1	2	2	101	600	368	3	120	48	97	42	51	7		
4	1	2	2	102	575	366	4	118	76	96	28	38	6		
4	1	2	2	103	299	197	5	51	35	52	11	37	6		
4	1	2	2	104	388	269	5	114	29	69	21	21	10		
4	1	2	2	105	247	144	2	52	24	38	16	9	3		
4	1	2	2	106	366	233	4	125	23	58	10	10	3		
4	1	2	2	107	314	189	3	91	22	54	9	4	6		
4	1	2	2	108	399	274	11	153	23	73	5	7	2		
4	1	2	2	109	307	190	5	72	28	54	9	21	1		
4	1	2	2	110	254	122	2	46	10	50	3	10	1		
4	1	2	2	111	285	184	5	63	12	74	8	18	4		
4	1	2	2	112	384	229	7	90	23	72	11	20	6		
4	1	2	2	113	301	191	6	69	11	81	10	10	4		
4	1	2	2	114	234	137	5	51	18	40	8	13	2		
4	1	2	2	115	344	217	4	84	21	81	10	11	6		
4	1	2	2	116	262	143	4	48	11	51	9	16	4		
4	1	2	2	117	228	151	11	44	21	51	7	15	2		
4	1	2	2	118	219	129	1	45	17	40	4	20	2		
4	1	2	2	119	408	246	6	72	37	85	21	23	2		
4	1	2	2	120	337	225	6	108	17	76	6	6	6		
4	1	2	2	121	225	133	4	42	15	50	6	13	3		
4	1	2	2	122	305	202	5	69	33	69	14	10	2		
4	1	2	2	123	342	219	7	43	54	64	22	26	3		
4	1	2	2	124	292	205	3	73	27	70	10	19	3		
4	1	2	2	125	348	198	6	60	23	72	15	16	6		
4	1	2	2	126	321	213	1	61	32	79	17	20	3		
4	1	2	2	127	248	168	13	66	15	54	12	7	1		
4	1	2	2	128	270	168	3	79	16	48	11	4	7		
4	1	2	2	129	331	221	8	87	26	70	10	14	6		
4	1	2	2	130	278	186	4	58	22	66	12	21	3		
4	1	2	2	131	279	179	1	56	31	53	7	25	6		
4	1	2	2	132	413	281	5	88	39	69	29	49	2		
4	1	2	2	133	415	226	11	85	17	82	15	15	1		
4	1	2	2	134	502	354	8	101	80	104	31	26	4		
4	1	2	2	135	257	136	5	63	7	45	8	3	5		
4	1	2	2	136	186	110	6	59	8	27	3	5	2		
4	1	2	2	137	267	153	2	65	26	46	8	3	3		
4	1	2	2	138	442	323	7	172	17	102	14	7	4		
4	1	2	2	139	538	351	12	165	19	123	14	17	1		
4	1	2	2	140	259	143	5	37	21	59	8	9	4		
4	1	2	2	141	306	200	0	77	39	58	10	16	0		
4	1	2	2	142	392	263	4	114	18	91	16	13	7		
4	1	2	2	143	585	386	11	170	31	131	14	21	8		
4	1	2	2	144	316	189	7	89	9	67	3	9	5		
4	1	2	2	145	298	183	1	84	14	53	18	4	9		
4	1	2	2	146	298	169	7	84	15	49	5	7	2		
4	1	2	2	147	245	130	2	47	10	49	5	15	2		
4	1	2	2	148	186	94	1	28	16	35	3	11	0		
4	1	2	2	149	284	151	4	63	7	54	6	15	2		
4	1	2	2	150	373	218	5	91	9	93	7	8	5		
4	1	2	2	151	384	230	10	69	23	80	18	24	6		
4	1	2	2	152	348	229	3	138	5	60	10	5	8		
4	1	2	2	153	314	190	0	85	13	80	6	6	0		
4	1	2	2	154	273	176	2	62	20	63	13	14	2		
4	1	2	2	155	357	221	4	84	16	84	16	16	1		
4	1	2	2	156	376	249	6	117	14	90	8	10	4		
4	1	2	2	157	590	417	6	205	56	108	14	23	5		
4	1	2	2	158	450	305	10	101	51	60	28	49	6		
4	1	2	2	159	265	165	3	65	9	76	3	5	4		
4	1	2	2	160	381	222	7	73	26	68	11	32	5		
4	1	2	2	161	191	156	1	101	1	42	4	2	5		
4	1	2	2	162	503	316	3	127	23	113	18	24	8		
4	1	2	2	163	298	201	6	115	20	46	6	7	1		
4	1	2	2	164	364	258	7	149	19	67	5	5	6		
4	1	2	2	165	0	46	2	18	11	10	3	2	0		
4	1	3	3	0	0	995	30	290	192	176	119	159	29		
4	1	3	3	1	511	331	5	128	47	73	30	37	11		
4	1	3	3	2	501	289	5	80	60	62	32	44	6		
4	1	3	3	3	412	271	16	56	44	84	20	41	10		
4	1	3	3	4	346	228	5	83	41	47	14	32	6		
4	1	3	3	5	591	393	7	95	71	124	38	52	6		
4	1	3	3	6	552	321	11	119	61	65	29	28	8		
4	1	3	3	7	402	249	1	95	29	61	17	37	9		
4	1	3	3	8	500	289	11	85	52	68	26	42	5		
4	1	3	3	9	945	568	11	148	153	107	60	74	15		
4	1	3	3	10	428	242	4	65	48	60	17	39	9		
4	1	3	3	11	552	371	8	119	69	93	26	52	4		
4	1	3	3	12	522	327	10	99	68	68	24	52	6		
4	1	3	3	13	542	370	5	108	79	64	45	60	9		
4	1	3	3	14	829	515	6	138	116	127	47	63	18		
4	1	3	3	15	531	325	2	101	64	68	40	44	6		
4	1	3	3	16	454	271	8	90	43	53	31	36	10		
4	1	3	3	17	629	463	12	155	84	104	43	48	17		
4	1	3	3	18	566	343	4	102	84	60	32	46	15		
4	1	3	3	19	539	351	12	96	95	76	33	29	10		
4	1	3	3	20	486	358	10	87	100	75	32	42	12		
4	1	3	3	21	484	329	5	141	41	83	27	27	5		
4	1	3	3	22	480	309	10	81	64	64	33	48	9		
4	1	3	3	23	856	550	9	155	108	140	38	85	15		
4	1	3	3	24	524	330	5	112	61	69	18	52	13		
4	1	3	3	25	387	251	2	79	39	61	23	38	9		
4	1	3	3	26	858	513	8	132	121	125	59	55	13		
4	1	3	3	27	451	291	12	126	30	69	15	32	7		
4	1	3	3	28	352	193	4	74	21	45	16	25	8		
4	1	3	3	29	262	188	1	93	23	42	9	18	2		
4	1	3	3	30	354	206	1	76	49	43	11	24	2		
4	1	3	3	31	637	387	8	172	55	84	20	38	10		
4	1	3	3	32	725	470	6	211	61	125	25	35	7		
4	1	3	3	33	435	275	4	152	15	68	9	23	4		
4	1	3	3	34	573	336	2	128	54	64	44	38	6		
4	1	3	3	35	492	280	3	122	21	99	18	11	6		
4	1	3	3	36	541	384	10	180	37	92	17	30	18		
4	1	3	3	37	827	511	14	221	63	150	19	25	19		
4	1	3	3	38	446	311	5	158	16	103	11	12	6		
4	1	3	3	39	467	327	4	175	14	104	11	13	6		
4	1	3	3	40	655	403	7	201	16	131	15	17	16		
4	1	3	3	41	563	313	10	125	37	87	25	26	3		
4	1	3	3	42	553	350	6	174	30	91	17	28	4		
4	1	3	3	43	450	277	2	133	22	92	8	15	5		
4	1	3	3	44	489	294	22	118	37	77	21	13	6		
4	1	3	3	45	781	498	16	261	36	124	27	23	11		
4	1	3	3	46	475	310	7	159	11	87	13	23	10		
4	1	3	3	47	601	391	12	208	29	105	10	20	7		
4	1	3	3	48	533	369	8	185	28	115	10	14	9		
4	1	3	3	49	485	306	6	116	77	72	15	15	5		
4	1	3	3	50	486	304	5	85	52	83	33	41	5		
4	1	3	3	51	545	361	12	99	74	91	30	49	6		
4	1	3	3	52	536	335	12	116	55	97	18	31	6		
4	1	3	3	53	616	369	5	125	59	85	40	45	10		
4	1	3	3	54	569	420	24	271	52	51	6	11	5		
4	1	3	3	55	451	282	9	139	19	73	14	22	6		
4	1	3	3	56	658	373	9	161	38	128	14	20	3		
4	1	3	3	57	625	381	6	189	28	122	20	9	7		
4	1	3	3	58	518	325	6	77	92	73	28	37	12		
4	1	3	3	59	463	333	6	99	66	70	31	43	18		
4	1	3	3	60	553	359	8	86	105	60	37	44	19		
4	1	3	3	61	367	245	6	55	76	54	25	27	2		
4	1	3	3	62	581	372	8	131	59	84	38	46	6		
4	1	3	3	63	391	530	12	219	119	83	39	49	9		
4	1	3	3	64	533	333	12	102	74	78	25	31	11		
4	1	3	3	65	539	347	9	108	86	63	38	36	7		
4	1	3	3	66	612	381	4	138	68	98	28	37	8		
4	1	3	3	67	490	295	5	69	63	72	27	51	8		
4	1	3	3	68	546	360	1	106	111	77	34	24	7		
4	1	3	3	69	514	320	7	75	77	83	30	45	3		
4	1	3	3	70	577	338	7	80	97	72	34	41	7		
4	1	3	3	71	507	314	4	118	69	46	23	49	5		
4	1	3	3	72	615	408	7	173	69	86	25	32	16		
4	1	3	3	73	499	307	7	116	48	80	17	31	8		
4	1	3	3	74	438	282	5	87	47	75	26	30	12		
4	1	3	3	75	599	379	6	132	63	117	19	25	17		
4	1	3	3	76	325	202	5	52	55	54	12	22	2		
4	1	3	3	77	315	211	5	70	44	50	14	23	5		
4	1	3	3	78	575	347	4	106	71	73	27	57	9		
4	1	3	3	79	563	324	8	118	46	73	35	34	10		
4	1	3	3	80	459	259	2	90	45	81	18	17	6		
4	1	3	3	81	591	359	5	64	91	60	37	86	16		
4	1	3	3	82	521	319	4	81	88	81	25	33	7		
4	1	3	3	83	450	308	9	139	29	97	13	15	6		
4	1	3	3	84	955	590	14	145	155	118	68	77	13		
4	1	3	3	85	503	313	4	72	90	71	28	42	6		
4	1	3	3	86	488	298	11	60	101	57	32	25	12		
4	1	3	3	87	552	361	7	87	105	83	38	33	8		
4	1	3	3	88	511	352	4	78	113	83	30	29	15		
4	1	3	3	89	550	345	9	131	50	95	27	26	7		
4	1	3	3	90	567	365	8	85	104	94	22	42	10		
4	1	3	3	91	604	408	13	130	73	104	30	52	6		
4	1	3	3	92	575	308	5	123	30	88	21	32	9		
4	1	3	3	93	420	247	10	83	30	64	15	41	4		
4	1	3	3	94	536	343	13	125	61	95	23	19	7		
4	1	3	3	95	611	375	9	81	93	88	43	53	8		
4	1	3	3	96	714	436	11	139	76	118	29	55	8		
4	1	3	3	97	508	324	6	92	62	87	21	46	10		
4	1	3	3	98	690	358	6	132	56	100	32	27	5		
4	1	3	3	99	542	370	6	109	71	115	20	37	12		
4	1	3	3	100	435	284	4	52	86	79	27	25	11		
4	1	3	3	101	584	369	5	192	37	104	9	8	14		
4	1	3	3	102	519	295	15	163	14	81	6	10	6		
4	1	3	3	103	494	311	7	175	8	96	12	7	6		
4	1	3	3	104	519	346	6	107	60	99	26	41	7		
4	1	3	3	105	464	325	8	186	18	85	6	8	14		
4	1	3	3	106	389	133	3	57	8	50	6	4	5		
4	1	3	3	107	462	339	5	89	101	84	26	26	8		
4	1	3	3	108	472	366	13	69	148	75	24	31	6		
4	1	3	3	109	458	369	17	56	153	90	19	30	4		
4	1	3	3	110	880	560	6	240	70	83	54	91	16		
4	1	3	3	111	0	30	2	4	21	3	0	0	0		
4	1	3	3	112	0	27	2	16	1	6	2	0	0		
4	1	3	3	113	0	21	1	12	3	3	1	1	0		
4	1	3	3	114	0	45	6	15	16	5	0	1	2		
4	1	3	3	115	0	54	2	22	22	5	1	1	1		
4	1	4	4	0	0	437	8	79	157	54	57	74	8		
4	1	4	4	1	658	404	4	54	207	55	43	35	6		
4	1	4	4	2	587	392	3	84	151	57	23	66	8		
4	1	4	4	3	589	356	6	79	124	69	34	42	2		
4	1	4	4	4	628	412	6	108	105	43	56	84	10		
4	1	4	4	5	684	444	3	146	115	85	36	51	8		
4	1	4	4	6	482	309	0	71	105	46	25	53	9		
4	1	4	4	7	623	404	7	88	152	69	32	47	9		
4	1	4	4	8	571	357	13	80	95	74	26	64	5		
4	1	4	4	9	622	419	9	91	108	89	39	73	10		
4	1	4	4	10	615	409	4	69	164	81	33	48	10		
4	1	4	4	11	785	515	14	86	228	79	44	60	4		
4	1	4	4	12	684	450	7	101	164	75	25	73	5		
4	1	4	4	13	590	392	4	76	144	66	35	61	6		
4	1	4	4	14	563	364	5	154	83	73	15	29	5		
4	1	4	4	15	544	366	15	118	92	75	21	35	10		
4	1	4	4	16	640	395	6	97	130	65	43	50	4		
4	1	4	4	17	526	430	24	152	123	71	23	30	7		
4	1	4	4	18	642	403	7	117	126	88	20	37	8		
4	1	4	4	19	664	441	6	96	160	89	30	51	9		
4	1	4	4	20	609	404	8	75	168	62	39	44	8		
4	1	4	4	21	761	517	3	113	184	115	35	65	2		
4	1	4	4	22	812	521	6	151	156	124	32	48	4		
4	1	4	4	23	843	552	8	166	181	104	24	61	8		
4	1	4	4	24	695	439	8	79	176	70	44	54	8		
4	1	4	4	25	772	459	7	130	145	88	36	47	6		
4	1	4	4	26	614	357	11	135	79	73	29	27	3		
4	1	4	4	27	830	555	6	92	197	115	54	80	11		
4	1	4	4	28	731	427	5	87	158	65	39	65	8		
4	1	4	4	29	735	474	5	117	133	94	46	74	5		
4	1	4	4	30	570	373	3	106	123	65	27	43	6		
4	1	4	4	31	637	377	5	75	134	82	35	41	5		
4	1	4	4	32	761	502	12	100	210	76	48	53	3		
4	1	4	4	33	685	443	9	68	195	70	46	51	4		
4	1	5	5	0	0	570	14	189	112	102	38	100	15		
4	1	5	5	1	644	384	7	84	83	91	36	76	7		
4	1	5	5	2	604	379	5	131	78	90	28	42	5		
4	1	5	5	3	590	380	7	90	89	67	37	81	9		
4	1	5	5	4	781	480	12	112	107	122	55	60	12		
4	1	5	5	5	746	422	17	106	73	114	28	71	13		
4	1	5	5	6	613	474	20	157	96	93	35	66	7		
4	1	5	5	7	617	357	3	103	61	104	36	46	4		
4	1	5	5	8	649	407	9	117	77	117	47	32	8		
4	1	5	5	9	613	390	12	115	90	90	38	40	5		
4	1	5	5	10	647	420	10	114	91	122	18	55	10		
4	1	5	5	11	485	293	1	62	70	93	31	33	3		
4	1	5	5	12	516	312	12	77	64	71	28	56	4		
4	1	5	5	13	592	395	7	176	59	94	24	25	10		
4	1	5	5	14	600	389	6	164	59	99	18	32	11		
4	1	5	5	15	620	406	5	168	63	106	30	28	6		
4	1	5	5	16	561	326	8	126	45	86	22	31	8		
4	1	5	5	17	737	509	12	231	76	119	30	34	7		
4	1	5	5	18	615	402	16	211	21	117	12	12	13		
4	1	5	5	19	562	386	10	135	75	103	27	31	5		
4	1	5	5	20	486	279	7	95	50	64	26	32	5		
4	1	5	5	21	859	501	18	168	81	139	41	44	10		
4	1	5	5	22	664	409	6	155	44	117	32	47	8		
4	1	5	5	23	739	438	7	134	85	107	24	76	5		
4	1	5	5	24	739	461	9	121	91	118	44	72	6		
4	1	5	5	25	763	466	15	140	83	122	35	59	12		
4	1	5	5	26	587	401	8	106	105	82	36	55	9		
4	1	5	5	27	500	319	13	81	54	67	47	49	8		
4	1	5	5	28	807	519	12	155	85	138	54	67	8		
4	1	5	5	29	519	353	5	87	83	73	33	63	9		
4	1	5	5	30	740	428	14	89	141	102	40	36	6		
4	1	5	5	31	824	495	13	110	116	125	43	80	8		
4	1	5	5	32	461	269	6	62	65	54	27	46	9		
4	1	5	5	33	402	254	3	93	38	71	20	26	3		
4	1	5	5	34	471	276	1	82	58	75	19	33	8		
4	1	5	5	35	427	269	8	98	45	63	16	31	8		
4	1	5	5	36	424	248	5	88	30	85	16	23	1		
4	1	5	5	37	556	326	6	86	63	96	27	43	5		
4	1	5	5	38	608	368	7	128	70	84	19	48	12		
4	1	5	5	39	440	259	7	88	32	87	9	30	6		
4	1	5	5	40	627	374	6	120	63	99	34	46	6		
4	1	5	5	41	571	348	18	108	49	106	20	43	4		
4	1	5	5	42	538	289	6	116	29	95	9	24	10		
4	1	5	5	43	634	413	14	137	72	143	20	23	4		
4	1	5	5	44	479	297	11	135	21	101	10	11	8		
4	1	5	5	45	397	236	7	122	21	67	9	6	4		
4	1	5	5	46	942	599	15	296	35	206	15	22	10		
4	1	5	5	47	522	365	8	183	27	120	13	11	3		
4	1	5	5	48	626	414	14	185	38	152	11	9	5		
4	1	5	5	49	644	399	6	129	92	112	27	26	7		
4	1	5	5	50	506	314	8	99	54	81	27	39	6		
4	1	5	5	51	569	368	10	117	86	96	22	32	5		
4	1	5	5	52	629	375	11	113	75	92	31	41	12		
4	1	5	5	53	572	360	4	120	71	87	28	45	5		
4	1	5	5	54	619	379	13	98	86	82	35	51	14		
4	1	5	5	55	518	345	5	122	57	82	35	40	4		
4	1	5	5	56	482	307	5	86	69	79	26	38	4		
4	1	5	5	57	0	34	1	2	29	1	0	1	0		
4	1	6	6	0	0	460	8	123	117	62	41	106	3		
4	1	6	6	1	555	367	7	84	140	53	25	58	0		
4	1	6	6	2	638	403	12	104	149	71	22	44	1		
4	1	6	6	3	755	475	5	96	176	87	38	70	3		
4	1	6	6	4	757	502	7	108	192	91	27	75	2		
4	1	6	6	5	674	395	10	135	94	79	25	48	4		
4	1	6	6	6	718	430	13	83	152	82	28	71	1		
4	1	6	6	7	742	427	9	120	103	78	35	77	5		
4	1	6	6	8	688	468	7	93	223	72	26	45	2		
4	1	6	6	9	731	469	7	88	189	63	59	60	3		
4	1	6	6	10	630	412	8	89	130	77	39	65	4		
4	1	6	6	11	733	432	6	91	170	56	38	69	2		
4	1	6	6	12	377	243	4	54	63	35	23	61	3		
4	1	6	6	13	559	352	6	80	106	73	34	50	3		
4	1	6	6	14	739	507	22	177	151	79	34	39	5		
4	1	6	6	15	497	313	5	64	113	50	35	43	3		
4	1	6	6	16	463	311	4	77	129	41	22	36	2		
4	1	6	6	17	801	519	16	125	182	83	34	68	11		
4	1	6	6	18	693	520	15	138	177	79	41	66	4		
4	1	6	6	19	727	455	13	96	152	70	38	82	4		
4	1	6	6	20	748	438	8	94	131	91	42	66	6		
4	1	6	6	21	695	440	8	56	183	75	49	67	2		
4	1	6	6	22	558	318	5	61	122	53	42	35	0		
4	1	6	6	23	625	403	6	73	156	48	51	68	1		
4	1	6	6	24	541	340	1	78	126	43	36	54	2		
4	1	6	6	25	711	441	10	107	113	81	48	77	5		
4	1	6	6	26	653	424	8	126	110	80	36	58	6		
4	1	6	6	27	562	354	7	79	111	62	38	50	7		
4	1	6	6	28	598	369	3	79	115	60	45	65	2		
4	1	6	6	29	677	440	26	86	151	62	29	86	0		
4	1	6	6	30	752	411	6	102	115	74	37	71	6		
4	1	6	6	31	673	409	5	157	92	78	26	46	5		
4	1	6	6	32	663	445	13	108	152	97	34	33	8		
4	1	6	6	33	0	0	0	0	0	0	0	0	0		
4	1	7	7	0	0	462	13	123	102	62	41	111	10		
4	1	7	7	1	427	291	4	67	84	63	24	44	5		
4	1	7	7	2	373	247	5	54	43	54	32	56	3		
4	1	7	7	3	519	343	11	86	71	56	33	79	7		
4	1	7	7	4	702	481	7	97	114	86	58	92	27		
4	1	7	7	5	595	365	5	69	86	74	58	62	11		
4	1	7	7	6	612	355	2	102	74	71	35	65	6		
4	1	7	7	7	515	321	3	82	84	36	46	56	14		
4	1	7	7	8	700	422	4	111	79	90	46	75	17		
4	1	7	7	9	335	215	5	62	44	44	15	42	3		
4	1	7	7	10	365	239	4	54	41	38	15	68	19		
4	1	7	7	11	549	356	10	85	70	79	36	65	11		
4	1	7	7	12	699	419	5	98	94	70	46	93	13		
4	1	7	7	13	529	294	0	66	65	54	30	73	6		
4	1	7	7	14	579	368	9	98	64	87	30	72	8		
4	1	7	7	15	597	398	6	110	81	75	36	79	11		
4	1	7	7	16	684	450	6	136	74	71	52	101	10		
4	1	7	7	17	509	375	4	97	107	52	41	69	5		
4	1	7	7	18	517	311	4	84	47	44	40	82	10		
4	1	7	7	19	713	535	9	235	81	93	40	66	11		
4	1	7	7	20	629	469	17	203	105	71	21	40	12		
4	1	7	7	21	570	339	3	102	65	80	26	61	2		
4	1	7	7	22	655	417	16	86	82	96	41	79	17		
4	1	7	7	23	629	405	5	77	113	87	53	58	12		
4	1	7	7	24	586	358	4	77	79	73	44	72	9		
4	1	7	7	25	477	299	6	84	44	63	18	71	13		
4	1	7	7	26	686	452	8	123	105	101	42	63	10		
4	1	7	7	27	738	488	6	124	102	96	51	98	11		
4	1	7	7	28	507	324	4	94	70	66	24	59	7		
4	1	7	7	29	404	256	5	39	64	56	31	57	4		
4	1	7	7	30	571	322	7	95	51	65	32	62	10		
4	1	7	7	31	652	384	5	105	51	127	46	40	10		
4	1	7	7	32	592	358	4	90	80	75	37	58	14		
4	1	7	7	33	600	347	7	102	69	80	22	63	4		
4	1	7	7	34	591	346	5	85	91	66	35	52	12		
4	1	7	7	35	431	293	12	124	42	44	23	41	7		
4	1	7	7	36	562	364	10	72	79	63	51	77	12		
4	1	7	7	37	363	175	2	42	64	29	17	19	2		
4	1	8	8	0	0	342	12	87	71	35	45	70	22		
4	1	8	8	1	556	354	4	93	79	57	34	61	26		
4	1	8	8	2	650	445	8	95	120	67	46	73	36		
4	1	8	8	3	587	370	6	54	106	58	38	63	45		
4	1	8	8	4	516	341	2	60	98	65	34	60	22		
4	1	8	8	5	373	240	2	46	63	41	27	37	24		
4	1	8	8	6	417	264	2	67	61	29	39	40	26		
4	1	8	8	7	502	340	4	46	118	53	39	38	42		
4	1	8	8	8	577	379	5	79	105	61	28	54	47		
4	1	8	8	9	629	409	5	102	122	61	40	45	34		
4	1	8	8	10	463	314	8	93	78	37	32	40	26		
4	1	8	8	11	330	220	1	42	61	33	26	29	28		
4	1	8	8	12	441	309	3	51	98	47	33	52	25		
4	1	8	8	13	349	246	11	31	92	53	21	25	13		
4	1	8	8	14	500	296	5	64	68	68	33	46	12		
4	1	8	8	15	330	213	4	38	53	32	21	39	26		
4	1	8	8	16	455	275	6	76	71	51	23	27	21		
4	1	8	8	17	407	249	0	46	80	45	18	37	23		
4	1	8	8	18	367	238	5	36	75	22	17	51	32		
4	1	8	8	19	518	367	0	52	101	55	37	53	69		
4	1	8	8	20	411	280	17	52	85	31	21	35	39		
4	1	8	8	21	536	323	3	87	72	49	27	66	19		
4	1	8	8	22	419	279	5	62	90	45	27	39	11		
4	1	8	8	23	535	358	6	81	101	71	26	49	24		
4	1	8	8	24	474	351	7	64	105	87	26	39	23		
4	1	8	8	25	342	210	4	37	57	37	32	30	13		
4	1	8	8	26	453	303	0	47	99	49	31	50	27		
4	1	8	8	27	678	434	4	88	117	76	34	83	32		
4	1	8	8	28	309	203	1	46	44	36	20	40	16		
4	1	8	8	29	478	315	4	73	90	48	39	30	31		
4	1	8	8	30	637	403	9	101	77	73	37	59	47		
4	1	8	8	31	263	185	3	35	52	29	27	30	9		
4	1	8	8	32	379	265	5	91	42	63	13	29	22		
4	1	8	8	33	359	251	4	45	77	42	32	32	19		
4	1	8	8	34	672	458	9	117	121	64	32	86	29		
4	1	8	8	35	555	365	4	76	80	73	31	65	36		
4	1	8	8	36	307	198	5	41	51	39	13	37	12		
4	1	8	8	37	349	213	2	68	31	48	19	28	17		
4	1	9	9	0	0	707	33	214	165	97	69	125	4		
4	1	9	9	1	826	507	7	125	175	82	47	66	5		
4	1	9	9	2	766	506	10	92	152	84	66	97	5		
4	1	9	9	3	955	579	11	174	130	113	58	82	11		
4	1	9	9	4	788	541	14	134	157	93	47	89	7		
4	1	9	9	5	694	440	10	134	97	83	38	69	9		
4	1	9	9	6	848	556	17	125	141	120	56	92	5		
4	1	9	9	7	854	579	14	207	138	117	30	62	11		
4	1	9	9	8	883	538	8	165	149	94	56	58	8		
4	1	9	9	9	780	467	10	104	125	112	31	77	8		
4	1	9	9	10	675	395	10	92	122	69	34	65	3		
4	1	9	9	11	781	475	11	235	48	101	29	46	5		
4	1	9	9	12	887	505	16	133	124	108	32	86	6		
4	1	9	9	13	670	488	7	223	73	102	24	47	12		
4	1	9	9	14	703	447	9	176	65	100	29	61	7		
4	1	9	9	15	647	431	12	176	57	86	36	55	9		
4	1	9	9	16	606	394	7	140	69	85	38	49	6		
4	1	9	9	17	750	446	8	122	107	96	44	62	7		
4	1	9	9	18	837	508	15	156	82	135	49	68	3		
4	1	9	9	19	826	480	8	142	123	96	48	54	9		
4	1	9	9	20	864	520	12	153	129	104	36	75	11		
4	1	9	9	21	836	507	7	155	124	113	42	62	4		
4	1	9	9	22	841	535	10	122	156	120	45	75	7		
4	1	9	9	23	897	563	11	122	157	114	65	77	17		
4	1	9	9	24	925	635	7	135	196	150	63	79	5		
4	1	9	9	25	908	536	9	124	167	80	52	89	15		
4	1	9	9	26	912	582	8	118	130	127	58	133	8		
4	1	9	9	27	796	504	16	91	183	69	59	75	11		
4	1	9	9	28	843	498	4	97	195	56	59	85	2		
4	1	9	9	29	926	579	11	134	183	110	53	81	7		
4	1	9	9	30	908	535	7	136	144	87	60	86	15		
4	1	9	9	31	887	564	7	103	219	109	67	54	5		
4	1	9	9	32	913	574	7	88	244	83	73	71	8		
4	1	9	9	33	862	551	5	130	171	127	45	70	3		
4	1	9	9	34	683	397	11	117	96	72	37	61	3		
4	1	9	9	35	607	361	3	102	95	67	28	58	8		
4	1	9	9	36	691	410	14	109	95	96	38	50	8		
4	1	9	9	37	351	162	5	64	13	28	21	24	7		
4	1	9	9	38	0	0	0	0	0	0	0	0	0		
4	1	9	9	39	0	0	0	0	0	0	0	0	0		
4	1	9	9	40	0	0	0	0	0	0	0	0	0		
4	1	9	9	41	0	0	0	0	0	0	0	0	0		
4	1	9	9	42	0	0	0	0	0	0	0	0	0		
4	1	9	9	43	0	15	2	8	4	1	0	0	0		
4	1	9	9	44	0	0	0	0	0	0	0	0	0		
4	1	9	9	45	0	0	0	0	0	0	0	0	0		
4	1	9	9	46	0	0	0	0	0	0	0	0	0		
4	1	9	9	47	0	0	0	0	0	0	0	0	0		
4	1	9	9	48	0	37	0	11	6	9	1	6	4		
4	1	10	10	0	0	1239	38	612	128	246	74	109	32		
4	1	10	10	1	558	332	5	124	58	101	17	20	7		
4	1	10	10	2	472	352	7	140	38	75	49	40	3		
4	1	10	10	3	441	323	8	153	19	85	24	28	6		
4	1	10	10	4	573	332	16	106	39	104	24	35	8		
4	1	10	10	5	344	195	5	77	41	57	7	4	4		
4	1	10	10	6	510	338	6	153	37	96	18	19	9		
4	1	10	10	7	499	319	8	107	54	100	14	29	7		
4	1	10	10	8	324	207	1	70	26	61	17	26	6		
4	1	10	10	9	370	231	7	67	45	74	16	14	8		
4	1	10	10	10	356	233	11	76	63	64	5	9	5		
4	1	10	10	11	277	186	3	57	27	63	9	23	4		
4	1	10	10	12	355	211	5	104	15	67	9	9	2		
4	1	10	10	13	376	223	3	86	36	58	17	16	7		
4	1	10	10	14	291	443	14	270	46	93	8	8	4		
4	1	10	10	15	443	259	11	96	27	81	18	19	7		
4	1	10	10	16	613	407	10	156	33	146	31	30	1		
4	1	10	10	17	318	221	3	87	37	68	8	13	5		
4	1	10	10	18	290	185	3	96	6	51	7	19	3		
4	1	10	10	19	502	313	11	155	18	90	16	17	6		
4	1	10	10	20	523	347	6	121	90	90	17	18	5		
4	1	10	10	21	332	196	8	71	14	80	11	7	5		
4	1	10	10	22	260	169	6	92	10	51	2	8	0		
4	1	10	10	23	595	390	16	141	43	119	39	26	6		
4	1	10	10	24	322	206	4	67	40	68	11	14	2		
4	1	10	10	25	371	247	7	96	33	84	9	14	4		
4	1	10	10	26	344	224	8	88	26	68	16	11	7		
4	1	10	10	27	294	166	3	90	11	50	8	4	0		
4	1	10	10	28	425	197	0	87	13	73	8	13	3		
4	1	10	10	29	436	250	8	95	17	89	25	11	5		
4	1	10	10	30	458	269	6	135	14	91	5	11	7		
4	1	10	10	31	342	227	7	82	23	68	24	17	6		
4	1	10	10	32	418	274	10	85	40	94	20	20	5		
4	1	10	10	33	470	278	10	67	54	105	18	21	3		
4	1	10	10	34	398	277	4	84	66	80	18	22	3		
4	1	10	10	35	605	346	5	135	59	94	23	18	12		
4	1	10	10	36	539	462	12	189	60	89	46	54	12		
4	1	10	10	37	607	345	11	108	61	115	18	27	5		
4	1	10	10	38	572	376	13	189	26	108	21	10	9		
4	1	10	10	39	281	198	7	105	15	52	9	6	4		
4	1	10	10	40	625	374	6	202	19	120	12	12	3		
4	1	10	10	41	315	183	4	96	7	56	5	11	4		
4	1	10	10	42	350	221	9	105	13	68	10	11	5		
4	1	10	10	43	391	233	11	103	11	88	8	8	4		
4	1	10	10	44	348	216	8	119	10	59	9	7	4		
4	1	10	10	45	402	225	5	92	21	69	11	18	9		
4	1	10	10	46	184	100	2	36	8	44	5	4	1		
4	1	10	10	47	389	220	2	77	23	73	18	24	3		
4	1	10	10	48	510	285	8	159	12	84	6	11	5		
4	1	10	10	49	413	234	7	102	14	79	12	18	2		
4	1	10	10	50	473	310	9	119	33	113	19	14	3		
4	1	10	10	51	526	330	3	139	48	94	23	18	5		
4	1	10	10	52	421	281	10	131	18	95	12	11	4		
4	1	10	10	53	388	241	9	115	31	74	3	7	2		
4	1	10	10	54	372	209	9	83	29	64	11	9	4		
4	1	10	10	55	439	261	6	90	27	107	17	11	3		
4	1	10	10	56	677	470	9	186	39	158	31	38	9		
4	1	10	10	57	578	399	7	144	61	123	22	34	8		
4	1	10	10	58	431	265	5	136	17	62	16	20	9		
4	1	10	10	59	364	289	7	134	30	87	10	13	8		
4	1	10	10	60	344	232	7	119	12	71	4	15	4		
4	1	10	10	61	414	237	7	98	34	75	8	13	2		
4	1	10	10	62	327	156	5	58	25	44	12	7	5		
4	1	10	10	63	415	277	4	90	58	82	17	17	9		
4	1	10	10	64	437	262	11	108	28	78	15	19	3		
4	1	10	10	65	407	219	11	72	33	77	6	16	4		
4	1	10	10	66	392	232	6	91	39	67	14	12	3		
4	1	10	10	67	647	430	15	173	28	107	58	42	7		
4	1	10	10	68	440	278	3	118	37	75	18	18	9		
4	1	10	10	69	355	206	12	66	24	67	14	14	9		
4	1	10	10	70	409	267	10	108	34	91	10	7	7		
4	1	10	10	71	369	200	14	82	15	66	8	11	4		
4	1	10	10	72	658	414	14	126	60	120	38	50	6		
4	1	10	10	73	478	298	4	119	40	92	20	18	5		
4	1	10	10	74	528	341	10	140	29	117	20	16	9		
4	1	10	10	75	620	419	10	182	47	133	22	19	6		
4	1	10	10	76	553	369	9	155	34	124	15	27	5		
4	1	10	10	77	602	376	4	169	55	99	17	23	9		
4	1	10	10	78	621	380	8	137	46	128	31	24	6		
4	1	10	10	79	445	276	4	88	34	103	24	13	10		
4	1	10	10	80	506	342	12	155	34	116	10	9	6		
4	1	10	10	81	459	290	6	158	14	91	9	9	3		
4	1	10	10	82	397	214	8	103	16	63	7	11	6		
4	1	10	10	83	362	227	3	125	9	70	7	13	0		
4	1	10	10	84	581	366	7	174	40	95	22	25	3		
4	1	10	10	85	528	358	8	167	38	106	23	15	1		
4	1	10	10	86	551	322	4	127	59	74	29	23	6		
4	1	10	10	87	376	216	0	91	23	70	11	19	2		
4	1	10	10	88	467	265	5	109	28	78	17	25	3		
4	1	10	10	89	526	298	8	111	20	111	18	23	7		
4	1	10	10	90	724	534	30	303	34	121	13	25	8		
4	1	10	10	91	531	377	6	176	20	123	26	19	7		
4	1	10	10	92	366	203	5	72	21	66	14	21	4		
4	1	10	10	93	275	169	4	46	40	54	8	15	2		
4	1	10	10	94	513	331	10	155	38	97	12	12	7		
4	1	10	10	95	665	430	7	237	33	100	24	21	8		
4	1	10	10	96	431	276	19	146	11	82	5	11	2		
4	1	10	10	97	452	291	10	131	30	92	10	14	4		
4	1	10	10	98	317	214	5	122	14	57	9	4	3		
4	1	10	10	99	379	229	7	83	32	75	8	21	3		
4	1	10	10	100	497	309	6	133	29	102	19	13	7		
4	1	10	10	101	495	298	6	149	14	94	13	12	10		
4	1	10	10	102	477	253	9	102	12	107	13	7	3		
4	1	10	10	103	354	233	6	115	25	60	11	9	7		
4	1	10	10	104	482	262	6	98	39	87	10	15	7		
4	1	10	10	105	517	332	10	156	24	96	15	23	8		
4	1	10	10	106	614	424	8	219	39	120	16	15	7		
4	1	10	10	107	582	376	4	112	64	132	27	32	5		
4	1	10	10	108	587	339	4	145	26	125	14	18	7		
4	1	10	10	109	461	322	9	124	45	89	28	24	3		
4	1	10	10	110	478	286	10	108	19	126	14	9	0		
4	1	10	10	111	677	477	7	235	29	167	21	15	3		
4	1	10	10	112	501	300	10	137	8	118	9	10	8		
4	1	10	10	113	282	161	4	80	14	53	4	3	3		
4	1	10	10	114	465	343	6	184	21	100	8	15	9		
4	1	10	10	115	570	391	11	161	53	97	36	25	8		
4	1	10	10	116	505	336	2	90	92	113	22	11	6		
4	1	10	10	117	487	322	7	142	50	91	21	9	2		
4	1	10	10	118	554	396	12	188	28	140	18	8	2		
4	1	10	10	119	535	372	10	206	28	94	13	14	7		
4	1	10	10	120	401	273	2	132	21	92	13	9	4		
4	1	10	10	121	610	382	9	135	48	119	35	33	3		
4	1	10	10	122	481	343	7	166	42	70	29	22	7		
4	1	10	10	123	327	170	2	62	16	56	16	17	1		
4	1	10	10	124	468	316	11	112	53	95	25	13	7		
4	1	10	10	125	421	254	11	120	18	86	6	11	2		
4	1	10	10	126	477	236	5	120	16	81	7	2	5		
4	1	10	10	127	556	342	9	152	42	89	19	25	6		
4	1	10	10	128	396	278	5	75	84	67	24	17	6		
4	1	10	10	129	376	229	5	125	16	58	10	7	8		
4	1	10	10	130	354	231	7	131	13	58	11	5	6		
4	1	10	10	131	358	228	8	118	12	74	8	3	5		
4	1	10	10	132	458	320	8	150	19	113	10	7	13		
4	1	10	10	133	350	243	6	101	35	80	9	7	5		
4	1	10	10	134	476	364	19	170	48	90	19	13	5		
4	1	10	10	135	375	282	11	152	14	88	2	10	5		
4	1	10	10	136	367	260	6	104	40	76	12	16	6		
4	1	10	10	137	315	170	10	60	28	49	12	8	3		
4	1	10	10	138	651	412	13	186	45	106	21	30	11		
4	1	10	10	139	638	471	13	219	40	130	37	18	14		
4	1	10	10	140	598	406	9	188	30	139	12	18	10		
4	1	10	10	141	666	430	8	191	25	139	27	26	14		
4	1	10	10	142	584	350	8	173	22	113	10	11	13		
4	1	10	10	143	674	432	12	182	43	146	24	13	12		
4	1	10	10	144	568	361	19	174	28	101	12	16	11		
4	1	10	10	145	354	193	8	86	8	73	8	4	6		
4	1	10	10	146	459	264	8	128	14	80	16	14	4		
4	1	10	10	147	467	243	4	122	7	85	13	8	4		
4	1	10	10	148	411	226	10	125	4	79	2	3	3		
4	1	10	10	149	312	170	5	90	4	56	6	4	5		
4	1	10	10	150	596	349	4	165	26	116	19	14	5		
4	1	10	10	151	440	286	8	87	53	91	21	19	7		
4	1	10	10	152	566	348	5	130	45	104	34	20	10		
4	1	10	10	153	531	358	12	184	16	113	12	16	5		
4	1	10	10	154	454	297	9	97	52	91	21	19	8		
4	1	10	10	155	584	416	8	158	49	153	24	14	10		
4	1	10	10	156	463	339	8	132	31	103	25	33	7		
4	1	10	10	157	538	387	6	175	47	110	28	17	4		
4	1	10	10	158	588	404	6	204	25	129	21	12	7		
4	1	10	10	159	458	315	8	140	31	84	28	20	4		
4	1	10	10	160	524	367	8	165	34	118	18	19	5		
4	1	10	10	161	241	163	3	54	27	61	6	9	3		
4	1	10	10	162	442	332	6	179	21	84	16	18	8		
4	1	10	10	163	503	361	6	193	20	107	17	14	4		
4	1	10	10	164	398	235	9	124	6	79	7	6	4		
4	1	10	10	165	450	260	10	129	8	92	14	7	0		
4	1	10	10	166	461	320	16	168	24	65	22	17	8		
4	1	10	10	167	550	440	10	240	37	94	28	23	8		
4	1	10	10	168	518	375	5	199	22	109	16	14	10		
4	1	10	10	169	635	495	16	191	55	125	51	47	10		
4	1	10	10	170	565	426	6	157	64	132	33	27	7		
4	1	10	10	171	597	371	3	209	20	113	3	14	9		
4	1	10	10	172	451	303	8	160	24	83	10	14	4		
4	1	10	10	173	432	313	4	177	15	79	14	17	7		
4	1	10	10	174	541	368	9	179	43	95	20	15	7		
4	1	10	10	175	458	333	6	164	23	101	15	18	6		
4	1	10	10	176	471	329	12	172	21	82	17	17	8		
4	1	10	10	177	356	261	4	137	11	76	11	16	6		
4	1	10	10	178	385	279	0	136	15	92	17	16	3		
4	1	10	10	179	419	289	10	150	23	74	11	13	8		
4	1	10	10	180	378	188	5	93	6	68	4	8	4		
4	1	10	10	181	499	263	5	140	8	83	7	13	7		
4	1	10	10	182	465	238	12	109	4	84	13	12	4		
4	1	10	10	183	531	298	13	138	25	84	15	15	8		
4	1	10	10	184	577	419	23	183	47	118	23	13	12		
4	1	10	10	185	756	501	8	208	46	185	20	25	9		
4	1	10	10	186	556	398	7	190	42	111	26	15	7		
4	1	10	10	187	492	353	13	199	12	92	20	13	4		
4	1	10	10	188	496	335	15	173	27	89	15	12	4		
4	1	10	10	189	454	282	6	139	26	78	12	18	3		
4	1	10	10	190	424	319	5	198	26	60	15	14	1		
4	1	10	10	191	368	264	8	116	27	79	15	18	1		
4	1	10	10	192	451	299	8	155	14	98	6	13	5		
4	1	10	10	193	415	289	13	152	19	79	12	12	2		
4	1	10	10	194	426	301	9	143	24	84	15	20	6		
4	1	10	10	195	356	258	3	139	16	76	14	8	2		
4	1	10	10	196	348	254	7	128	17	71	9	16	6		
4	1	10	10	197	607	417	14	210	23	147	8	5	10		
4	1	10	10	198	502	351	15	163	33	106	12	20	2		
4	1	10	10	199	588	409	5	207	46	117	13	17	4		
4	1	10	10	200	551	426	27	224	38	110	9	11	7		
4	1	10	10	201	578	401	10	204	30	126	15	8	8		
4	1	10	10	202	528	371	13	200	27	98	15	14	4		
4	1	10	10	203	521	360	15	171	24	124	8	15	3		
4	1	10	10	204	631	415	10	215	33	134	7	9	7		
4	1	10	10	205	559	366	9	177	35	104	15	16	10		
4	1	10	10	206	625	416	14	183	35	137	17	22	8		
4	1	10	10	207	579	376	10	196	28	108	9	20	5		
4	1	10	10	208	539	387	5	187	24	127	18	15	11		
4	1	10	10	209	499	334	6	166	21	114	11	8	8		
4	1	10	10	210	341	254	6	111	35	69	13	12	8		
4	1	10	10	211	458	315	12	130	27	108	16	14	8		
4	1	10	10	212	688	495	10	204	33	149	39	54	6		
4	1	10	10	213	835	612	17	191	144	176	35	43	6		
4	1	10	10	214	395	313	6	117	64	87	17	16	6		
4	1	10	10	215	370	262	6	64	87	66	17	19	3		
4	1	10	10	216	476	347	5	117	93	79	20	23	10		
4	1	10	10	217	594	427	6	131	123	113	26	25	3		
4	1	10	10	218	764	565	10	155	152	166	30	45	7		
4	1	10	10	219	390	298	7	127	25	85	28	23	3		
4	1	10	10	220	504	369	4	112	66	91	46	42	8		
4	1	10	10	221	207	151	3	74	14	41	4	13	2		
4	1	10	10	222	407	303	6	127	25	101	18	24	2		
4	1	10	10	223	356	234	3	112	22	66	12	13	6		
4	1	10	10	224	641	456	10	195	26	143	47	23	12		
4	1	10	10	225	407	288	4	144	21	77	18	21	3		
4	1	10	10	226	583	441	14	275	27	97	9	10	9		
4	1	10	10	227	584	360	7	161	22	113	25	21	11		
4	1	10	10	228	639	389	8	172	35	136	16	19	3		
4	1	10	10	229	573	345	10	157	16	124	19	14	5		
4	1	10	10	230	549	360	6	153	15	138	19	15	14		
4	1	10	10	231	678	456	9	170	36	143	49	43	6		
4	1	10	10	232	111	44	2	20	1	16	3	2	0		
4	1	10	10	233	312	236	5	80	16	72	33	25	5		
4	1	10	10	234	0	27	3	19	1	4	0	0	0		
4	1	10	10	235	0	37	2	23	1	10	0	0	1		
4	1	10	10	236	0	46	3	23	5	14	0	0	1		
4	1	10	10	237	0	54	6	10	29	8	0	1	0		
4	1	10	10	238	0	46	0	15	5	12	5	6	3		
4	1	10	10	239	0	18	0	9	1	4	2	1	1		
4	1	11	11	0	0	620	15	315	73	138	34	38	7		
4	1	11	11	1	607	407	11	223	26	115	13	12	7		
4	1	11	11	2	809	471	9	233	35	157	15	16	6		
4	1	11	11	3	454	314	7	131	35	88	31	18	4		
4	1	11	11	4	678	491	20	310	18	109	16	13	5		
4	1	11	11	5	489	364	4	204	15	88	15	29	9		
4	1	11	11	6	444	358	8	226	8	68	24	12	12		
4	1	11	11	7	653	398	13	154	58	125	17	25	6		
4	1	11	11	8	373	217	5	69	44	64	11	23	1		
4	1	11	11	9	360	253	2	96	42	86	13	12	2		
4	1	11	11	10	522	324	8	124	43	112	18	17	2		
4	1	11	11	11	487	333	9	133	57	79	32	19	4		
4	1	11	11	12	759	535	7	273	6	204	18	14	13		
4	1	11	11	13	324	250	7	99	47	64	12	15	6		
4	1	11	11	14	309	209	4	87	20	73	14	7	4		
4	1	11	11	15	703	401	14	172	29	128	21	30	7		
4	1	11	11	16	424	291	7	135	9	114	13	12	1		
4	1	11	11	17	383	278	7	168	18	72	2	8	3		
4	1	11	11	18	373	248	7	136	11	73	10	9	2		
4	1	11	11	19	335	203	15	108	6	61	3	5	5		
4	1	11	11	20	445	288	23	141	12	98	8	5	1		
4	1	11	11	21	438	319	9	156	19	90	20	20	5		
4	1	11	11	22	559	396	15	190	44	104	20	19	4		
4	1	11	11	23	853	577	17	255	39	198	32	25	11		
4	1	11	11	24	435	319	10	145	7	113	18	18	8		
4	1	11	11	25	283	173	3	92	9	59	3	6	1		
4	1	11	11	26	431	298	4	136	31	84	14	21	8		
4	1	11	11	27	334	242	7	142	16	62	4	5	6		
4	1	11	11	28	478	349	13	185	21	101	14	12	3		
4	1	11	11	29	628	429	9	180	64	120	25	26	5		
4	1	11	11	30	491	372	12	222	22	81	18	9	8		
4	1	11	11	31	570	394	10	145	82	114	22	21	0		
4	1	11	11	32	481	343	12	113	80	98	20	16	4		
4	1	11	11	33	571	374	8	173	29	122	21	17	4		
4	1	11	11	34	603	393	14	142	59	108	31	33	6		
4	1	11	11	35	516	361	10	155	50	106	12	24	4		
4	1	11	11	36	529	378	5	152	101	78	21	16	5		
4	1	11	11	37	459	345	9	165	33	109	9	8	12		
4	1	11	11	38	511	363	8	171	30	79	34	37	4		
4	1	11	11	39	899	475	9	214	72	131	23	21	5		
4	1	11	11	40	603	438	15	175	49	153	25	14	7		
4	1	11	11	41	317	232	3	97	44	65	10	12	1		
4	1	11	11	42	531	384	9	119	85	108	35	26	2		
4	1	11	11	43	843	621	11	267	60	188	38	49	8		
4	1	11	11	44	484	382	10	209	26	100	15	15	7		
4	1	11	11	45	193	156	2	57	33	41	13	10	0		
4	1	11	11	46	554	338	4	156	36	91	27	20	4		
4	1	11	11	47	677	491	11	192	67	138	42	28	13		
4	1	11	11	48	592	426	8	221	26	108	31	29	3		
4	1	11	11	49	494	354	6	167	37	84	27	29	4		
4	1	11	11	50	400	287	5	74	63	91	22	28	4		
4	1	11	11	51	490	367	8	197	26	101	15	19	1		
4	1	11	11	52	71	227	6	134	30	50	0	4	3		
4	1	11	11	53	289	211	8	70	30	77	5	19	2		
4	1	11	11	54	612	447	23	235	30	130	10	13	6		
4	1	11	11	55	614	430	16	225	22	133	17	8	9		
4	1	11	11	56	629	450	9	241	16	155	11	12	6		
4	1	11	11	57	727	440	18	206	19	152	19	17	9		
4	1	11	11	58	430	268	6	123	5	116	3	8	7		
4	1	11	11	59	557	438	7	223	34	102	34	32	6		
4	1	11	11	60	717	495	15	294	19	140	5	15	7		
4	1	11	11	61	633	454	11	207	67	126	18	15	10		
4	1	11	11	62	439	293	7	152	7	109	9	6	3		
4	1	11	11	63	402	265	5	144	6	92	11	4	3		
4	1	11	11	64	502	339	7	154	32	109	17	16	4		
4	1	11	11	65	363	223	1	101	20	73	9	15	4		
4	1	11	11	66	436	266	8	115	26	96	10	11	0		
4	1	11	11	67	302	204	2	108	14	60	6	12	2		
4	1	11	11	68	555	383	18	176	35	107	21	18	8		
4	1	11	11	69	220	182	5	41	96	28	6	3	3		
4	1	11	11	70	625	433	9	151	100	122	28	19	4		
4	1	11	11	71	762	526	19	172	73	162	54	43	3		
4	1	11	11	72	881	537	27	285	27	158	16	13	11		
4	1	11	11	73	473	277	5	147	11	92	5	10	7		
4	1	11	11	74	317	250	5	122	22	52	19	21	9		
4	1	11	11	75	428	253	6	112	21	81	13	12	8		
4	1	11	11	76	310	236	5	124	26	56	8	14	3		
4	1	11	11	77	541	361	8	154	31	127	20	13	8		
4	1	11	11	78	578	346	10	170	12	116	16	16	6		
4	1	11	11	79	299	207	5	81	35	63	5	12	6		
4	1	11	11	80	737	503	16	244	30	171	16	17	9		
4	1	11	11	81	562	380	7	188	27	132	12	8	6		
4	1	11	11	82	591	367	10	148	27	147	17	14	4		
4	1	11	11	83	561	337	9	174	10	102	22	11	9		
4	1	11	11	84	709	476	5	223	25	176	25	15	7		
4	1	11	11	85	383	267	5	111	24	105	10	10	2		
4	1	11	11	86	438	285	6	115	27	98	21	12	6		
4	1	11	11	87	577	387	8	183	31	127	15	12	11		
4	1	11	11	88	680	473	7	203	40	167	29	26	1		
4	1	11	11	89	672	462	17	221	24	170	12	16	2		
4	1	11	11	90	414	260	16	132	9	82	11	1	9		
4	1	11	11	91	472	312	8	157	14	98	19	11	5		
4	1	11	11	92	462	316	4	151	20	111	14	9	7		
4	1	11	11	93	562	436	20	244	45	94	10	13	10		
4	1	11	11	94	466	302	17	123	18	111	14	10	9		
4	1	11	11	95	437	291	12	108	20	123	14	9	5		
4	1	11	11	96	476	353	7	183	14	115	25	6	3		
4	1	11	11	97	365	250	4	119	11	98	10	7	1		
4	1	11	11	98	723	483	7	228	24	177	18	20	9		
4	1	11	11	99	236	162	7	58	9	67	9	8	4		
4	1	12	12	0	0	851	14	347	109	189	81	94	17		
4	1	12	12	1	862	504	11	169	82	163	28	39	12		
4	1	12	12	2	870	581	3	223	91	172	44	38	10		
4	1	12	12	3	660	340	7	146	37	112	15	19	4		
4	1	12	12	4	648	380	9	115	61	116	30	42	7		
4	1	12	12	5	512	337	6	119	34	101	38	30	9		
4	1	12	12	6	727	429	10	200	26	139	25	22	7		
4	1	12	12	7	892	534	13	228	73	149	27	35	9		
4	1	12	12	8	861	495	13	189	73	137	33	42	8		
4	1	12	12	9	771	525	7	129	117	124	47	85	16		
4	1	12	12	10	870	540	10	181	87	141	42	66	13		
4	1	12	12	11	616	453	9	191	41	107	44	55	6		
4	1	12	12	12	543	409	7	150	44	90	56	52	10		
4	1	12	12	13	555	303	10	147	14	91	13	18	10		
4	1	12	12	14	708	456	12	202	40	135	22	32	13		
4	1	12	12	15	773	465	28	198	43	120	18	40	18		
4	1	12	12	16	550	341	11	126	34	98	25	40	7		
4	1	12	12	17	548	324	16	101	86	77	14	22	8		
4	1	12	12	18	853	479	8	178	72	162	23	21	15		
4	1	12	12	19	880	591	52	237	58	160	36	33	15		
4	1	12	12	20	872	562	9	194	69	187	43	33	27		
4	1	12	12	21	774	471	10	216	39	148	16	27	15		
4	1	12	12	22	908	554	40	184	95	152	33	36	14		
4	1	12	12	23	816	545	20	243	77	138	28	29	10		
4	1	12	12	24	761	516	9	203	88	122	35	47	12		
4	1	12	12	25	784	495	11	180	80	151	30	33	10		
4	1	12	12	26	713	465	10	191	65	141	26	24	8		
4	1	12	12	27	745	506	4	208	57	169	25	32	11		
4	1	12	12	28	606	356	17	120	39	92	24	51	13		
4	1	12	12	29	825	535	17	139	111	147	46	65	10		
4	1	12	12	30	763	494	15	173	85	122	41	49	9		
4	1	12	12	31	718	495	9	181	95	154	25	21	10		
4	1	12	12	32	725	421	13	145	72	99	31	51	10		
4	1	12	12	33	841	684	30	274	111	163	42	46	18		
4	1	12	12	34	733	441	10	131	79	115	37	60	9		
4	1	12	12	35	822	505	11	142	88	141	45	65	13		
4	1	12	12	36	731	484	9	112	126	116	51	59	11		
4	1	12	12	37	627	444	10	138	90	111	37	52	6		
4	1	12	12	38	582	351	5	53	118	88	40	42	5		
4	1	12	12	39	819	490	12	144	70	147	39	69	9		
4	1	12	12	40	838	506	21	169	99	133	25	44	15		
4	1	12	12	41	836	518	11	229	46	159	21	36	16		
4	1	12	12	42	869	518	5	216	41	185	22	37	12		
4	1	12	12	43	773	476	11	234	42	153	21	8	7		
4	1	12	12	44	681	541	8	219	115	118	40	34	7		
4	1	12	12	45	601	399	11	180	33	130	17	19	9		
4	1	12	12	46	601	433	13	214	43	98	29	27	9		
4	1	12	12	47	770	532	14	170	94	158	32	50	14		
4	1	12	12	48	882	620	16	168	129	152	53	91	11		
4	1	12	12	49	936	660	19	178	176	168	44	62	13		
4	1	12	12	50	835	574	10	157	147	124	45	70	21		
4	1	12	12	51	824	570	8	165	115	134	47	85	16		
4	1	12	12	52	710	508	5	116	135	139	37	65	11		
4	1	12	12	53	656	431	10	141	75	116	27	45	17		
4	1	12	12	54	716	563	15	264	57	136	33	38	20		
4	1	12	12	55	724	553	15	265	46	116	40	56	15		
4	1	12	12	56	317	256	9	177	29	37	1	3	0		
4	1	12	12	57	562	405	12	154	55	88	42	50	4		
4	1	12	12	58	628	427	16	155	62	127	32	26	9		
4	1	12	12	59	645	446	12	163	68	118	35	44	6		
4	1	12	12	60	695	445	11	144	75	120	35	48	12		
4	1	12	12	61	854	667	20	295	85	132	59	63	13		
4	1	12	12	62	753	485	18	151	81	155	20	44	16		
4	1	12	12	63	456	309	14	144	15	101	12	13	10		
4	1	12	12	64	765	479	16	180	60	143	31	31	18		
4	1	12	12	65	726	415	12	183	31	129	27	25	8		
4	1	12	12	66	735	424	14	205	15	145	18	21	6		
4	1	12	12	67	743	498	15	246	28	148	15	24	22		
4	1	12	12	68	748	445	18	240	19	128	20	10	10		
4	1	12	12	69	817	463	12	235	14	150	17	22	13		
4	1	12	12	70	669	417	11	210	25	143	5	13	10		
4	1	12	12	71	611	381	24	194	18	110	13	12	10		
4	1	12	12	72	703	473	11	234	57	113	29	21	8		
4	1	12	12	73	810	566	18	267	40	172	26	26	17		
4	1	12	12	74	530	380	6	194	30	108	16	19	7		
4	1	12	12	75	556	359	11	171	24	107	21	18	7		
4	1	12	12	76	793	497	10	200	33	190	32	25	7		
4	1	12	12	77	869	568	23	252	33	191	20	26	23		
4	1	12	12	78	778	481	6	217	32	176	25	14	11		
4	1	12	12	79	669	453	13	212	25	136	32	25	10		
4	1	13	13	0	0	746	13	237	247	98	79	66	6		
4	1	13	13	1	653	446	10	108	189	86	19	25	9		
4	1	13	13	2	680	446	5	143	134	85	33	39	7		
4	1	13	13	3	629	438	2	82	201	76	31	44	2		
4	1	13	13	4	613	401	5	44	193	62	46	42	9		
4	1	13	13	5	661	434	7	82	205	65	42	26	7		
4	1	13	13	6	752	652	13	239	205	114	32	35	14		
4	1	13	13	7	645	443	6	126	173	68	26	39	5		
4	1	13	13	8	663	480	5	46	277	78	39	30	5		
4	1	13	13	9	640	417	4	53	218	66	41	28	7		
4	1	13	13	10	479	364	4	56	193	51	30	29	1		
4	1	13	13	11	517	358	10	84	148	53	33	23	7		
4	1	13	13	12	586	384	5	68	168	71	33	35	4		
4	1	13	13	13	579	404	3	82	183	59	39	33	5		
4	1	13	13	14	737	533	7	163	171	103	39	43	7		
4	1	13	13	15	595	431	7	107	142	104	33	32	6		
4	1	13	13	16	652	436	7	112	167	74	29	39	8		
4	1	13	13	17	582	416	7	67	189	75	45	29	4		
4	1	13	13	18	597	467	13	83	236	70	20	37	8		
4	1	13	13	19	733	496	7	123	191	79	42	47	7		
4	1	13	13	20	672	469	10	171	143	88	36	14	7		
4	1	13	13	21	587	412	10	98	169	69	29	31	6		
4	1	13	13	22	583	471	13	145	203	63	28	16	3		
4	1	13	13	23	523	378	4	51	191	66	41	21	4		
4	1	13	13	24	584	438	7	64	211	65	52	34	5		
4	1	13	13	25	667	463	3	62	228	69	43	56	2		
4	1	13	13	26	620	426	6	118	153	65	33	46	5		
4	1	13	13	27	549	382	3	75	187	50	27	35	5		
4	1	13	13	28	627	447	9	156	125	80	38	31	8		
4	1	13	13	29	557	394	7	67	169	80	32	34	5		
4	1	13	13	30	626	457	4	99	191	69	49	43	2		
4	1	13	13	31	690	494	3	135	210	81	23	32	10		
4	1	13	13	32	678	475	5	52	252	69	46	48	3		
4	1	13	13	33	644	486	8	101	231	78	35	29	4		
4	1	13	13	34	757	498	8	120	193	105	32	31	9		
4	1	13	13	35	546	386	3	109	123	77	33	30	11		
4	1	13	13	36	643	457	9	141	153	86	38	25	5		
4	1	13	13	37	528	304	5	95	99	56	18	25	6		
4	1	13	13	38	2925	54	7	34	8	3	0	1	1		
4	1	13	13	39	543	378	5	45	203	61	33	29	2		
4	1	13	13	40	551	417	7	104	191	56	30	26	3		
4	1	13	13	41	604	415	5	155	104	80	28	30	13		
4	1	13	13	42	699	457	12	239	62	91	14	24	15		
4	1	13	13	43	644	444	9	212	83	87	21	24	8		
4	1	13	13	44	704	488	8	80	238	81	31	39	11		
4	1	13	13	45	749	511	7	169	168	100	25	38	4		
4	1	13	13	46	592	400	4	119	134	68	30	40	5		
4	1	13	13	47	619	444	12	172	129	66	28	34	3		
4	1	13	13	48	427	301	9	139	60	61	15	12	5		
4	1	13	13	49	666	506	12	240	116	93	18	17	10		
4	1	13	13	50	678	512	5	118	236	70	31	41	11		
4	1	13	13	51	716	516	8	72	258	85	37	43	13		
4	1	13	13	52	652	514	1	82	261	96	35	35	4		
4	1	13	13	53	720	532	2	105	218	132	29	34	12		
4	1	13	13	54	667	470	10	118	186	83	27	42	4		
4	1	13	13	55	453	285	17	168	51	42	2	3	2		
4	1	13	13	56	414	298	3	146	35	75	16	20	3		
4	1	13	13	57	662	484	8	176	189	57	22	26	6		
4	1	13	13	58	708	513	5	89	251	84	35	45	4		
4	1	13	13	59	803	599	12	118	271	90	46	54	8		
4	1	13	13	60	623	412	10	213	58	87	17	15	12		
4	1	13	13	61	686	480	8	142	162	98	28	34	8		
4	1	13	13	62	717	478	12	166	153	89	28	20	10		
4	1	13	13	63	706	522	10	142	200	75	39	44	12		
4	1	13	13	64	633	422	6	82	187	59	39	43	6		
4	1	13	13	65	642	456	7	177	124	84	32	28	4		
4	1	13	13	66	0	0	0	0	0	0	0	0	0		
4	1	13	13	67	0	0	0	0	0	0	0	0	0		
4	1	13	13	68	0	0	0	0	0	0	0	0	0		
4	1	13	13	69	0	67	0	10	52	5	0	0	0		
4	1	13	13	70	0	204	36	131	25	3	3	4	2		
4	1	13	13	71	0	233	12	165	28	18	2	4	4		
4	1	13	13	72	0	208	19	132	37	11	3	2	4		
4	1	13	13	73	0	266	31	175	40	17	0	1	2		
4	1	13	13	74	0	249	12	170	48	13	1	4	1		
4	1	13	13	75	0	177	3	125	29	17	0	0	3		
4	1	13	13	76	0	130	2	88	26	11	3	0	0		
4	1	13	13	77	0	19	2	11	4	1	1	0	0		
4	1	13	13	78	0	0	0	0	0	0	0	0	0		
4	1	13	13	79	0	0	0	0	0	0	0	0	0		
4	1	13	13	80	0	0	0	0	0	0	0	0	0		
4	1	14	14	0	0	901	24	322	123	194	101	112	25		
4	1	14	14	1	700	609	17	188	155	138	43	55	13		
4	1	14	14	2	741	502	14	113	150	104	66	44	11		
4	1	14	14	3	740	442	8	112	109	100	39	63	11		
4	1	14	14	4	678	430	4	94	141	88	46	45	12		
4	1	14	14	5	750	482	4	119	135	128	45	42	9		
4	1	14	14	6	771	449	17	145	80	114	42	38	13		
4	1	14	14	7	683	438	10	142	96	103	43	37	7		
4	1	14	14	8	552	325	13	143	23	114	6	20	6		
4	1	14	14	9	578	389	7	92	98	97	27	57	11		
4	1	14	14	10	737	466	7	176	64	123	41	41	14		
4	1	14	14	11	637	444	10	114	78	150	31	52	9		
4	1	14	14	12	727	441	12	176	60	122	25	42	4		
4	1	14	14	13	530	333	6	149	19	114	17	18	10		
4	1	14	14	14	653	386	10	193	20	121	11	23	8		
4	1	14	14	15	670	410	8	211	17	136	17	12	9		
4	1	14	14	16	668	458	10	176	61	140	17	36	18		
4	1	14	14	17	502	319	4	81	59	97	36	35	7		
4	1	14	14	18	576	347	6	109	68	111	26	21	6		
4	1	14	14	19	586	377	7	114	74	99	33	41	9		
4	1	14	14	20	622	380	13	164	29	138	12	13	11		
4	1	14	14	21	615	396	15	132	63	111	35	28	12		
4	1	14	14	22	735	515	12	172	102	141	43	33	12		
4	1	14	14	23	690	390	23	141	40	117	36	26	7		
4	1	14	14	24	700	386	13	128	57	123	11	44	10		
4	1	14	14	25	605	351	8	163	18	113	11	29	9		
4	1	14	14	26	467	259	10	90	31	76	17	27	8		
4	1	14	14	27	603	320	7	100	45	99	22	35	12		
4	1	14	14	28	645	421	6	135	73	111	39	39	18		
4	1	14	14	29	627	399	5	146	50	110	35	45	8		
4	1	14	14	30	699	468	10	105	116	135	40	41	21		
4	1	14	14	31	559	389	11	125	61	99	34	45	14		
4	1	14	14	32	706	504	14	159	127	126	27	36	15		
4	1	14	14	33	572	381	4	106	82	129	25	29	6		
4	1	14	14	34	504	310	13	163	17	79	17	16	5		
4	1	14	14	35	598	383	10	141	46	118	31	24	13		
4	1	14	14	36	651	394	19	133	47	118	31	32	14		
4	1	14	14	37	261	212	12	135	23	32	2	6	2		
4	1	14	14	38	635	379	16	134	41	127	26	24	11		
4	1	14	14	39	742	533	21	163	65	103	120	40	21		
4	1	14	14	40	742	451	12	186	55	116	28	44	10		
4	1	14	14	41	582	400	12	163	22	152	16	22	13		
4	1	14	14	42	689	473	16	165	77	117	50	38	10		
4	1	14	14	43	656	429	10	180	34	158	15	21	11		
4	1	14	14	44	651	489	13	165	86	113	53	41	18		
4	1	14	14	45	634	505	13	262	47	111	40	25	7		
4	1	14	14	46	610	478	8	204	76	89	42	44	15		
4	1	14	14	47	630	439	8	190	46	115	23	36	21		
4	1	14	14	48	601	444	11	169	79	122	22	26	15		
4	1	14	14	49	647	423	2	195	30	147	19	18	12		
4	1	14	14	50	747	470	18	160	56	129	32	50	25		
4	1	14	14	51	645	429	14	145	77	97	38	50	8		
4	1	14	14	52	687	433	7	198	33	144	21	27	3		
4	1	14	14	53	713	482	7	197	55	145	26	36	16		
4	1	14	14	54	752	502	11	153	97	138	43	47	13		
4	1	14	14	55	304	261	18	155	45	32	4	2	5		
4	1	14	14	56	801	561	8	190	75	118	68	89	13		
4	1	14	14	57	1028	30	0	19	6	5	0	0	0		
4	1	14	14	58	705	433	8	149	63	140	22	40	11		
4	1	14	14	59	755	488	10	154	86	117	57	53	11		
4	1	14	14	60	717	555	19	158	131	114	41	52	40		
4	1	14	14	61	670	434	8	131	93	118	33	34	17		
4	1	14	14	62	685	484	6	140	134	110	29	44	21		
4	1	14	14	63	706	500	15	246	61	113	27	26	12		
4	1	14	14	64	685	438	15	197	24	158	13	25	6		
4	1	14	14	65	703	479	12	192	62	139	24	38	12		
4	1	14	14	66	876	582	16	196	117	133	26	54	40		
4	1	14	14	67	592	436	3	109	88	112	47	52	25		
4	1	14	14	68	755	554	8	181	101	129	69	56	10		
4	1	14	14	69	548	63	1	29	6	13	11	2	1		
4	1	14	14	70	738	470	10	168	62	144	32	32	22		
4	1	14	14	71	709	525	15	134	109	177	24	51	15		
4	1	14	14	72	687	470	14	141	105	104	45	50	11		
4	1	14	14	73	658	481	7	78	144	102	53	56	41		
4	1	14	14	74	706	508	16	103	130	111	54	77	17		
4	1	14	14	75	392	273	4	64	70	60	42	26	7		
4	1	14	14	76	767	542	10	199	87	134	40	55	17		
4	1	14	14	77	757	554	4	162	127	129	44	72	16		
4	1	14	14	78	795	569	24	136	138	130	59	50	32		
4	1	14	14	79	735	518	6	166	84	137	42	61	22		
4	1	14	14	80	666	491	11	153	78	136	55	41	17		
4	1	14	14	81	560	424	6	131	118	94	38	23	14		
4	1	14	14	82	552	405	6	130	83	108	33	26	19		
4	1	14	14	83	753	555	11	126	138	143	63	49	25		
4	1	14	14	84	735	535	9	119	148	98	64	86	11		
4	1	14	14	85	771	505	11	102	131	130	58	63	10		
4	1	14	14	86	706	511	12	137	130	119	46	53	14		
4	1	14	14	87	659	494	14	107	124	133	46	45	25		
4	1	14	14	88	605	415	11	102	85	93	47	59	18		
4	1	14	14	89	671	466	10	150	98	97	49	52	10		
4	1	14	14	90	584	434	7	195	43	101	26	45	17		
4	1	14	14	91	553	360	9	183	31	94	11	22	10		
4	1	14	14	92	510	328	6	180	17	86	13	13	13		
4	1	14	14	93	0	64	8	35	14	6	0	1	0		
4	1	14	14	94	0	70	3	41	6	11	4	3	2		
4	1	14	14	95	0	247	122	87	21	11	1	2	3		
4	1	14	14	96	0	276	99	127	30	9	1	6	4		
4	1	14	14	97	0	176	5	129	28	10	0	3	1		
4	1	14	14	98	0	0	0	0	0	0	0	0	0		
4	1	14	14	99	0	26	4	13	5	4	0	0	0		
4	1	14	14	100	0	85	8	47	20	5	2	1	2		
4	1	15	15	0	0	650	33	249	62	154	39	92	21		
4	1	15	15	1	464	334	12	191	11	85	11	18	6		
4	1	15	15	2	682	442	8	191	38	146	23	31	5		
4	1	15	15	3	598	441	30	239	40	100	14	9	9		
4	1	15	15	4	486	368	13	200	17	109	9	12	8		
4	1	15	15	5	622	397	10	132	66	128	13	40	8		
4	1	15	15	6	309	168	1	53	23	69	10	8	4		
4	1	15	15	7	480	329	3	155	29	94	27	16	5		
4	1	15	15	8	420	254	10	115	28	82	6	10	3		
4	1	15	15	9	530	336	9	141	36	100	15	28	7		
4	1	15	15	10	586	387	14	189	27	112	11	21	13		
4	1	15	15	11	471	282	9	81	35	115	14	27	1		
4	1	15	15	12	369	260	18	137	16	66	8	14	1		
4	1	15	15	13	329	209	6	76	47	55	8	15	2		
4	1	15	15	14	531	295	6	140	24	94	6	16	9		
4	1	15	15	15	387	241	4	67	48	76	19	26	1		
4	1	15	15	16	325	208	3	63	47	58	9	25	3		
4	1	15	15	17	453	298	11	167	13	89	12	4	2		
4	1	15	15	18	512	356	7	131	44	118	24	29	3		
4	1	15	15	19	501	330	8	156	20	106	19	13	8		
4	1	15	15	20	520	310	8	139	24	91	12	25	11		
4	1	15	15	21	377	262	7	67	47	84	28	22	7		
4	1	15	15	22	581	355	13	121	44	109	20	31	17		
4	1	15	15	23	433	283	9	96	42	81	15	32	8		
4	1	15	15	24	559	358	4	117	44	129	23	30	11		
4	1	15	15	25	499	344	5	96	51	104	36	44	8		
4	1	15	15	26	443	247	7	85	23	82	23	18	9		
4	1	15	15	27	494	287	7	112	27	110	10	17	4		
4	1	15	15	28	377	218	5	70	26	77	15	23	2		
4	1	15	15	29	485	288	3	91	36	93	26	34	5		
4	1	15	15	30	308	175	6	45	18	66	15	21	4		
4	1	15	15	31	572	351	6	140	28	118	16	39	4		
4	1	15	15	32	320	186	3	56	23	71	13	17	3		
4	1	15	15	33	384	211	4	50	42	70	15	28	2		
4	1	15	15	34	710	532	20	208	88	140	22	44	10		
4	1	15	15	35	581	317	10	97	32	126	15	29	8		
4	1	15	15	36	412	274	3	80	49	70	21	42	9		
4	1	15	15	37	490	296	6	80	39	99	21	43	8		
4	1	15	15	38	405	212	3	55	37	69	15	30	3		
4	1	15	15	39	444	246	7	62	49	75	10	28	15		
4	1	15	15	40	413	240	8	116	14	69	10	15	8		
4	1	15	15	41	669	459	16	142	85	130	33	46	7		
4	1	15	15	42	502	297	4	98	40	93	17	39	6		
4	1	15	15	43	608	306	4	101	38	94	25	33	11		
4	1	15	15	44	488	262	3	94	37	78	15	31	4		
4	1	15	15	45	395	270	4	97	43	98	9	16	3		
4	1	15	15	46	609	370	11	136	44	114	26	28	11		
4	1	15	15	47	433	259	6	107	25	63	12	40	6		
4	1	15	15	48	457	284	4	114	20	110	11	20	5		
4	1	15	15	49	574	357	10	140	37	112	20	32	6		
4	1	15	15	50	444	251	3	83	28	80	12	42	3		
4	1	15	15	51	610	343	5	111	55	102	23	40	7		
4	1	15	15	52	576	348	10	89	48	117	26	47	11		
4	1	15	15	53	412	272	5	78	38	95	18	31	7		
4	1	15	15	54	567	378	4	157	42	128	13	25	9		
4	1	15	15	55	469	353	20	181	43	74	13	19	3		
4	1	15	15	56	410	268	8	121	28	68	11	23	9		
4	1	15	15	57	318	215	6	72	33	74	7	20	3		
4	1	15	15	58	423	284	15	93	42	99	13	16	6		
4	1	15	15	59	592	399	9	147	38	146	27	17	15		
4	1	15	15	60	381	251	13	81	33	91	9	12	12		
4	1	15	15	61	416	292	8	87	44	90	28	28	7		
4	1	15	15	62	424	259	5	98	33	85	11	22	5		
4	1	15	15	63	614	320	8	103	42	111	19	31	6		
4	1	15	15	64	479	286	5	105	42	86	19	24	5		
4	1	15	15	65	455	259	9	78	33	85	16	33	5		
4	1	15	15	66	393	223	6	59	33	89	11	23	2		
4	1	15	15	67	477	270	5	82	43	86	19	33	2		
4	1	15	15	68	391	222	2	76	31	72	14	21	6		
4	1	15	15	69	622	419	11	177	40	145	19	22	5		
4	1	15	15	70	416	265	5	87	40	96	8	23	6		
4	1	15	15	71	498	341	9	118	58	95	16	40	5		
4	1	15	15	72	469	287	8	80	68	87	20	19	5		
4	1	15	15	73	555	367	11	148	30	134	18	23	3		
4	1	15	15	74	629	363	7	118	40	115	26	46	11		
4	1	15	15	75	477	296	7	150	27	75	12	24	1		
4	1	15	15	76	447	236	9	71	25	94	10	22	5		
4	1	15	15	77	582	387	12	134	40	130	27	33	11		
4	1	15	15	78	465	300	1	131	42	79	17	22	8		
4	1	15	15	79	650	405	11	155	57	124	19	32	7		
4	1	15	15	80	499	315	4	119	38	120	14	18	2		
4	1	15	15	81	497	301	11	121	27	90	20	30	2		
4	1	15	15	82	385	248	3	71	38	70	19	43	4		
4	1	15	15	83	402	236	2	109	26	66	11	15	7		
4	1	15	15	84	462	264	7	61	63	74	19	33	7		
4	1	15	15	85	396	239	2	74	28	86	13	30	6		
4	1	15	15	86	521	325	8	113	38	97	22	37	10		
4	1	15	15	87	598	400	8	181	33	136	15	23	4		
4	1	15	15	88	0	0	0	0	0	0	0	0	0		
4	1	15	15	89	0	25	0	4	4	10	1	4	2		
4	1	15	15	90	0	14	0	3	4	4	1	2	0		
4	1	16	16	0	0	860	16	340	123	178	65	123	15		
4	1	16	16	1	456	282	5	96	31	98	13	33	6		
4	1	16	16	2	453	278	3	121	28	89	14	19	4		
4	1	16	16	3	451	228	8	84	24	68	13	24	7		
4	1	16	16	4	456	291	5	103	35	96	20	25	7		
4	1	16	16	5	613	388	9	102	67	132	27	45	6		
4	1	16	16	6	514	322	9	85	63	100	22	35	8		
4	1	16	16	7	439	256	7	82	49	79	10	25	4		
4	1	16	16	8	533	303	5	107	33	99	15	41	3		
4	1	16	16	9	485	293	8	81	43	104	18	31	8		
4	1	16	16	10	413	269	4	100	31	90	18	25	1		
4	1	16	16	11	481	291	2	101	41	101	14	25	7		
4	1	16	16	12	400	255	6	78	41	69	12	42	7		
4	1	16	16	13	430	278	8	114	16	96	10	25	9		
4	1	16	16	14	417	245	6	73	32	91	13	29	1		
4	1	16	16	15	489	273	4	102	44	73	15	30	5		
4	1	16	16	16	389	249	3	74	44	98	8	19	3		
4	1	16	16	17	395	236	5	79	33	70	23	22	4		
4	1	16	16	18	497	308	7	113	31	106	21	25	5		
4	1	16	16	19	528	332	6	110	52	101	13	42	8		
4	1	16	16	20	509	312	4	104	37	108	17	31	11		
4	1	16	16	21	482	298	6	92	39	104	24	28	5		
4	1	16	16	22	504	291	12	85	36	93	15	39	11		
4	1	16	16	23	393	217	9	88	25	57	14	21	3		
4	1	16	16	24	382	210	11	69	15	79	14	21	1		
4	1	16	16	25	467	281	9	117	23	100	12	15	5		
4	1	16	16	26	555	416	12	180	34	119	31	32	8		
4	1	16	16	27	513	508	13	249	56	127	17	41	5		
4	1	16	16	28	588	328	14	110	31	109	29	29	6		
4	1	16	16	29	524	344	4	110	42	119	32	30	7		
4	1	16	16	30	527	329	4	107	50	95	22	46	5		
4	1	16	16	31	647	429	12	199	46	126	18	23	5		
4	1	16	16	32	467	316	10	117	45	103	15	22	4		
4	1	16	16	33	485	262	11	127	22	81	5	13	3		
4	1	16	16	34	381	257	5	73	46	91	10	25	7		
4	1	16	16	35	343	210	8	72	21	68	14	23	4		
4	1	16	16	36	380	243	13	126	12	75	4	8	5		
4	1	16	16	37	393	219	7	89	17	65	12	25	4		
4	1	16	16	38	364	206	2	65	43	61	9	19	7		
4	1	16	16	39	517	362	12	167	26	130	9	17	1		
4	1	16	16	40	393	300	6	169	21	83	7	8	6		
4	1	16	16	41	351	245	3	104	20	96	10	10	2		
4	1	16	16	42	387	242	2	98	22	87	16	14	3		
4	1	16	16	43	442	307	2	132	26	99	18	22	8		
4	1	16	16	44	555	354	11	123	48	99	30	35	8		
4	1	16	16	45	503	295	7	119	31	85	20	23	10		
4	1	16	16	46	459	300	5	104	45	90	24	28	4		
4	1	16	16	47	343	213	4	68	28	81	10	15	7		
4	1	16	16	48	374	247	1	106	39	73	13	13	2		
4	1	16	16	49	600	335	3	162	19	115	11	16	9		
4	1	16	16	50	532	359	6	151	44	127	10	14	7		
4	1	16	16	51	535	344	4	172	13	128	10	13	4		
4	1	16	16	52	653	423	10	217	24	135	8	17	12		
4	1	16	16	53	580	363	13	100	49	184	7	7	3		
4	1	16	16	54	444	301	5	149	21	101	1	15	9		
4	1	16	16	55	596	373	13	149	49	112	24	24	2		
4	1	16	16	56	646	407	12	156	47	133	24	23	12		
4	1	16	16	57	521	326	5	118	49	82	18	43	11		
4	1	16	16	58	636	434	17	162	42	138	27	43	5		
4	1	16	16	59	543	310	6	119	27	113	12	29	4		
4	1	16	16	60	546	338	10	120	38	99	26	39	6		
4	1	16	16	61	506	341	11	130	43	85	18	45	9		
4	1	16	16	62	430	260	5	99	21	76	21	30	8		
4	1	16	16	63	454	313	6	84	82	88	27	20	6		
4	1	16	16	64	412	242	7	68	36	91	9	22	9		
4	1	16	16	65	642	429	5	164	58	126	29	39	8		
4	1	16	16	66	511	305	8	116	41	81	20	34	5		
4	1	16	16	67	522	360	7	113	60	119	27	29	5		
4	1	16	16	68	527	365	11	160	29	115	14	27	9		
4	1	16	16	69	359	245	5	135	11	76	6	9	3		
4	1	16	16	70	459	288	7	163	16	77	8	11	6		
4	1	16	16	71	389	269	9	147	13	82	8	9	1		
4	1	16	16	72	540	411	11	146	44	128	43	35	4		
4	1	16	16	73	560	356	7	217	20	89	9	11	3		
4	1	16	16	74	580	425	9	229	47	87	17	28	8		
4	1	16	16	75	461	291	3	98	42	112	15	11	10		
4	1	16	16	76	509	344	7	104	44	142	15	26	6		
4	1	16	16	77	564	373	7	164	46	117	14	18	7		
4	1	16	16	78	464	318	20	135	39	81	15	25	3		
4	1	16	16	79	362	237	9	96	31	76	5	16	4		
4	1	16	16	80	491	303	13	102	43	92	24	24	5		
4	1	16	16	81	507	336	9	139	39	90	20	30	9		
4	1	16	16	82	503	326	11	121	43	114	20	14	3		
4	1	16	16	83	416	261	4	96	27	92	19	19	4		
4	1	16	16	84	342	234	6	95	30	70	11	16	6		
4	1	16	16	85	584	401	12	164	69	111	18	20	7		
4	1	16	16	86	504	305	5	146	30	78	14	22	10		
4	1	16	16	87	606	398	10	146	44	146	23	20	9		
4	1	16	16	88	392	242	6	109	25	74	15	9	4		
4	1	16	16	89	507	352	13	94	66	115	24	36	4		
4	1	16	16	90	640	358	1	146	53	102	23	28	5		
4	1	16	16	91	559	328	5	119	42	93	24	42	3		
4	1	16	16	92	517	340	5	126	45	102	31	24	7		
4	1	16	16	93	373	265	9	91	52	67	23	20	3		
4	1	16	16	94	449	294	7	120	47	66	20	27	7		
4	1	16	16	95	412	232	4	123	19	58	7	15	6		
4	1	16	16	96	402	277	6	125	28	81	15	19	3		
4	1	16	16	97	548	374	12	185	34	109	9	18	7		
4	1	16	16	98	517	372	9	201	23	111	6	19	3		
4	1	16	16	99	553	360	15	183	11	113	17	15	6		
4	1	16	16	100	455	299	9	155	11	89	8	14	13		
4	1	16	16	101	623	461	9	253	24	116	32	22	5		
4	1	16	16	102	511	375	7	229	23	87	12	13	4		
4	1	16	16	103	649	495	9	117	125	132	56	47	9		
4	1	16	16	104	604	457	15	172	73	97	52	39	9		
4	1	16	16	105	588	447	9	149	109	117	32	30	1		
4	1	16	16	106	603	483	22	268	50	114	10	14	5		
4	1	16	16	107	132	55	3	25	3	16	5	3	0		
4	1	16	16	108	577	409	12	142	53	128	33	34	7		
4	1	16	16	109	479	390	14	147	70	93	30	32	4		
4	1	16	16	110	632	457	11	232	33	116	34	21	10		
4	1	16	16	111	488	337	9	186	19	82	16	14	11		
4	1	16	16	112	703	529	15	106	162	153	43	40	10		
4	1	16	16	113	672	515	10	121	172	107	50	54	1		
4	1	16	16	114	622	443	13	119	130	87	40	52	2		
4	1	16	16	115	747	573	11	239	102	111	47	58	5		
4	1	16	16	116	529	404	8	180	45	101	38	31	1		
4	1	16	16	117	284	200	1	81	18	42	26	28	4		
4	1	16	16	118	0	19	1	13	2	2	0	1	0		
4	1	16	16	119	0	16	0	10	2	4	0	0	0		
4	1	16	16	120	0	0	0	0	0	0	0	0	0		
4	1	16	16	121	0	0	0	0	0	0	0	0	0		
4	1	16	16	122	0	17	3	8	2	2	1	1	0		
4	1	17	17	0	0	614	25	189	118	136	49	78	19		
4	1	17	17	1	784	458	21	137	71	159	18	37	15		
4	1	17	17	2	906	505	9	119	115	153	51	43	15		
4	1	17	17	3	570	338	5	94	57	110	29	36	7		
4	1	17	17	4	709	455	9	123	61	151	31	66	14		
4	1	17	17	5	611	394	5	126	67	124	19	40	13		
4	1	17	17	6	801	482	16	136	89	136	35	60	10		
4	1	17	17	7	791	467	9	122	63	149	47	70	7		
4	1	17	17	8	955	632	6	172	119	216	37	66	16		
4	1	17	17	9	884	603	11	223	95	146	64	51	13		
4	1	17	17	10	771	504	10	136	109	148	32	57	12		
4	1	17	17	11	804	533	10	218	68	151	36	43	7		
4	1	17	17	12	790	502	12	243	37	147	27	31	5		
4	1	17	17	13	724	480	13	215	50	115	32	39	16		
4	1	17	17	14	836	541	7	166	87	158	42	58	23		
4	1	17	17	15	637	431	4	136	90	120	31	41	9		
4	1	17	17	16	636	419	10	128	84	126	20	41	10		
4	1	17	17	17	839	538	18	173	81	161	39	54	12		
4	1	17	17	18	565	345	5	95	58	115	24	38	10		
4	1	17	17	19	621	403	12	163	46	130	17	29	6		
4	1	17	17	20	748	440	12	123	67	152	33	42	11		
4	1	17	17	21	896	586	13	184	99	164	39	77	10		
4	1	17	17	22	827	503	10	174	84	139	35	49	12		
4	1	17	17	23	812	537	19	193	75	156	34	52	8		
4	1	17	17	24	516	359	11	185	39	79	15	24	6		
4	1	17	17	25	693	446	16	183	70	115	25	29	8		
4	1	17	17	26	497	322	1	117	38	104	25	32	5		
4	1	17	17	27	578	355	9	149	52	91	17	30	7		
4	1	17	17	28	841	505	11	161	75	163	39	43	13		
4	1	17	17	29	933	647	6	193	148	168	49	68	15		
4	1	17	17	30	840	534	19	184	95	132	40	48	16		
4	1	17	17	31	473	354	12	177	9	122	15	16	3		
4	1	17	17	32	867	567	17	240	56	158	35	39	22		
4	1	17	17	33	829	538	8	134	108	168	42	61	17		
4	1	17	17	34	570	379	9	190	30	102	19	24	5		
4	1	17	17	35	795	616	29	214	184	108	41	29	11		
4	1	17	17	36	872	609	21	214	104	160	45	47	18		
4	1	17	17	37	984	683	16	214	143	173	63	57	17		
4	1	17	17	38	917	637	10	185	132	165	60	68	17		
4	1	17	17	39	711	514	5	126	140	110	59	62	12		
4	1	17	17	40	569	443	7	132	100	117	33	39	15		
4	1	17	17	41	624	450	12	65	179	102	33	45	14		
4	1	17	17	42	844	610	16	175	165	150	46	46	12		
4	1	17	17	43	894	618	15	172	163	139	57	63	9		
4	1	17	17	44	671	486	10	101	133	130	47	52	13		
4	1	17	17	45	0	0	0	0	0	0	0	0	0		
4	1	17	17	46	0	0	0	0	0	0	0	0	0		
4	1	18	18	0	0	725	23	164	195	109	95	124	15		
4	1	18	18	1	651	377	8	115	76	92	34	39	13		
4	1	18	18	2	682	441	9	137	80	98	36	67	14		
4	1	18	18	3	782	485	7	144	103	115	34	69	13		
4	1	18	18	4	753	469	10	110	114	134	34	53	14		
4	1	18	18	5	611	352	7	121	62	68	35	46	13		
4	1	18	18	6	720	445	19	131	98	85	50	53	9		
4	1	18	18	7	542	339	10	111	85	61	23	42	7		
4	1	18	18	8	833	271	5	81	78	47	19	34	7		
4	1	18	18	9	500	292	11	115	44	58	23	38	3		
4	1	18	18	10	549	388	4	101	86	103	23	58	13		
4	1	18	18	11	522	368	2	82	94	81	38	62	9		
4	1	18	18	12	537	365	5	79	113	72	28	57	11		
4	1	18	18	13	588	358	3	100	108	73	20	45	9		
4	1	18	18	14	710	581	16	179	178	111	35	52	10		
4	1	18	18	15	700	389	8	108	88	87	34	52	12		
4	1	18	18	16	793	495	5	116	118	97	66	78	15		
4	1	18	18	17	771	514	8	108	165	103	62	55	13		
4	1	18	18	18	749	499	15	251	42	122	27	29	13		
4	1	18	18	19	603	395	6	81	110	87	42	65	4		
4	1	18	18	20	618	446	13	99	137	107	27	52	11		
4	1	18	18	21	554	367	10	42	194	53	24	39	5		
4	1	18	18	22	655	419	11	115	115	95	24	53	6		
4	1	18	18	23	874	534	10	157	109	123	57	69	9		
4	1	18	18	24	680	447	12	81	151	82	48	66	7		
4	1	18	18	25	693	499	14	66	240	73	39	59	8		
4	1	18	18	26	680	479	22	96	170	81	44	56	10		
4	1	18	18	27	882	453	1	91	150	75	52	66	18		
4	1	18	18	28	778	540	5	80	251	79	64	54	7		
4	1	18	18	29	688	476	3	66	217	79	47	56	8		
4	1	18	18	30	713	464	13	157	97	116	30	42	9		
4	1	18	18	31	741	504	11	69	218	84	56	56	10		
4	1	18	18	32	773	555	17	244	100	105	53	26	10		
4	1	18	18	33	535	370	9	54	132	73	46	49	7		
4	1	18	18	34	546	387	4	53	157	74	46	48	5		
4	1	18	18	35	870	561	19	208	132	119	37	40	6		
4	1	18	18	36	659	467	15	79	176	93	46	52	6		
4	1	18	18	37	673	499	29	74	200	71	47	67	11		
4	1	18	18	38	679	441	5	174	88	107	29	34	4		
4	1	18	18	39	585	439	5	83	158	82	41	54	16		
4	1	18	18	40	609	391	6	120	104	72	38	38	13		
4	1	18	18	41	341	265	32	104	69	49	6	2	3		
4	1	18	18	42	737	611	39	179	192	98	56	40	7		
4	1	18	18	43	766	525	9	61	240	87	51	68	9		
4	1	18	18	44	660	434	10	146	118	106	23	26	5		
4	1	18	18	45	731	506	4	87	206	78	76	43	12		
4	1	18	18	46	547	390	4	61	179	58	51	29	8		
4	1	18	18	47	397	301	8	51	124	62	21	24	11		
4	1	18	18	48	677	493	8	76	211	77	58	52	11		
4	1	18	18	49	609	405	6	64	190	58	51	31	5		
4	1	18	18	50	612	450	5	82	193	65	47	50	8		
4	1	18	18	51	568	384	1	54	176	73	43	35	2		
4	1	18	18	52	533	360	6	44	168	56	48	34	4		
4	1	18	18	53	0	179	1	10	152	13	0	2	1		
4	1	18	18	54	0	0	0	0	0	0	0	0	0		
4	1	18	18	55	0	0	0	0	0	0	0	0	0		
4	1	18	18	56	0	89	6	33	41	8	1	0	0		
4	1	18	18	57	0	54	5	19	24	6	0	0	0		
4	1	19	19	0	0	886	17	229	341	119	102	69	9		
4	1	19	19	1	698	459	15	183	85	117	20	27	12		
4	1	19	19	2	573	335	6	82	95	89	28	24	11		
4	1	19	19	3	590	339	9	113	89	71	19	34	4		
4	1	19	19	4	363	249	4	80	74	48	15	24	4		
4	1	19	19	5	758	506	7	192	124	96	48	32	7		
4	1	19	19	6	689	451	8	175	112	97	24	31	4		
4	1	19	19	7	554	383	13	132	85	98	20	26	9		
4	1	19	19	8	625	434	7	107	134	92	32	56	6		
4	1	19	19	9	697	467	1	42	228	74	45	70	7		
4	1	19	19	10	626	399	6	64	192	51	48	35	3		
4	1	19	19	11	568	407	8	82	173	79	25	36	4		
4	1	19	19	12	687	453	6	68	228	48	47	52	4		
4	1	19	19	13	245	185	5	41	95	40	3	1	0		
4	1	19	19	14	703	468	8	96	198	89	24	50	3		
4	1	19	19	15	664	477	2	130	201	83	18	40	3		
4	1	19	19	16	326	426	10	117	166	77	28	20	8		
4	1	19	19	17	590	415	5	45	223	69	32	38	3		
4	1	19	19	18	719	466	3	137	180	74	24	39	9		
4	1	19	19	19	785	549	6	48	321	79	35	56	4		
4	1	19	19	20	620	437	10	67	206	59	45	45	5		
4	1	19	19	21	545	402	17	109	173	57	20	22	4		
4	1	19	19	22	745	505	3	104	225	71	44	55	3		
4	1	19	19	23	479	325	4	25	183	54	33	22	4		
4	1	19	19	24	576	417	7	106	163	73	27	38	3		
4	1	19	19	25	544	403	10	140	135	81	17	16	4		
4	1	19	19	26	713	453	10	106	186	68	32	46	5		
4	1	19	19	27	417	248	17	104	40	61	9	15	2		
4	1	19	19	28	783	539	8	131	210	96	51	37	6		
4	1	19	19	29	455	287	6	134	30	91	14	7	5		
4	1	19	19	30	433	283	7	143	34	76	7	10	6		
4	1	19	19	31	531	379	3	184	48	105	10	19	10		
4	1	19	19	32	530	353	7	169	55	86	18	13	5		
4	1	19	19	33	794	520	9	248	100	110	22	27	4		
4	1	19	19	34	659	483	7	191	128	90	33	29	5		
4	1	19	19	35	525	335	5	150	54	87	14	21	4		
4	1	19	19	36	439	321	7	85	112	43	29	40	5		
4	1	19	19	37	576	377	8	127	113	78	25	24	2		
4	1	19	19	38	684	460	13	169	118	106	19	31	4		
4	1	19	19	39	524	333	5	123	80	79	20	23	3		
4	1	19	19	40	762	519	10	142	181	96	35	51	4		
4	1	19	19	41	281	226	0	98	59	50	8	11	0		
4	1	19	19	42	693	487	6	101	218	69	59	33	1		
4	1	19	19	43	706	505	4	59	283	61	51	42	5		
4	1	19	19	44	478	344	6	72	151	62	29	24	0		
4	1	19	19	45	750	479	11	122	175	83	35	50	3		
4	1	19	19	46	482	312	6	44	169	41	24	23	5		
4	1	19	19	47	794	581	10	136	234	97	45	52	7		
4	1	19	19	48	719	470	10	197	87	120	22	24	10		
4	1	19	19	49	630	375	3	118	113	99	15	19	8		
4	1	19	19	50	771	520	7	112	240	79	47	32	3		
4	1	19	19	51	587	443	6	55	189	86	44	57	6		
4	1	19	19	52	659	461	6	50	216	97	51	40	1		
4	1	19	19	53	846	619	10	130	265	94	46	70	4		
4	1	19	19	54	804	555	6	67	299	86	41	49	7		
4	1	19	19	55	748	541	12	209	135	99	38	42	6		
4	1	19	19	56	619	405	4	67	199	56	45	29	5		
4	1	19	19	57	694	471	5	94	215	66	39	43	9		
4	1	19	19	58	722	505	8	105	224	74	35	55	4		
4	1	19	19	59	574	383	1	148	102	82	19	22	9		
4	1	19	19	60	594	412	9	80	197	61	20	33	12		
4	1	19	19	61	614	418	15	151	118	80	24	21	9		
4	1	19	19	62	713	478	22	158	133	106	27	27	5		
4	1	19	19	63	639	399	6	131	109	94	20	35	4		
4	1	19	19	64	598	415	6	111	156	65	33	39	5		
4	1	19	19	65	720	531	13	186	189	72	28	36	7		
4	1	19	19	66	612	412	3	128	148	58	39	31	5		
4	1	19	19	67	468	385	10	154	120	77	14	7	3		
4	1	19	19	68	746	529	9	247	105	124	22	17	5		
4	1	19	19	69	807	572	12	222	152	111	39	26	10		
4	1	19	19	70	634	471	6	219	109	87	17	24	9		
4	1	19	19	71	545	426	5	142	132	94	26	26	1		
4	1	19	19	72	676	513	8	154	183	71	35	53	9		
4	1	19	19	73	410	344	3	72	149	33	38	47	2		
4	1	19	19	74	796	578	13	265	122	101	23	50	4		
4	1	19	19	75	830	587	4	129	286	96	42	26	4		
4	1	19	19	76	676	471	2	64	253	66	44	39	3		
4	1	19	19	77	631	441	7	59	218	84	32	40	1		
4	1	19	19	78	716	511	3	152	204	84	30	32	6		
4	1	19	19	79	621	441	6	72	196	72	47	44	4		
4	1	19	19	80	617	431	5	132	153	63	41	31	6		
4	1	19	19	81	604	443	1	87	205	69	39	41	1		
4	1	19	19	82	640	455	7	85	208	84	31	35	5		
4	1	19	19	83	550	376	11	63	199	53	26	20	4		
4	1	19	19	84	0	11	2	4	3	2	0	0	0		
4	1	19	19	85	0	11	0	2	7	1	0	1	0		
4	1	19	19	86	0	63	3	55	2	0	1	2	0		
4	1	20	20	0	0	704	28	303	92	153	49	64	15		
4	1	20	20	1	439	284	7	100	36	77	14	42	8		
4	1	20	20	2	485	310	4	72	44	125	11	48	6		
4	1	20	20	3	500	288	6	96	24	75	22	51	14		
4	1	20	20	4	453	271	4	94	27	108	13	16	9		
4	1	20	20	5	451	327	27	131	20	93	24	23	9		
4	1	20	20	6	440	270	4	103	42	81	12	22	6		
4	1	20	20	7	480	329	7	109	28	122	19	38	6		
4	1	20	20	8	520	310	8	117	29	93	28	30	5		
4	1	20	20	9	492	295	7	100	41	105	11	28	3		
4	1	20	20	10	567	392	13	178	25	131	17	20	8		
4	1	20	20	11	646	409	5	152	37	139	33	39	4		
4	1	20	20	12	333	179	12	75	14	51	8	11	8		
4	1	20	20	13	647	421	5	149	47	154	26	26	14		
4	1	20	20	14	610	372	9	181	13	133	12	21	3		
4	1	20	20	15	511	322	1	119	38	124	18	18	4		
4	1	20	20	16	463	323	10	157	24	102	9	13	8		
4	1	20	20	17	367	230	4	107	25	68	10	13	3		
4	1	20	20	18	397	230	6	101	20	81	11	8	3		
4	1	20	20	19	527	375	19	150	53	112	17	22	2		
4	1	20	20	20	517	337	4	168	44	76	13	27	5		
4	1	20	20	21	456	277	5	107	35	88	19	19	4		
4	1	20	20	22	511	272	6	142	23	57	15	19	10		
4	1	20	20	23	578	389	8	196	29	120	15	16	5		
4	1	20	20	24	600	373	15	188	20	118	10	14	8		
4	1	20	20	25	389	304	7	159	26	81	16	11	4		
4	1	20	20	26	622	459	12	255	36	99	29	24	4		
4	1	20	20	27	503	343	19	168	16	118	8	12	2		
4	1	20	20	28	478	340	8	189	19	100	12	5	7		
4	1	20	20	29	522	358	8	176	41	107	10	13	3		
4	1	20	20	30	459	340	6	162	28	112	12	13	7		
4	1	20	20	31	381	220	3	108	18	70	6	11	4		
4	1	20	20	32	366	242	6	123	28	69	6	7	3		
4	1	20	20	33	419	285	6	101	42	102	14	14	6		
4	1	20	20	34	427	268	6	102	38	73	14	27	8		
4	1	20	20	35	478	341	10	196	29	75	13	13	5		
4	1	20	20	36	441	289	4	121	31	91	17	13	12		
4	1	20	20	37	395	254	2	94	37	77	12	29	3		
4	1	20	20	38	580	347	7	101	56	112	21	44	6		
4	1	20	20	39	531	309	6	103	48	84	23	39	6		
4	1	20	20	40	514	337	12	111	53	117	14	27	3		
4	1	20	20	41	564	387	6	152	49	113	35	23	9		
4	1	20	20	42	479	301	5	130	29	88	15	25	9		
4	1	20	20	43	504	313	2	134	22	111	13	26	5		
4	1	20	20	44	466	241	6	97	19	75	20	19	5		
4	1	20	20	45	420	232	6	85	21	76	11	24	9		
4	1	20	20	46	489	349	14	110	61	98	27	37	2		
4	1	20	20	47	470	319	2	142	29	94	19	27	6		
4	1	20	20	48	517	333	9	146	30	95	30	20	3		
4	1	20	20	49	482	330	9	150	47	80	19	21	4		
4	1	20	20	50	451	287	8	110	35	87	17	24	6		
4	1	20	20	51	425	334	7	193	18	91	11	9	5		
4	1	20	20	52	387	240	6	119	7	74	25	8	1		
4	1	20	20	53	466	277	10	107	35	84	21	14	6		
4	1	20	20	54	543	357	14	140	38	109	16	33	7		
4	1	20	20	55	485	270	9	111	22	100	10	14	4		
4	1	20	20	56	566	409	6	109	96	127	30	36	5		
4	1	20	20	57	528	321	10	135	36	106	14	15	5		
4	1	20	20	58	514	349	8	124	54	127	11	19	6		
4	1	20	20	59	718	474	5	185	57	143	36	37	11		
4	1	20	20	60	406	230	5	97	18	88	11	8	3		
4	1	20	20	61	360	227	3	96	18	80	11	17	2		
4	1	20	20	62	511	315	7	154	16	112	3	18	5		
4	1	20	20	63	457	258	12	126	16	77	12	11	4		
4	1	20	20	64	458	250	5	114	13	95	11	9	3		
4	1	20	20	65	547	327	7	159	18	100	13	23	7		
4	1	20	20	66	483	307	6	141	27	103	14	12	4		
4	1	20	20	67	440	297	6	166	19	78	12	10	6		
4	1	20	20	68	458	314	9	144	27	99	16	19	0		
4	1	20	20	69	295	193	4	78	16	78	3	9	5		
4	1	20	20	70	559	417	7	175	49	121	26	28	11		
4	1	20	20	71	514	308	11	124	27	104	22	9	11		
4	1	20	20	72	203	111	1	52	5	40	5	8	0		
4	1	20	20	73	566	390	16	153	51	106	32	25	7		
4	1	20	20	74	583	364	7	140	38	112	29	27	11		
4	1	20	20	75	520	376	12	206	26	94	15	15	8		
4	1	20	20	76	636	434	10	200	26	127	31	31	9		
4	1	20	20	77	588	401	6	139	67	137	25	22	5		
4	1	20	20	78	321	64	2	29	11	20	0	0	2		
4	1	20	20	79	558	365	5	194	19	127	9	5	6		
4	1	20	20	80	595	374	9	232	10	101	10	8	4		
4	1	20	20	81	513	355	11	168	51	84	13	19	9		
4	1	20	20	82	527	324	13	150	14	108	12	16	11		
4	1	20	20	83	528	388	10	210	21	110	15	14	8		
4	1	20	20	84	535	333	10	180	19	109	3	7	5		
4	1	20	20	85	543	379	23	205	19	105	14	10	3		
4	1	20	20	86	487	291	3	117	28	97	15	21	10		
4	1	20	20	87	416	303	5	147	33	77	18	20	3		
4	1	20	20	88	457	300	4	157	22	79	17	15	6		
4	1	20	20	89	610	421	18	197	35	123	20	14	14		
4	1	20	20	90	488	336	5	106	96	81	16	24	8		
4	1	20	20	91	454	316	7	100	65	105	17	16	6		
4	1	20	20	92	383	231	9	125	4	74	3	11	5		
4	1	20	20	93	515	335	16	185	18	88	12	11	5		
4	1	20	20	94	354	224	8	131	8	65	4	5	3		
4	1	20	20	95	397	256	4	148	12	75	7	4	6		
4	1	20	20	96	406	272	1	154	10	84	8	11	4		
4	1	20	20	97	466	302	7	169	21	82	11	7	5		
4	1	20	20	98	441	281	9	166	8	87	5	4	2		
4	1	20	20	99	505	353	9	183	20	113	13	12	3		
4	1	20	20	100	271	195	6	77	14	39	23	33	3		
4	1	20	20	101	205	322	13	202	24	51	10	17	5		
4	1	20	20	102	232	178	7	62	16	35	16	40	2		
4	1	20	20	103	0	0	0	0	0	0	0	0	0		
4	1	21	21	0	0	1161	33	542	147	222	85	107	25		
4	1	21	21	1	693	448	10	153	103	111	36	29	6		
4	1	21	21	2	513	351	10	155	45	96	12	22	11		
4	1	21	21	3	554	370	9	135	69	90	22	32	13		
4	1	21	21	4	584	370	7	181	19	114	17	20	12		
4	1	21	21	5	601	390	8	175	58	92	22	22	13		
4	1	21	21	6	462	325	1	126	46	73	31	39	9		
4	1	21	21	7	534	382	16	142	60	98	30	30	6		
4	1	21	21	8	497	378	10	186	41	75	32	22	12		
4	1	21	21	9	724	508	10	245	50	132	24	35	12		
4	1	21	21	10	632	425	13	138	67	122	34	40	11		
4	1	21	21	11	350	277	11	83	65	80	14	15	9		
4	1	21	21	12	516	391	9	191	51	98	18	18	6		
4	1	21	21	13	426	302	12	123	41	99	7	9	11		
4	1	21	21	14	562	326	13	154	20	104	9	15	11		
4	1	21	21	15	626	465	12	178	83	119	27	34	12		
4	1	21	21	16	472	322	11	154	6	119	10	15	7		
4	1	21	21	17	589	407	14	180	36	100	23	32	22		
4	1	21	21	18	487	311	20	116	50	69	17	28	11		
4	1	21	21	19	484	308	6	112	56	74	28	21	11		
4	1	21	21	20	464	284	7	82	61	94	12	21	7		
4	1	21	21	21	625	387	12	116	74	114	27	33	11		
4	1	21	21	22	501	321	7	120	35	82	32	40	5		
4	1	21	21	23	655	493	8	255	55	100	24	42	9		
4	1	21	21	24	480	334	2	131	54	99	21	20	7		
4	1	21	21	25	627	359	18	121	55	125	10	26	4		
4	1	21	21	26	658	419	9	180	41	133	26	19	11		
4	1	21	21	27	564	385	9	166	41	113	24	23	9		
4	1	21	21	28	715	493	20	164	75	163	27	32	12		
4	1	21	21	29	746	483	15	217	47	132	30	34	8		
4	1	21	21	30	546	345	11	168	22	107	12	14	11		
4	1	21	21	31	542	342	18	138	26	96	24	35	5		
4	1	21	21	32	393	250	1	107	23	93	9	7	10		
4	1	21	21	33	670	430	8	163	52	126	32	37	12		
4	1	21	21	34	667	437	16	184	39	112	29	46	11		
4	1	21	21	35	660	409	7	138	67	132	24	30	11		
4	1	21	21	36	502	339	6	115	63	95	26	22	12		
4	1	21	21	37	607	428	6	143	55	123	48	39	14		
4	1	21	21	38	596	374	9	138	72	105	23	17	10		
4	1	21	21	39	668	348	6	186	22	105	10	12	7		
4	1	21	21	40	733	391	12	200	8	119	19	23	10		
4	1	21	21	41	393	296	3	147	37	72	10	22	5		
4	1	21	21	42	576	376	7	152	54	104	28	20	11		
4	1	21	21	43	690	439	11	187	49	118	31	37	6		
4	1	21	21	44	699	456	6	230	34	117	35	22	12		
4	1	21	21	45	464	324	5	179	25	79	17	8	11		
4	1	21	21	46	529	351	14	195	18	85	11	13	15		
4	1	21	21	47	683	417	8	201	32	113	20	29	14		
4	1	21	21	48	601	390	10	188	38	99	24	23	8		
4	1	21	21	49	600	384	10	174	34	114	19	24	9		
4	1	21	21	50	539	374	7	176	43	85	27	25	11		
4	1	21	21	51	384	220	7	123	11	59	5	6	9		
4	1	21	21	52	385	223	5	128	7	54	12	9	8		
4	1	21	21	53	445	266	7	137	9	82	10	12	9		
4	1	21	21	54	456	261	8	154	5	77	5	4	8		
4	1	21	21	55	573	394	10	152	43	100	37	36	16		
4	1	21	21	56	556	360	10	174	29	106	16	18	7		
4	1	21	21	57	619	389	7	208	28	115	11	12	8		
4	1	21	21	58	642	406	4	186	24	145	18	20	9		
4	1	21	21	59	505	348	8	201	26	86	8	15	4		
4	1	21	21	60	702	519	18	181	86	100	47	72	15		
4	1	21	21	61	662	433	10	161	66	100	30	55	11		
4	1	21	21	62	469	308	6	106	67	65	20	35	9		
4	1	21	21	63	526	344	8	193	25	84	10	14	10		
4	1	21	21	64	612	403	8	142	60	132	24	27	10		
4	1	21	21	65	513	398	15	263	8	71	17	18	6		
4	1	21	21	66	231	579	10	335	117	86	12	9	10		
4	1	21	21	67	581	379	8	186	31	98	16	27	13		
4	1	21	21	68	568	369	10	177	25	95	25	24	13		
4	1	21	21	69	630	370	8	176	10	148	10	10	8		
4	1	21	21	70	568	316	4	155	14	119	13	5	6		
4	1	21	21	71	516	334	12	152	8	120	18	12	12		
4	1	21	21	72	625	396	7	168	17	151	20	25	8		
4	1	21	21	73	661	391	4	200	25	122	17	14	9		
4	1	21	21	74	574	373	21	210	45	73	9	10	5		
4	1	21	21	75	616	411	16	171	49	111	29	28	7		
4	1	21	21	76	542	434	10	185	51	89	38	44	17		
4	1	21	21	77	400	232	6	96	21	77	12	15	5		
4	1	21	21	78	890	583	13	247	61	147	25	76	14		
4	1	21	21	79	750	503	10	159	55	137	40	90	12		
4	1	21	21	80	802	490	10	147	145	135	23	24	6		
4	1	21	21	81	592	489	17	157	129	113	36	23	14		
4	1	21	21	82	591	345	12	154	17	125	16	15	6		
4	1	21	21	83	633	374	11	172	21	139	13	12	6		
4	1	21	21	84	619	397	9	160	20	157	21	21	9		
4	1	21	21	85	589	382	10	177	32	119	17	20	7		
4	1	21	21	86	604	365	4	157	21	142	15	17	9		
4	1	21	21	87	593	446	8	177	63	99	47	41	11		
4	1	21	21	88	569	345	3	144	17	131	19	19	12		
4	1	21	21	89	619	453	19	268	40	100	8	9	9		
4	1	21	21	90	565	369	12	169	40	104	20	17	7		
4	1	21	21	91	555	387	6	173	38	122	17	23	8		
4	1	21	21	92	426	280	8	133	14	90	17	8	10		
4	1	21	21	93	479	285	11	127	26	90	9	13	9		
4	1	21	21	94	621	384	7	184	35	113	15	20	10		
4	1	21	21	95	611	417	6	182	39	136	24	23	7		
4	1	21	21	96	578	404	8	200	47	100	13	29	7		
4	1	21	21	97	708	463	12	217	44	144	23	14	9		
4	1	21	21	98	556	377	11	177	21	137	12	16	3		
4	1	21	21	99	470	313	5	146	29	76	24	23	10		
4	1	21	21	100	564	323	9	163	22	95	15	15	4		
4	1	21	21	101	449	278	9	136	25	73	18	14	3		
4	1	21	21	102	540	347	2	171	14	128	12	12	8		
4	1	21	21	103	534	345	9	160	29	108	19	12	8		
4	1	21	21	104	554	314	6	146	18	107	18	7	12		
4	1	21	21	105	529	336	12	158	12	106	24	15	9		
4	1	21	21	106	609	454	10	228	42	111	33	25	5		
4	1	21	21	107	559	406	9	176	61	107	26	17	10		
4	1	21	21	108	768	563	12	224	78	156	41	39	13		
4	1	21	21	109	468	321	9	136	28	92	21	25	10		
4	1	21	21	110	399	284	4	136	19	86	13	16	10		
4	1	21	21	111	617	455	11	152	57	76	46	86	27		
4	1	21	21	112	552	357	7	202	18	97	16	7	10		
4	1	21	21	113	504	363	11	196	14	115	11	9	7		
4	1	21	21	114	518	287	10	170	13	83	0	7	4		
4	1	21	21	115	578	317	11	146	12	116	14	7	11		
4	1	21	21	116	477	297	8	153	19	99	6	9	3		
4	1	21	21	117	503	327	6	173	19	100	13	11	5		
4	1	21	21	118	513	297	8	131	12	105	14	16	11		
4	1	21	21	119	466	269	8	127	7	91	9	13	14		
4	1	21	21	120	630	363	17	172	9	133	11	16	5		
4	1	21	21	121	625	366	14	182	14	114	11	20	11		
4	1	21	21	122	623	377	9	191	13	131	9	10	14		
4	1	21	21	123	352	225	9	106	13	58	14	19	6		
4	1	21	21	124	413	256	1	121	27	76	12	17	2		
4	1	21	21	125	323	176	4	74	14	52	16	10	6		
4	1	21	21	126	439	302	4	128	12	107	24	15	12		
4	1	21	21	127	388	267	13	111	12	80	21	27	3		
4	1	21	21	128	398	240	8	102	19	72	9	24	6		
4	1	21	21	129	773	576	10	198	124	133	48	54	9		
4	1	21	21	130	710	522	29	179	100	118	46	38	12		
4	1	21	21	131	336	265	3	119	41	74	12	14	2		
4	1	21	21	132	667	512	19	222	60	97	58	43	13		
4	1	21	21	133	722	482	8	218	31	141	38	35	11		
4	1	21	21	134	526	382	6	159	28	115	34	31	9		
4	1	21	21	135	669	481	10	179	115	109	36	21	11		
4	1	21	21	136	552	360	7	193	20	101	10	9	20		
4	1	21	21	137	598	400	7	160	45	118	27	32	11		
4	1	21	21	138	549	417	12	206	38	104	13	31	13		
4	1	21	21	139	574	411	3	235	16	107	19	20	11		
4	1	21	21	140	599	429	4	231	38	114	15	20	7		
4	1	21	21	141	375	242	1	77	48	60	18	26	12		
4	1	21	21	142	666	464	9	172	63	115	45	46	14		
4	1	21	21	143	719	494	7	171	86	141	29	40	20		
4	1	21	21	144	716	509	12	206	65	136	32	45	13		
4	1	21	21	145	503	386	5	141	61	112	27	33	7		
4	1	21	21	146	392	282	7	176	7	67	7	8	10		
4	1	21	21	147	348	232	6	147	26	43	4	5	1		
4	1	21	21	148	601	418	13	193	42	118	14	20	18		
4	1	21	21	149	630	446	8	222	39	120	17	19	21		
4	1	21	21	150	649	467	5	149	102	127	33	41	10		
4	1	21	21	151	609	419	8	214	29	124	18	13	13		
4	1	21	21	152	627	406	12	194	25	126	17	19	13		
4	1	21	21	153	627	432	18	221	31	118	25	11	8		
4	1	21	21	154	628	422	8	194	53	122	17	13	15		
4	1	21	21	155	599	446	9	112	144	115	26	34	6		
4	1	21	21	156	649	471	12	135	133	105	33	38	15		
4	1	21	21	157	563	429	11	163	79	105	27	37	7		
4	1	21	21	158	464	307	9	125	54	79	21	14	5		
4	1	21	21	159	751	529	15	189	80	138	48	47	12		
4	1	21	21	160	534	360	14	160	16	101	30	29	10		
4	1	21	21	161	388	262	6	82	45	60	24	39	6		
4	1	21	21	162	359	223	4	92	41	54	18	7	7		
4	1	21	21	163	412	308	9	124	61	50	28	30	6		
4	1	21	21	164	362	286	7	115	45	41	39	33	6		
4	1	21	21	165	357	284	7	97	31	71	19	51	8		
4	1	21	21	166	334	263	5	104	21	79	21	23	10		
4	1	21	21	167	646	399	8	156	27	124	34	43	7		
4	1	21	21	168	510	337	6	123	27	107	26	40	8		
4	1	21	21	169	473	300	9	99	22	106	31	28	5		
4	1	21	21	170	525	338	7	108	23	127	30	37	6		
4	1	21	21	171	293	169	0	80	9	66	5	7	2		
4	1	21	21	172	361	250	2	122	17	80	12	12	5		
4	1	21	21	173	503	354	7	122	37	100	34	44	10		
4	1	21	21	174	382	291	6	116	21	87	22	30	9		
4	1	21	21	175	0	41	2	25	2	10	0	1	1		
4	1	22	22	0	0	1063	22	537	115	191	68	91	39		
4	1	22	22	1	175	142	5	49	26	47	5	8	2		
4	1	22	22	2	367	270	2	143	20	82	11	3	9		
4	1	22	22	3	334	204	5	105	9	63	8	8	6		
4	1	22	22	4	370	242	23	129	11	62	5	9	3		
4	1	22	22	5	331	201	12	112	4	55	6	3	9		
4	1	22	22	6	229	149	3	65	18	34	7	15	7		
4	1	22	22	7	305	180	2	102	5	59	2	8	2		
4	1	22	22	8	500	300	8	100	43	82	28	29	10		
4	1	22	22	9	501	358	23	105	70	71	30	45	14		
4	1	22	22	10	409	291	3	65	87	72	17	33	14		
4	1	22	22	11	345	198	2	100	5	67	6	11	7		
4	1	22	22	12	625	373	9	127	66	91	30	35	15		
4	1	22	22	13	743	521	12	187	37	138	53	70	24		
4	1	22	22	14	186	135	3	65	14	21	13	10	9		
4	1	22	22	15	438	284	5	119	31	67	24	29	9		
4	1	22	22	16	405	233	13	124	15	47	11	17	6		
4	1	22	22	17	762	530	12	195	58	156	54	32	23		
4	1	22	22	18	407	261	6	90	50	69	21	17	8		
4	1	22	22	19	583	72	3	32	11	14	4	7	1		
4	1	22	22	20	285	351	11	147	66	82	14	19	12		
4	1	22	22	21	441	365	10	150	36	103	28	26	12		
4	1	22	22	22	297	156	4	90	9	34	6	8	5		
4	1	22	22	23	310	233	2	152	12	46	12	6	3		
4	1	22	22	24	339	236	6	80	42	72	16	11	9		
4	1	22	22	25	387	277	6	90	61	74	12	22	12		
4	1	22	22	26	296	178	5	64	26	49	18	7	9		
4	1	22	22	27	383	228	3	107	17	74	10	5	12		
4	1	22	22	28	399	230	7	120	16	61	12	11	3		
4	1	22	22	29	365	232	6	65	44	63	19	20	15		
4	1	22	22	30	291	202	3	102	12	61	13	7	4		
4	1	22	22	31	490	356	9	123	60	80	39	35	10		
4	1	22	22	32	534	399	9	183	39	95	26	30	17		
4	1	22	22	33	257	201	5	95	21	64	3	7	6		
4	1	22	22	34	369	244	2	122	11	80	17	8	4		
4	1	22	22	35	290	181	3	83	24	41	8	11	11		
4	1	22	22	36	680	502	12	193	72	156	33	24	12		
4	1	22	22	37	377	281	6	152	17	77	12	11	6		
4	1	22	22	38	677	498	28	270	39	100	20	28	13		
4	1	22	22	39	459	349	3	141	56	82	26	29	12		
4	1	22	22	40	738	546	16	212	54	111	51	74	28		
4	1	22	22	41	656	438	7	174	43	143	32	21	18		
4	1	22	22	42	813	542	12	230	45	133	59	31	32		
4	1	22	22	43	831	532	9	217	68	154	30	34	20		
4	1	22	22	44	596	392	11	171	60	93	18	26	13		
4	1	22	22	45	549	404	13	151	45	129	25	22	19		
4	1	22	22	46	311	222	6	94	33	60	13	8	8		
4	1	22	22	47	801	577	21	188	91	130	60	56	31		
4	1	22	22	48	840	567	14	221	59	153	51	36	33		
4	1	22	22	49	903	657	17	239	77	186	52	49	37		
4	1	22	22	50	1000	661	12	238	95	213	56	24	23		
4	1	22	22	51	480	352	5	128	42	118	30	15	14		
4	1	22	22	52	643	438	4	185	50	122	39	23	15		
4	1	22	22	53	463	363	11	140	61	97	21	15	18		
4	1	22	22	54	771	538	10	217	78	175	23	16	19		
4	1	22	22	55	490	357	9	122	71	95	20	18	22		
4	1	22	22	56	651	466	8	177	46	137	32	39	27		
4	1	22	22	57	587	472	44	171	54	123	27	19	34		
4	1	22	22	58	512	365	9	136	37	131	22	6	24		
4	1	22	22	59	275	225	7	77	71	46	11	12	1		
4	1	22	22	60	663	519	18	249	82	84	25	38	23		
4	1	22	22	61	717	541	8	210	79	128	57	44	15		
4	1	22	22	62	560	375	6	113	81	106	32	29	8		
4	1	22	22	63	365	234	8	64	63	70	11	11	7		
4	1	22	22	64	508	351	10	112	69	88	23	31	18		
4	1	22	22	65	345	186	8	98	2	54	7	11	6		
4	1	22	22	66	336	214	5	86	7	94	5	9	8		
4	1	22	22	67	273	174	3	69	16	60	6	10	10		
4	1	22	22	68	370	304	6	145	29	65	14	29	16		
4	1	22	22	69	408	326	2	159	33	87	15	20	10		
4	1	22	22	70	533	387	14	169	48	97	26	23	10		
4	1	22	22	71	716	459	11	199	28	114	36	44	27		
4	1	22	22	72	409	266	5	104	53	64	21	8	11		
4	1	22	22	73	691	450	18	186	44	124	27	35	16		
4	1	22	22	74	389	306	4	133	36	69	20	19	25		
4	1	22	22	75	470	334	10	180	11	74	16	22	21		
4	1	22	22	76	512	357	8	193	32	77	13	21	13		
4	1	22	22	77	420	261	9	114	19	76	19	15	9		
4	1	22	22	78	506	388	4	184	38	95	30	24	13		
4	1	22	22	79	432	302	6	111	63	76	18	20	8		
4	1	22	22	80	324	200	5	104	9	61	7	6	8		
4	1	22	22	81	352	229	5	120	6	64	8	12	14		
4	1	22	22	82	442	278	1	128	20	95	11	11	12		
4	1	22	22	83	346	259	2	113	25	77	16	15	11		
4	1	22	22	84	410	266	10	150	11	67	7	11	10		
4	1	22	22	85	849	555	18	199	73	151	44	30	40		
4	1	22	22	86	338	209	5	97	17	61	15	7	7		
4	1	22	22	87	502	357	5	121	84	82	20	22	23		
4	1	22	22	88	369	270	16	140	14	65	9	15	11		
4	1	22	22	89	377	286	6	142	24	77	9	15	13		
4	1	22	22	90	470	307	6	146	18	94	14	11	18		
4	1	22	22	91	278	148	5	70	12	41	8	8	4		
4	1	22	22	92	429	313	8	169	20	65	12	18	21		
4	1	22	22	93	259	172	1	82	15	50	11	8	5		
4	1	22	22	94	442	300	5	142	28	93	14	12	6		
4	1	22	22	95	330	232	7	118	10	72	10	5	10		
4	1	22	22	96	452	318	6	139	33	86	26	18	10		
4	1	22	22	97	243	171	3	69	16	53	14	11	5		
4	1	22	22	98	419	283	5	114	36	89	15	20	4		
4	1	22	22	99	658	438	11	193	37	122	32	30	13		
4	1	22	22	100	383	287	4	122	25	80	25	20	11		
4	1	22	22	101	373	242	7	128	9	69	3	14	12		
4	1	22	22	102	273	185	6	89	18	48	12	9	3		
4	1	22	22	103	287	192	3	89	15	45	16	15	9		
4	1	22	22	104	327	230	8	113	11	79	9	6	4		
4	1	22	22	105	364	245	8	116	21	77	9	5	9		
4	1	22	22	106	348	248	7	116	24	71	7	9	14		
4	1	22	22	107	338	236	5	114	14	78	7	10	8		
4	1	22	22	108	345	245	3	116	23	77	12	4	10		
4	1	22	22	109	324	241	5	102	25	75	11	13	10		
4	1	22	22	110	360	268	7	108	26	66	25	21	15		
4	1	22	22	111	336	245	6	107	29	72	12	10	9		
4	1	22	22	112	418	281	6	138	14	89	13	14	7		
4	1	22	22	113	244	188	5	76	23	47	14	12	11		
4	1	22	22	114	254	174	5	79	11	61	5	4	9		
4	1	22	22	115	411	303	2	130	38	83	28	16	6		
4	1	22	22	116	393	248	4	117	18	73	17	12	7		
4	1	22	22	117	235	205	1	86	20	76	9	8	5		
4	1	22	22	118	453	290	5	147	14	99	7	9	9		
4	1	22	22	119	397	266	12	130	13	89	6	5	11		
4	1	22	22	120	451	349	10	163	35	87	25	17	12		
4	1	22	22	121	519	353	7	101	73	102	29	33	8		
4	1	22	22	122	490	331	5	156	18	108	19	11	14		
4	1	22	22	123	531	365	5	125	67	108	27	22	11		
4	1	22	22	124	445	296	4	55	90	73	33	32	9		
4	1	22	22	125	159	129	2	68	8	32	9	6	4		
4	1	22	22	126	413	266	8	103	17	103	11	14	10		
4	1	22	22	127	395	269	14	122	20	84	10	11	8		
4	1	22	22	128	409	263	10	102	18	100	11	10	12		
4	1	22	22	129	233	153	3	70	6	62	4	2	6		
4	1	22	22	130	465	337	9	144	38	89	25	20	12		
4	1	22	22	131	370	279	4	118	21	108	9	8	11		
4	1	22	22	132	373	235	6	111	13	82	7	8	8		
4	1	22	22	133	321	212	5	101	8	75	9	9	5		
4	1	22	22	134	457	273	7	120	20	99	10	6	11		
4	1	22	22	135	343	235	2	95	18	81	7	19	13		
4	1	22	22	136	387	285	8	99	46	77	28	13	14		
4	1	22	22	137	314	235	13	127	11	61	10	4	9		
4	1	22	22	138	408	276	9	125	13	98	9	11	11		
4	1	22	22	139	409	285	11	153	14	72	17	6	12		
4	1	22	22	140	330	197	4	99	10	64	7	6	7		
4	1	22	22	141	598	390	13	204	20	115	16	17	5		
4	1	22	22	142	782	509	16	181	45	158	49	25	35		
4	1	22	22	143	384	273	8	78	68	85	10	8	16		
4	1	22	22	144	344	220	3	103	7	71	15	11	10		
4	1	22	22	145	554	334	6	144	15	125	20	11	13		
4	1	22	22	146	432	314	5	139	43	69	12	24	22		
4	1	22	22	147	292	205	5	73	32	46	21	18	10		
4	1	22	22	148	577	354	4	175	15	111	23	15	11		
4	1	22	22	149	893	479	9	198	30	193	21	17	11		
4	1	22	22	150	693	489	4	176	39	110	66	56	38		
4	1	22	22	151	872	481	7	199	32	190	23	9	21		
4	1	22	22	152	545	392	5	128	18	110	53	39	39		
4	1	22	22	153	615	345	6	147	23	119	22	14	14		
4	1	22	22	154	395	276	8	102	20	77	23	27	19		
4	1	22	22	155	841	448	11	197	28	160	20	13	19		
4	1	22	22	156	698	451	5	215	35	126	23	25	22		
4	1	22	22	157	957	623	26	273	24	192	38	37	33		
4	1	22	22	158	679	394	6	147	17	186	12	13	13		
4	1	22	22	159	543	357	9	129	27	97	37	41	17		
4	1	22	22	160	782	409	17	171	22	167	9	12	11		
4	1	22	22	161	588	431	10	185	55	106	31	33	11		
4	1	22	22	162	467	323	1	131	34	85	27	24	21		
4	1	22	22	163	515	341	13	147	12	116	22	20	11		
4	1	22	22	164	281	206	3	93	17	62	16	9	6		
4	1	22	22	165	458	304	1	126	34	88	28	13	14		
4	1	22	22	166	592	421	8	149	44	103	35	51	31		
4	1	22	22	167	559	354	7	151	18	141	12	15	10		
4	1	22	22	168	544	310	4	143	9	126	12	11	5		
4	1	22	22	169	522	322	8	143	17	114	17	12	11		
4	1	22	22	170	450	272	6	134	20	78	10	15	9		
4	1	22	22	171	439	282	8	119	14	100	16	12	13		
4	1	22	22	172	591	417	12	117	51	154	29	30	24		
4	1	22	22	173	513	387	4	141	54	88	42	36	22		
4	1	22	22	174	469	377	3	222	21	75	32	9	15		
4	1	22	22	175	581	340	9	128	22	118	23	25	15		
4	1	22	22	176	623	442	12	190	51	99	39	38	13		
4	1	22	22	177	478	348	8	137	50	99	21	13	20		
4	1	22	22	178	560	388	2	155	53	79	26	50	23		
4	1	22	22	179	290	181	5	70	5	77	12	7	5		
4	1	22	22	180	400	239	7	95	17	69	22	21	8		
4	1	22	22	181	375	219	0	94	12	79	12	12	10		
4	1	22	22	182	365	226	3	92	8	83	13	15	12		
4	1	22	22	183	336	181	3	80	8	67	10	5	8		
4	1	22	22	184	684	491	10	206	42	91	43	62	37		
4	1	22	22	185	670	482	13	200	51	113	29	52	24		
4	1	22	22	186	404	268	6	112	10	71	17	24	28		
4	1	22	22	187	535	386	9	167	49	87	22	38	14		
4	1	22	22	188	306	203	7	103	19	50	11	10	3		
4	1	22	22	189	666	488	10	158	67	97	68	67	21		
4	1	22	22	190	872	618	15	228	54	196	50	31	44		
4	1	22	22	191	414	308	4	121	31	60	36	36	20		
4	1	22	22	192	322	211	4	87	15	52	14	27	12		
4	1	22	22	193	358	224	4	97	15	62	24	17	5		
4	1	22	22	194	169	126	4	48	15	44	1	7	7		
4	1	22	22	195	190	114	3	42	7	41	6	10	5		
4	1	22	22	196	448	293	4	118	16	86	25	26	18		
4	1	22	22	197	151	108	2	45	3	34	7	11	6		
4	1	22	22	198	138	98	0	21	18	18	10	26	5		
4	1	22	22	199	0	133	5	94	14	13	1	1	5		
4	1	22	22	200	0	101	1	71	15	9	3	1	1		
4	1	22	22	201	0	40	3	21	4	12	0	0	0		
4	1	22	22	202	0	27	1	13	2	5	1	3	2		
4	1	22	22	203	0	25	0	14	1	8	1	1	0		
4	1	23	23	0	0	868	24	371	134	165	77	87	10		
4	1	23	23	1	731	509	10	236	50	146	32	23	12		
4	1	23	23	2	751	496	12	218	73	115	32	32	14		
4	1	23	23	3	760	520	13	257	44	110	48	43	5		
4	1	23	23	4	702	521	13	205	70	127	62	39	5		
4	1	23	23	5	596	432	14	144	65	112	50	41	6		
4	1	23	23	6	611	448	8	145	54	114	70	48	9		
4	1	23	23	7	641	505	11	175	79	133	46	48	13		
4	1	23	23	8	597	442	12	165	63	118	50	27	7		
4	1	23	23	9	689	498	12	190	51	137	60	40	8		
4	1	23	23	10	690	478	11	180	65	122	46	46	8		
4	1	23	23	11	601	416	7	150	40	99	53	54	13		
4	1	23	23	12	767	537	9	189	99	133	40	61	6		
4	1	23	23	13	765	782	13	304	188	155	66	46	10		
4	1	23	23	14	425	124	20	80	16	5	1	1	1		
4	1	23	23	15	657	441	4	180	82	86	40	38	11		
4	1	23	23	16	770	497	10	205	58	134	29	52	9		
4	1	23	23	17	746	562	13	223	91	123	55	51	6		
4	1	23	23	18	750	503	7	153	110	103	46	72	12		
4	1	23	23	19	737	537	14	195	92	124	56	42	14		
4	1	23	23	20	561	415	8	152	90	98	33	30	4		
4	1	23	23	21	532	392	7	129	80	107	35	29	5		
4	1	23	23	22	693	463	16	129	98	131	50	28	11		
4	1	23	23	23	859	573	9	273	48	148	37	47	11		
4	1	23	23	24	710	512	14	181	97	116	50	41	13		
4	1	23	23	25	601	396	12	118	95	86	47	18	20		
4	1	23	23	26	709	513	7	77	188	124	60	52	5		
4	1	23	23	27	790	583	10	179	138	169	47	36	4		
4	1	23	23	28	602	431	4	163	106	85	32	35	6		
4	1	23	23	29	486	343	10	118	71	81	32	27	4		
4	1	23	23	30	698	474	6	87	170	97	55	51	8		
4	1	23	23	31	653	509	12	115	147	109	50	65	11		
4	1	23	23	32	571	411	7	132	91	102	45	30	4		
4	1	23	23	33	745	537	7	153	117	152	45	45	18		
4	1	23	23	34	621	398	6	130	99	79	39	43	2		
4	1	23	23	35	809	575	10	147	166	116	75	54	7		
4	1	23	23	36	678	480	5	194	86	130	30	31	4		
4	1	23	23	37	633	422	13	215	41	108	20	21	4		
4	1	23	23	38	744	589	10	139	183	127	71	52	7		
4	1	23	23	39	745	514	12	206	92	140	31	25	8		
4	1	23	23	40	773	567	10	186	139	101	51	65	15		
4	1	23	23	41	712	515	14	229	65	104	48	45	10		
4	1	23	23	42	740	548	10	260	45	165	42	18	8		
4	1	23	23	43	310	216	14	133	29	27	6	5	2		
4	1	23	23	44	738	528	19	223	59	134	49	34	10		
4	1	23	23	45	774	507	16	218	56	132	31	37	17		
4	1	23	23	46	781	533	15	258	51	131	46	25	7		
4	1	23	23	47	818	561	13	246	78	118	38	58	10		
4	1	23	23	48	641	398	6	180	43	122	16	25	6		
4	1	23	23	49	622	396	11	195	26	136	10	9	9		
4	1	23	23	50	788	558	36	301	42	131	26	14	8		
4	1	23	23	51	735	564	11	179	119	141	59	41	14		
4	1	23	23	52	537	375	5	168	30	105	32	23	12		
4	1	23	23	53	606	401	9	204	24	127	16	10	11		
4	1	23	23	54	657	477	17	232	44	117	31	25	11		
4	1	23	23	55	599	458	9	152	90	107	45	46	9		
4	1	23	23	56	758	528	6	246	83	134	37	17	5		
4	1	23	23	57	395	303	6	106	67	86	20	13	5		
4	1	23	23	58	807	575	9	262	67	151	35	35	16		
4	1	23	23	59	768	555	12	278	39	159	30	27	10		
4	1	23	23	60	708	481	11	231	37	126	33	28	15		
4	1	23	23	61	777	583	16	215	110	142	54	35	11		
4	1	23	23	62	752	528	14	237	68	133	36	32	8		
4	1	23	23	63	762	485	24	183	74	145	29	22	8		
4	1	23	23	64	756	492	13	189	65	134	44	38	9		
4	1	23	23	65	750	534	10	187	104	165	22	42	4		
4	1	23	23	66	924	610	13	250	55	194	36	55	7		
4	1	23	23	67	785	595	12	340	54	99	41	36	13		
4	1	23	23	68	795	591	11	247	77	136	56	44	20		
4	1	23	23	69	692	465	7	194	70	130	29	18	17		
4	1	23	23	70	568	398	6	187	40	115	14	28	8		
4	1	23	23	71	619	472	15	216	34	118	52	25	12		
4	1	23	23	72	606	421	11	156	57	116	35	33	13		
4	1	23	23	73	612	415	18	228	26	113	13	9	8		
4	1	23	23	74	650	458	13	217	33	148	20	21	6		
4	1	23	23	75	645	428	9	192	31	148	20	17	11		
4	1	23	23	76	796	559	16	197	116	119	44	53	14		
4	1	23	23	77	779	595	20	156	181	114	58	54	12		
4	1	23	23	78	777	580	17	264	58	146	53	34	8		
4	1	23	23	79	748	555	6	148	160	111	65	58	7		
4	1	23	23	80	775	550	11	259	60	157	31	25	7		
4	1	23	23	81	805	618	15	265	53	148	57	66	14		
4	1	23	23	82	809	608	13	243	57	169	56	55	15		
4	1	23	23	83	808	505	9	224	38	174	31	21	8		
4	1	23	23	84	828	485	7	219	25	167	28	31	8		
4	1	23	23	85	809	560	10	287	38	157	27	27	14		
4	1	23	23	86	653	485	6	241	27	160	21	21	9		
4	1	23	23	87	721	513	9	217	67	132	38	41	9		
4	1	23	23	88	506	377	4	135	64	114	33	19	8		
4	1	23	23	89	797	536	17	235	26	179	30	39	10		
4	1	23	23	90	702	476	5	250	31	128	26	23	13		
4	1	23	23	91	576	365	1	120	46	93	49	54	2		
4	1	23	23	92	0	205	72	95	18	9	1	5	5		
4	1	23	23	93	0	55	4	17	24	8	1	0	1		
4	1	23	23	94	0	39	1	32	5	1	0	0	0		
