T	WV	WK	BZ	SPR	WBER  	 ABG.   	UNG.   	SPOE   	OEVP   	FPOE   	LIF    	GRUE   	KPOE   	Sonstige	Typ	Jahr
4	9	1	3	1	494	410	15	129	76	69	47	56	6	12	EU	1996
4	9	1	3	2	488	291	12	64	70	61	32	43	3	6		
4	9	1	3	3	401	264	13	52	60	70	13	50	1	5		
4	9	1	3	4	336	318	10	84	78	54	30	54	3	5		
4	9	1	3	5	574	389	12	90	97	105	29	51	2	3		
4	9	1	3	6	548	320	21	104	87	44	22	28	3	11		
4	9	1	3	7	391	247	15	73	45	55	16	37	1	5		
4	9	1	3	8	492	291	11	68	66	58	35	48	2	3		
4	9	1	3	9	902	569	18	131	181	96	49	81	3	10		
4	9	1	3	10	418	239	3	57	65	54	18	33	1	8		
4	9	1	3	11	545	364	17	101	93	69	24	52	0	8		
4	9	1	3	12	500	395	12	108	102	58	32	73	3	7		
4	9	1	3	13	529	450	10	114	132	60	36	86	2	10		
4	9	1	3	14	804	512	17	123	133	117	33	73	2	14		
4	9	1	3	15	518	326	13	74	80	62	33	57	0	7		
4	9	1	3	16	442	269	10	72	61	48	23	45	6	4		
4	9	1	3	17	616	490	10	137	126	104	42	55	3	13		
4	9	1	3	18	550	344	4	89	102	55	28	56	2	8		
4	9	1	3	19	526	348	10	81	114	64	30	40	0	9		
4	9	1	3	20	470	434	11	88	133	85	40	61	5	11		
4	9	1	3	21	483	329	11	116	61	75	24	24	3	15		
4	9	1	3	22	470	306	7	64	86	60	36	45	0	8		
4	9	1	3	23	827	551	16	129	143	113	35	96	6	13		
4	9	1	3	24	514	330	11	89	80	62	20	57	0	11		
4	9	1	3	25	378	250	5	70	55	49	17	44	5	5		
4	9	1	3	26	834	516	12	105	170	107	36	70	3	13		
4	9	1	3	27	443	291	17	108	47	62	14	31	2	10		
4	9	1	3	28	344	191	9	57	36	41	13	31	1	3		
4	9	1	3	29	255	260	7	90	50	48	18	40	3	4		
4	9	1	3	30	343	206	4	63	48	49	14	25	0	3		
4	9	1	3	31	613	386	14	153	74	68	22	45	2	8		
4	9	1	3	32	717	466	19	174	85	102	30	39	5	12		
4	9	1	3	33	435	336	11	137	34	72	15	55	2	10		
4	9	1	3	34	562	336	6	107	80	64	31	37	4	7		
4	9	1	3	35	489	301	14	112	35	85	11	27	5	12		
4	9	1	3	36	540	383	25	152	51	92	19	28	5	11		
4	9	1	3	37	818	515	20	206	70	141	24	40	7	7		
4	9	1	3	38	446	318	6	144	32	103	13	12	1	7		
4	9	1	3	39	467	326	20	145	23	93	12	22	3	8		
4	9	1	3	40	654	419	25	188	29	121	17	27	4	8		
4	9	1	3	41	560	309	16	114	56	67	20	31	1	4		
4	9	1	3	42	547	394	15	147	70	87	21	45	3	6		
4	9	1	3	43	445	278	16	123	36	75	8	13	2	5		
4	9	1	3	44	484	294	19	106	46	72	17	22	5	7		
4	9	1	3	45	777	491	25	222	57	122	28	28	2	7		
4	9	1	3	46	474	343	22	136	33	93	18	30	3	8		
4	9	1	3	47	591	389	24	190	48	91	10	21	2	3		
4	9	1	3	48	532	366	24	144	43	108	14	19	6	8		
4	9	1	3	49	479	358	9	100	109	77	22	32	1	8		
4	9	1	3	50	466	306	26	64	68	64	31	47	1	5		
4	9	1	3	51	538	362	11	82	97	88	26	50	1	7		
4	9	1	3	52	530	333	14	97	71	85	20	33	3	10		
4	9	1	3	53	613	370	12	113	81	81	25	48	2	8		
4	9	1	3	54	569	432	43	248	61	49	7	14	0	10		
4	9	1	3	55	446	303	15	138	30	70	17	27	1	5		
4	9	1	3	56	651	371	11	142	65	117	13	16	2	5		
4	9	1	3	57	619	379	20	169	47	107	13	11	2	10		
4	9	1	3	58	503	400	12	72	123	68	45	64	2	14		
4	9	1	3	59	449	419	12	103	117	65	34	67	7	14		
4	9	1	3	60	533	356	11	68	110	61	33	59	3	11		
4	9	1	3	61	356	290	7	53	102	64	23	34	0	7		
4	9	1	3	62	569	364	7	96	87	77	31	58	2	6		
4	9	1	3	63	381	593	11	217	176	79	31	66	3	10		
4	9	1	3	64	520	335	20	93	95	73	22	22	2	8		
4	9	1	3	65	521	349	9	81	125	63	28	37	0	6		
4	9	1	3	66	604	376	17	100	103	81	25	44	1	5		
4	9	1	3	67	481	296	9	64	77	63	26	52	2	3		
4	9	1	3	68	536	453	9	100	152	85	42	48	1	16		
4	9	1	3	69	501	321	11	55	109	65	25	50	4	2		
4	9	1	3	70	568	338	13	62	110	65	29	52	3	4		
4	9	1	3	71	496	360	9	93	99	58	24	71	1	5		
4	9	1	3	72	606	409	12	126	97	83	22	49	2	18		
4	9	1	3	73	492	306	11	99	53	77	18	38	1	9		
4	9	1	3	74	433	369	12	78	80	85	30	71	1	12		
4	9	1	3	75	589	372	11	111	87	101	17	32	3	10		
4	9	1	3	76	321	199	8	42	58	41	13	23	1	13		
4	9	1	3	77	310	210	8	60	61	36	12	28	0	5		
4	9	1	3	78	563	343	11	86	95	68	23	52	3	5		
4	9	1	3	79	551	325	9	99	71	65	34	37	2	8		
4	9	1	3	80	444	259	9	77	58	65	17	28	1	4		
4	9	1	3	81	568	362	15	52	130	52	26	78	0	9		
4	9	1	3	82	497	322	5	72	105	75	21	31	2	11		
4	9	1	3	83	446	381	13	146	75	95	22	20	1	9		
4	9	1	3	84	912	591	16	113	202	98	45	102	7	8		
4	9	1	3	85	481	313	8	62	104	58	27	46	1	7		
4	9	1	3	86	460	300	7	57	126	39	29	31	3	8		
4	9	1	3	87	527	400	13	82	142	81	41	34	1	6		
4	9	1	3	88	490	429	11	71	165	86	26	60	5	5		
4	9	1	3	89	538	344	16	110	64	84	29	28	1	12		
4	9	1	3	90	558	360	14	72	124	79	16	41	2	12		
4	9	1	3	91	594	407	15	112	102	88	31	53	2	4		
4	9	1	3	92	555	310	11	118	41	75	21	31	5	8		
4	9	1	3	93	405	241	7	80	36	61	18	32	2	5		
4	9	1	3	94	525	339	13	104	75	95	20	22	1	9		
4	9	1	3	95	590	370	18	62	119	76	38	44	3	10		
4	9	1	3	96	701	431	20	128	99	97	25	51	3	8		
4	9	1	3	97	492	396	15	89	99	88	18	72	3	12		
4	9	1	3	98	674	357	8	122	78	86	18	33	6	6		
4	9	1	3	99	534	401	18	96	100	105	23	43	4	12		
4	9	1	3	100	417	282	3	48	106	65	26	26	3	5		
4	9	1	3	101	581	364	14	164	41	111	12	13	3	6		
4	9	1	3	102	516	291	21	148	21	74	11	11	0	5		
4	9	1	3	103	493	305	26	144	21	84	9	10	1	10		
4	9	1	3	104	514	345	14	81	89	91	16	47	5	2		
4	9	1	3	105	463	359	23	159	34	90	19	19	3	12		
4	9	1	3	106	387	133	1	52	12	51	4	7	1	5		
4	9	1	3	107	461	353	22	61	126	77	27	31	0	9		
4	9	1	3	108	472	374	15	63	154	68	23	37	4	10		
4	9	1	3	109	455	360	22	45	169	72	16	27	0	9		
4	9	1	3	110	870	585	20	182	120	88	59	92	3	21		
4	9	1	3	111	0	87	4	29	39	12	1	1	0	1		
4	9	1	3	112	0	156	5	53	27	44	11	10	0	6		
4	9	1	3	113	0	98	3	44	12	24	4	7	2	2		
4	9	1	3	114	0	107	8	35	32	15	6	8	0	3		
4	9	1	3	115	0	86	1	34	28	6	4	12	0	1		
4	9	1	4	1	641	403	8	71	177	55	36	44	0	12		
4	9	1	4	2	571	541	16	96	176	84	47	105	5	12		
4	9	1	4	3	581	356	9	93	104	68	25	42	2	13		
4	9	1	4	4	605	415	12	121	95	41	38	87	6	15		
4	9	1	4	5	677	441	12	143	82	96	35	62	2	9		
4	9	1	4	6	470	495	10	81	132	76	47	129	5	15		
4	9	1	4	7	613	402	5	89	113	88	33	60	4	10		
4	9	1	4	8	560	354	6	74	79	82	31	70	4	8		
4	9	1	4	9	610	421	13	85	94	82	40	97	2	8		
4	9	1	4	10	604	409	18	76	133	92	25	48	6	11		
4	9	1	4	11	761	512	21	86	187	83	41	84	2	8		
4	9	1	4	12	671	438	27	86	118	76	28	86	4	13		
4	9	1	4	13	576	386	16	79	106	71	36	67	2	9		
4	9	1	4	14	556	410	13	159	85	78	16	46	4	9		
4	9	1	4	15	537	360	11	110	77	76	23	47	4	12		
4	9	1	4	16	631	399	16	111	103	74	42	46	0	7		
4	9	1	4	17	515	478	25	164	117	72	24	58	2	16		
4	9	1	4	18	629	401	19	115	101	91	21	41	5	8		
4	9	1	4	19	654	437	5	113	131	89	35	54	4	6		
4	9	1	4	20	596	469	16	94	157	74	49	65	4	10		
4	9	1	4	21	748	520	16	104	140	134	34	68	6	18		
4	9	1	4	22	801	567	19	145	149	121	44	74	7	8		
4	9	1	4	23	824	552	26	155	142	112	32	55	5	25		
4	9	1	4	24	679	439	12	77	153	88	46	54	3	6		
4	9	1	4	25	755	459	15	123	133	85	29	64	2	8		
4	9	1	4	26	604	386	17	135	67	83	32	42	1	9		
4	9	1	4	27	816	545	16	105	160	103	48	92	6	15		
4	9	1	4	28	695	429	14	94	133	71	28	79	4	6		
4	9	1	4	29	717	483	11	124	121	92	40	76	6	13		
4	9	1	4	30	560	451	10	101	137	73	39	79	3	9		
4	9	1	4	31	604	426	13	81	148	86	36	50	4	8		
4	9	1	4	32	733	507	20	103	172	88	53	61	1	9		
4	9	1	4	33	657	448	10	81	166	72	48	63	0	8		
4	9	1	5	1	613	388	20	78	89	78	34	74	6	9		
4	9	1	5	2	589	472	13	137	101	83	39	92	2	5		
4	9	1	5	3	578	375	11	82	85	54	40	91	4	8		
4	9	1	5	4	766	480	18	110	118	110	45	66	4	9		
4	9	1	5	5	728	466	17	121	86	99	40	87	5	11		
4	9	1	5	6	599	587	21	174	123	94	54	107	2	12		
4	9	1	5	7	596	356	10	107	68	96	27	40	3	5		
4	9	1	5	8	635	484	13	123	103	112	42	70	2	19		
4	9	1	5	9	603	389	18	109	84	85	27	53	1	12		
4	9	1	5	10	639	414	17	110	94	102	18	63	2	8		
4	9	1	5	11	469	358	4	85	93	77	24	63	3	9		
4	9	1	5	12	498	310	12	72	68	67	24	57	2	8		
4	9	1	5	13	584	394	17	167	46	93	23	36	3	9		
4	9	1	5	14	592	384	18	156	72	86	19	26	2	5		
4	9	1	5	15	616	402	20	151	71	93	24	33	5	5		
4	9	1	5	16	551	325	13	106	57	81	26	34	2	6		
4	9	1	5	17	729	533	25	219	91	110	24	51	2	11		
4	9	1	5	18	613	400	26	191	33	109	7	21	6	7		
4	9	1	5	19	559	383	13	133	86	88	25	31	0	7		
4	9	1	5	20	483	277	10	93	50	63	21	30	1	9		
4	9	1	5	21	836	498	26	168	74	126	33	54	3	14		
4	9	1	5	22	649	409	15	147	49	105	30	50	4	9		
4	9	1	5	23	719	446	15	139	83	93	22	76	2	16		
4	9	1	5	24	725	459	11	118	111	101	39	72	3	4		
4	9	1	5	25	748	466	18	130	83	110	23	88	4	10		
4	9	1	5	26	576	469	10	110	130	81	46	82	5	5		
4	9	1	5	27	485	351	6	81	79	61	38	72	1	13		
4	9	1	5	28	793	517	20	131	113	125	39	71	5	13		
4	9	1	5	29	513	348	7	85	96	64	28	55	3	10		
4	9	1	5	30	722	426	14	91	134	99	40	39	2	7		
4	9	1	5	31	805	486	14	114	125	111	35	78	1	8		
4	9	1	5	32	455	271	8	66	78	48	21	43	2	5		
4	9	1	5	33	397	312	11	96	54	75	21	47	2	6		
4	9	1	5	34	458	273	8	79	51	69	15	45	3	3		
4	9	1	5	35	423	284	7	96	51	64	21	35	7	3		
4	9	1	5	36	420	331	9	100	55	95	27	36	2	7		
4	9	1	5	37	540	325	16	85	66	89	18	40	4	7		
4	9	1	5	38	590	366	10	112	91	69	18	52	2	12		
4	9	1	5	39	434	259	14	72	40	75	15	32	3	8		
4	9	1	5	40	607	363	8	107	60	90	26	57	3	12		
4	9	1	5	41	552	347	23	107	62	86	23	37	2	7		
4	9	1	5	42	530	316	14	121	37	91	11	30	2	10		
4	9	1	5	43	630	412	18	134	74	128	25	27	2	4		
4	9	1	5	44	476	330	16	146	30	94	14	19	1	10		
4	9	1	5	45	392	237	22	108	20	63	8	7	2	7		
4	9	1	5	46	936	599	27	263	50	193	13	30	7	16		
4	9	1	5	47	520	383	18	176	36	110	13	26	2	2		
4	9	1	5	48	624	414	29	175	48	137	8	12	1	4		
4	9	1	5	49	632	394	12	122	87	108	14	32	1	18		
4	9	1	5	50	490	312	9	102	59	76	26	34	0	6		
4	9	1	5	51	559	362	17	107	94	82	15	38	1	8		
4	9	1	5	52	621	425	19	113	108	83	36	56	4	6		
4	9	1	5	53	565	361	15	109	86	70	20	48	0	13		
4	9	1	5	54	603	372	13	98	83	70	28	63	8	9		
4	9	1	5	55	507	342	9	110	70	76	27	45	0	5		
4	9	1	5	56	469	447	15	105	91	80	50	93	2	11		
4	9	1	5	57	0	85	6	11	55	8	0	4	0	1		
4	9	1	91	1	0	366	2	69	142	38	46	65	1	3		
4	9	1	91	2	0	0	0	0	0	0	0	0	0	0		
4	9	1	91	3	0	0	0	0	0	0	0	0	0	0		
4	9	2	1	1	319	211	0	25	93	33	16	37	1	6		
4	9	2	1	2	329	302	8	66	103	52	28	36	2	7		
4	9	2	1	3	316	193	4	34	77	35	20	20	0	3		
4	9	2	1	4	457	424	8	76	177	72	33	52	2	4		
4	9	2	1	5	553	440	8	109	133	87	44	46	7	6		
4	9	2	1	6	383	322	11	54	122	59	27	43	3	3		
4	9	2	1	7	391	239	5	47	73	38	26	44	2	4		
4	9	2	1	8	417	266	10	52	93	41	21	38	0	11		
4	9	2	1	9	612	385	8	102	125	54	36	54	1	5		
4	9	2	1	10	366	241	4	57	77	45	27	21	4	6		
4	9	2	1	11	378	265	2	47	120	47	17	30	1	1		
4	9	2	1	12	333	209	4	31	105	31	14	18	1	5		
4	9	2	1	13	454	326	7	62	115	62	41	29	1	9		
4	9	2	1	14	335	256	7	93	63	38	15	27	2	11		
4	9	2	1	15	691	498	12	77	213	64	41	76	3	12		
4	9	2	1	16	369	240	7	44	81	42	22	37	0	7		
4	9	2	1	17	459	344	16	80	96	68	37	40	0	7		
4	9	2	1	18	480	311	6	62	114	60	22	43	1	3		
4	9	2	1	19	415	245	5	41	88	55	28	24	1	3		
4	9	2	1	20	736	558	16	78	268	81	38	60	4	13		
4	9	2	1	21	388	257	5	53	98	49	25	24	1	2		
4	9	2	1	22	548	364	6	47	181	53	32	29	1	15		
4	9	2	1	23	414	266	6	41	108	52	24	30	0	5		
4	9	2	1	24	391	264	6	39	106	54	35	21	0	3		
4	9	2	1	25	210	511	9	73	166	80	76	94	0	13		
4	9	2	1	26	421	300	4	50	128	52	21	37	2	6		
4	9	2	1	27	538	385	10	76	132	86	31	42	0	8		
4	9	2	1	28	409	293	11	94	78	46	27	29	2	6		
4	9	2	1	29	330	212	5	45	49	44	22	42	2	3		
4	9	2	1	30	491	315	7	76	98	55	27	41	3	8		
4	9	2	1	31	350	233	7	40	96	33	25	29	0	3		
4	9	2	1	32	16602	248	5	43	96	48	13	31	0	12		
4	9	2	1	33	530	423	10	64	171	84	38	45	1	10		
4	9	2	6	1	543	443	11	108	129	80	37	71	0	7		
4	9	2	6	2	625	405	9	92	115	90	32	50	3	14		
4	9	2	6	3	735	530	10	105	146	118	48	92	5	6		
4	9	2	6	4	743	506	11	105	128	111	36	99	4	12		
4	9	2	6	5	670	452	19	147	85	87	39	62	2	11		
4	9	2	6	6	700	424	17	87	125	87	34	68	2	4		
4	9	2	6	7	716	432	18	118	84	77	40	75	6	14		
4	9	2	6	8	668	594	9	97	275	92	38	71	3	9		
4	9	2	6	9	705	470	19	92	148	70	65	64	6	6		
4	9	2	6	10	615	413	15	82	109	74	39	81	6	7		
4	9	2	6	11	723	431	13	101	136	72	34	62	1	12		
4	9	2	6	12	366	289	9	59	69	41	30	67	9	5		
4	9	2	6	13	539	350	16	77	78	75	31	64	2	7		
4	9	2	6	14	724	529	27	196	122	92	30	51	5	6		
4	9	2	6	15	484	314	7	73	91	55	32	44	4	8		
4	9	2	6	16	447	387	12	91	102	62	39	71	3	7		
4	9	2	6	17	780	522	28	113	138	92	42	91	6	12		
4	9	2	6	18	679	552	16	145	155	90	41	82	3	20		
4	9	2	6	19	701	528	8	100	140	91	51	123	5	10		
4	9	2	6	20	722	515	13	93	121	112	64	94	5	13		
4	9	2	6	21	674	446	8	72	148	86	49	75	1	7		
4	9	2	6	22	528	322	12	61	118	48	35	46	0	2		
4	9	2	6	23	604	406	7	84	105	66	47	88	3	6		
4	9	2	6	24	517	345	4	74	116	46	35	62	2	6		
4	9	2	6	25	689	472	12	115	87	97	50	97	2	12		
4	9	2	6	26	638	422	11	113	105	80	32	61	5	15		
4	9	2	6	27	541	356	7	83	92	60	40	61	5	8		
4	9	2	6	28	576	495	11	97	119	83	62	113	2	8		
4	9	2	6	29	657	426	20	91	115	73	27	86	3	11		
4	9	2	6	30	707	415	12	96	75	92	29	94	6	11		
4	9	2	6	31	665	408	11	145	59	92	25	57	3	16		
4	9	2	6	32	653	442	21	111	124	96	34	47	3	6		
4	9	2	6	33	0	94	7	25	38	15	1	4	2	2		
4	9	2	7	1	414	288	4	61	93	63	18	43	1	5		
4	9	2	7	2	352	336	4	51	80	68	56	73	2	2		
4	9	2	7	3	489	339	7	79	77	51	42	67	3	13		
4	9	2	7	4	676	475	13	91	140	79	45	90	5	12		
4	9	2	7	5	572	420	4	72	126	74	60	71	5	8		
4	9	2	7	6	591	354	10	86	87	59	31	70	7	4		
4	9	2	7	7	496	365	11	69	106	44	41	85	2	7		
4	9	2	7	8	679	459	21	97	109	82	50	85	4	11		
4	9	2	7	9	322	261	7	52	56	53	29	53	6	5		
4	9	2	7	10	355	243	5	53	59	44	13	63	3	3		
4	9	2	7	11	536	438	14	80	98	84	44	101	4	13		
4	9	2	7	12	673	460	12	93	101	74	47	115	2	16		
4	9	2	7	13	511	297	11	58	77	43	30	64	5	9		
4	9	2	7	14	564	371	6	99	82	96	21	60	0	7		
4	9	2	7	15	589	396	13	86	112	59	35	81	3	7		
4	9	2	7	16	657	514	17	115	116	85	55	111	4	11		
4	9	2	7	17	483	440	11	97	130	54	43	94	2	9		
4	9	2	7	18	504	348	6	69	65	45	52	96	7	8		
4	9	2	7	19	706	533	20	192	99	86	52	63	6	15		
4	9	2	7	20	624	487	22	193	118	68	20	53	8	5		
4	9	2	7	21	555	340	7	92	74	84	29	49	0	5		
4	9	2	7	22	640	508	10	89	121	112	40	123	3	10		
4	9	2	7	23	613	402	12	70	119	81	53	59	2	6		
4	9	2	7	24	571	367	11	68	99	70	31	78	4	6		
4	9	2	7	25	460	300	14	80	54	57	14	73	1	7		
4	9	2	7	26	671	450	14	118	124	83	27	67	4	13		
4	9	2	7	27	720	487	18	114	128	76	44	91	3	13		
4	9	2	7	28	493	368	10	85	95	68	30	69	2	9		
4	9	2	7	29	393	313	4	50	79	59	40	72	1	8		
4	9	2	7	30	560	318	9	94	65	50	33	54	1	12		
4	9	2	7	31	635	378	7	106	60	112	37	47	2	7		
4	9	2	7	32	579	358	18	86	79	73	30	59	4	9		
4	9	2	7	33	573	344	17	87	82	73	24	57	1	3		
4	9	2	7	34	581	347	12	89	96	62	24	49	3	12		
4	9	2	7	35	429	368	15	136	62	58	33	59	1	4		
4	9	2	7	36	526	359	5	62	101	58	40	79	3	11		
4	9	2	7	37	357	196	6	50	70	31	14	21	2	2		
4	9	2	8	1	536	355	14	85	94	56	28	69	5	4		
4	9	2	8	2	620	447	15	79	143	75	43	80	3	9		
4	9	2	8	3	563	370	10	52	135	52	38	68	1	14		
4	9	2	8	4	497	436	12	69	131	79	43	82	5	15		
4	9	2	8	5	349	239	2	46	77	38	30	44	0	2		
4	9	2	8	6	402	261	7	66	73	29	24	52	4	6		
4	9	2	8	7	494	405	8	63	141	69	49	63	2	10		
4	9	2	8	8	564	380	7	75	106	68	48	66	2	8		
4	9	2	8	9	593	410	12	87	152	63	43	43	1	9		
4	9	2	8	10	449	334	7	91	106	45	37	43	3	2		
4	9	2	8	11	314	218	7	33	73	33	29	38	2	3		
4	9	2	8	12	424	356	12	65	117	49	36	60	10	7		
4	9	2	8	13	339	413	7	55	138	73	47	82	2	9		
4	9	2	8	14	483	395	13	69	98	78	51	81	1	4		
4	9	2	8	15	310	253	9	45	68	33	43	52	1	2		
4	9	2	8	16	423	361	11	59	129	49	28	73	3	9		
4	9	2	8	17	393	246	4	49	89	45	21	35	0	3		
4	9	2	8	18	360	284	12	41	84	47	27	62	1	10		
4	9	2	8	19	500	368	11	61	135	61	36	56	2	6		
4	9	2	8	20	408	308	7	60	102	40	33	52	3	11		
4	9	2	8	21	514	322	10	84	73	49	31	59	6	10		
4	9	2	8	22	409	395	9	69	111	55	46	93	3	9		
4	9	2	8	23	525	448	11	89	125	85	37	85	1	15		
4	9	2	8	24	469	418	12	76	131	93	37	64	2	3		
4	9	2	8	25	337	213	4	35	48	50	31	34	0	11		
4	9	2	8	26	429	333	11	56	103	55	36	60	6	6		
4	9	2	8	27	650	431	7	90	124	84	30	85	3	8		
4	9	2	8	28	300	242	5	48	69	37	34	47	1	1		
4	9	2	8	29	464	316	9	68	96	61	34	40	0	8		
4	9	2	8	30	619	404	10	89	96	85	39	69	5	11		
4	9	2	8	31	257	239	7	46	64	41	27	47	2	5		
4	9	2	8	32	376	260	14	83	48	54	17	32	3	9		
4	9	2	8	33	354	285	7	47	86	56	32	47	0	10		
4	9	2	8	34	665	456	8	97	148	74	41	70	5	13		
4	9	2	8	35	536	367	9	82	102	67	28	72	1	6		
4	9	2	8	36	301	223	8	39	74	41	12	40	4	5		
4	9	2	8	37	343	210	3	55	39	52	17	28	6	10		
4	9	2	9	1	798	503	9	93	157	90	51	87	3	13		
4	9	2	9	2	737	568	18	84	180	92	66	108	6	14		
4	9	2	9	3	919	576	13	156	128	122	41	93	4	19		
4	9	2	9	4	771	574	19	131	173	90	49	91	5	16		
4	9	2	9	5	675	464	16	121	111	85	39	80	6	6		
4	9	2	9	6	832	593	25	103	187	114	61	95	1	7		
4	9	2	9	7	836	597	23	191	165	111	32	60	2	13		
4	9	2	9	8	859	571	14	157	160	90	55	78	3	14		
4	9	2	9	9	757	465	16	91	119	98	33	90	3	15		
4	9	2	9	10	647	427	13	87	140	70	36	76	1	4		
4	9	2	9	11	778	468	24	199	57	94	28	45	4	17		
4	9	2	9	12	866	507	24	128	118	105	44	71	5	12		
4	9	2	9	13	667	550	24	206	76	118	40	66	5	15		
4	9	2	9	14	689	446	14	157	73	107	24	57	6	8		
4	9	2	9	15	642	430	19	173	54	97	31	49	6	1		
4	9	2	9	16	599	491	32	139	98	78	54	79	1	10		
4	9	2	9	17	735	454	21	105	108	98	36	67	6	13		
4	9	2	9	18	813	507	20	130	96	133	37	78	1	12		
4	9	2	9	19	809	527	21	127	145	103	51	64	7	9		
4	9	2	9	20	836	519	24	125	139	92	35	83	4	17		
4	9	2	9	21	804	556	25	139	135	103	46	90	2	16		
4	9	2	9	22	826	598	17	140	141	141	42	105	0	12		
4	9	2	9	23	878	553	14	119	169	98	50	84	3	16		
4	9	2	9	24	898	767	17	154	207	171	75	115	7	21		
4	9	2	9	25	876	580	18	126	172	84	55	107	6	12		
4	9	2	9	26	888	634	18	117	150	123	62	138	4	22		
4	9	2	9	27	768	582	11	104	185	90	68	95	4	25		
4	9	2	9	28	805	564	13	102	199	68	68	106	3	5		
4	9	2	9	29	891	584	16	111	176	108	54	97	8	14		
4	9	2	9	30	871	574	15	106	190	88	60	88	7	20		
4	9	2	9	31	860	568	17	93	236	96	44	69	2	11		
4	9	2	9	32	883	633	13	89	269	89	67	91	3	12		
4	9	2	9	33	839	548	18	122	173	121	40	58	5	11		
4	9	2	9	34	653	441	12	103	109	85	39	85	0	8		
4	9	2	9	35	594	360	16	86	92	77	26	51	4	8		
4	9	2	9	36	680	454	15	107	108	86	45	79	1	13		
4	9	2	9	37	341	191	4	66	25	36	23	27	3	7		
4	9	2	9	38	0	74	3	27	13	12	4	11	1	3		
4	9	2	9	39	0	177	6	70	47	28	7	13	1	5		
4	9	2	9	40	0	105	5	33	20	22	11	11	0	3		
4	9	2	9	41	0	170	5	56	44	31	10	19	2	3		
4	9	2	9	42	0	126	6	38	31	26	5	14	3	3		
4	9	2	9	43	0	53	2	25	14	7	3	2	0	0		
4	9	2	9	44	0	38	0	8	14	7	2	3	0	4		
4	9	2	9	45	0	39	0	16	13	8	1	0	0	1		
4	9	2	9	46	0	49	1	20	10	9	1	6	1	1		
4	9	2	9	47	0	40	2	6	20	2	5	4	1	0		
4	9	2	9	48	0	301	4	73	48	49	44	71	0	12		
4	9	2	92	1	0	4306	16	1514	1349	412	425	523	26	41		
4	9	2	92	2	0	0	0	0	0	0	0	0	0	0		
4	9	2	92	3	0	0	0	0	0	0	0	0	0	0		
4	9	3	2	1	383	231	4	52	61	45	16	44	2	7		
4	9	3	2	2	345	211	3	52	52	43	21	32	1	7		
4	9	3	2	3	370	209	9	78	22	52	12	22	7	7		
4	9	3	2	4	407	278	10	89	55	65	16	30	3	10		
4	9	3	2	5	282	301	7	82	50	79	21	50	3	9		
4	9	3	2	6	260	175	9	44	51	36	10	21	2	2		
4	9	3	2	7	384	289	15	89	75	46	18	35	3	8		
4	9	3	2	8	276	176	2	53	27	45	12	30	4	3		
4	9	3	2	9	562	384	15	102	94	96	15	51	3	8		
4	9	3	2	10	296	189	5	51	62	36	8	26	0	1		
4	9	3	2	11	319	208	5	37	72	50	10	28	1	5		
4	9	3	2	12	293	184	5	41	35	43	18	34	2	6		
4	9	3	2	13	431	272	11	112	47	57	16	19	1	9		
4	9	3	2	14	369	246	9	72	62	53	16	31	0	3		
4	9	3	2	15	329	238	16	101	22	64	5	23	1	6		
4	9	3	2	16	330	215	12	86	24	64	9	9	1	10		
4	9	3	2	17	218	175	5	98	12	38	6	11	0	5		
4	9	3	2	18	225	159	2	74	9	40	9	18	3	4		
4	9	3	2	19	429	316	6	80	54	83	23	55	7	8		
4	9	3	2	20	468	339	10	104	49	66	33	71	1	5		
4	9	3	2	21	222	138	4	37	28	37	7	18	0	7		
4	9	3	2	22	313	186	8	77	28	44	10	16	0	3		
4	9	3	2	23	307	184	4	47	48	44	16	24	0	1		
4	9	3	2	24	281	183	9	48	38	43	13	21	2	9		
4	9	3	2	25	336	216	16	46	33	65	8	36	4	8		
4	9	3	2	26	370	591	17	276	109	103	18	51	4	13		
4	9	3	2	27	476	384	11	78	148	79	29	26	5	8		
4	9	3	2	28	501	312	7	88	69	79	29	33	4	3		
4	9	3	2	29	369	241	7	50	73	47	16	38	1	9		
4	9	3	2	30	281	376	11	95	81	64	37	75	4	9		
4	9	3	2	31	458	278	11	60	72	63	25	35	2	10		
4	9	3	2	32	577	425	18	185	55	107	17	29	6	8		
4	9	3	2	33	325	223	11	43	66	43	15	40	2	3		
4	9	3	2	34	449	276	10	95	53	51	13	47	1	6		
4	9	3	2	35	443	279	13	120	30	73	8	24	1	10		
4	9	3	2	36	482	278	12	100	53	72	13	23	2	3		
4	9	3	2	37	421	270	10	109	40	67	8	24	3	9		
4	9	3	2	38	501	393	16	161	38	123	17	20	4	14		
4	9	3	2	39	442	266	15	85	25	101	19	13	3	5		
4	9	3	2	40	286	286	10	76	70	42	25	53	3	7		
4	9	3	2	41	492	331	16	121	43	82	23	31	2	13		
4	9	3	2	42	251	148	4	40	44	26	10	20	1	3		
4	9	3	2	43	641	393	9	109	94	81	25	50	6	19		
4	9	3	2	44	497	367	9	154	47	100	22	22	2	11		
4	9	3	2	45	414	263	3	80	49	61	20	40	4	6		
4	9	3	2	46	423	346	12	96	81	79	26	45	2	5		
4	9	3	2	47	375	236	2	65	48	60	18	35	4	4		
4	9	3	2	48	379	241	11	57	73	58	12	23	0	7		
4	9	3	2	49	461	294	13	97	52	74	13	36	3	6		
4	9	3	2	50	406	313	9	99	69	72	20	34	6	4		
4	9	3	2	51	290	183	12	48	34	57	6	21	3	2		
4	9	3	2	52	303	186	13	50	35	51	12	20	2	3		
4	9	3	2	53	293	197	7	70	41	39	14	18	3	5		
4	9	3	2	54	371	238	14	102	22	52	12	33	1	2		
4	9	3	2	55	561	365	11	105	70	98	21	44	9	7		
4	9	3	2	56	436	302	18	101	32	103	14	24	1	9		
4	9	3	2	57	301	182	8	66	31	29	13	28	1	6		
4	9	3	2	58	342	230	9	122	22	50	7	15	0	5		
4	9	3	2	59	330	239	8	58	74	39	19	32	4	5		
4	9	3	2	60	285	207	23	104	37	32	4	4	1	2		
4	9	3	2	61	258	151	13	45	24	39	9	16	4	1		
4	9	3	2	62	336	208	5	66	50	51	10	21	1	4		
4	9	3	2	63	526	374	10	114	77	64	33	61	4	11		
4	9	3	2	64	416	293	13	84	74	70	25	16	1	10		
4	9	3	2	65	314	214	11	72	43	39	9	34	2	4		
4	9	3	2	66	299	173	2	50	35	46	13	21	0	6		
4	9	3	2	67	307	219	8	73	59	45	10	20	0	4		
4	9	3	2	68	288	235	12	101	23	37	19	28	3	12		
4	9	3	2	69	319	191	8	66	38	38	10	28	2	1		
4	9	3	2	70	522	323	7	115	63	72	22	35	4	5		
4	9	3	2	71	449	378	20	164	43	91	21	27	3	9		
4	9	3	2	72	566	388	30	167	47	95	14	26	2	7		
4	9	3	2	73	261	204	5	56	39	63	12	21	3	5		
4	9	3	2	74	574	381	17	115	60	96	20	66	3	4		
4	9	3	2	75	330	270	20	168	29	43	5	1	1	3		
4	9	3	2	76	228	124	2	53	15	36	4	10	2	2		
4	9	3	2	77	238	144	8	43	24	37	7	19	1	5		
4	9	3	2	78	254	164	5	50	30	47	11	17	0	4		
4	9	3	2	79	303	295	5	77	69	67	24	46	2	5		
4	9	3	2	80	220	150	3	59	20	30	8	23	3	4		
4	9	3	2	81	345	233	9	66	40	70	10	31	0	7		
4	9	3	2	82	428	249	10	67	36	68	16	36	7	9		
4	9	3	2	83	318	287	8	94	39	58	29	52	1	6		
4	9	3	2	84	376	220	13	87	27	54	14	17	2	6		
4	9	3	2	85	316	183	5	65	31	50	7	16	1	8		
4	9	3	2	86	375	225	3	65	54	40	22	35	1	5		
4	9	3	2	87	350	237	7	57	60	74	10	25	3	1		
4	9	3	2	88	506	305	12	108	50	81	16	28	2	8		
4	9	3	2	89	301	196	8	52	39	65	6	21	0	5		
4	9	3	2	90	349	209	7	86	46	38	15	8	2	7		
4	9	3	2	91	306	203	7	67	38	44	11	31	3	2		
4	9	3	2	92	266	203	5	92	15	66	3	19	1	2		
4	9	3	2	93	369	347	9	103	86	68	27	47	3	4		
4	9	3	2	94	294	202	10	40	64	29	9	39	4	7		
4	9	3	2	95	392	257	10	57	71	65	12	33	1	8		
4	9	3	2	96	310	190	5	47	43	41	11	35	2	6		
4	9	3	2	97	524	345	14	112	77	69	17	39	1	16		
4	9	3	2	98	452	331	9	79	98	66	32	35	5	7		
4	9	3	2	99	332	217	8	70	52	38	12	30	1	6		
4	9	3	2	100	211	143	4	48	21	26	11	26	1	6		
4	9	3	2	101	582	369	17	102	71	76	41	46	7	9		
4	9	3	2	102	561	365	14	100	86	85	25	38	3	14		
4	9	3	2	103	291	195	5	50	48	42	14	24	0	12		
4	9	3	2	104	384	271	5	98	50	64	15	30	0	9		
4	9	3	2	105	244	152	6	45	36	33	10	16	1	5		
4	9	3	2	106	363	231	9	111	37	43	13	10	0	8		
4	9	3	2	107	313	203	11	78	26	58	10	13	1	6		
4	9	3	2	108	399	271	17	134	30	71	6	11	0	2		
4	9	3	2	109	295	218	11	67	44	45	12	30	3	6		
4	9	3	2	110	244	120	3	36	17	40	6	13	1	4		
4	9	3	2	111	282	183	11	62	19	63	4	18	2	4		
4	9	3	2	112	375	228	19	75	35	59	14	19	2	5		
4	9	3	2	113	300	230	8	81	26	80	9	15	2	9		
4	9	3	2	114	233	136	9	37	27	34	14	11	0	4		
4	9	3	2	115	339	213	13	67	31	63	10	22	3	4		
4	9	3	2	116	255	145	9	41	16	50	5	21	2	1		
4	9	3	2	117	227	174	8	45	37	43	12	23	1	5		
4	9	3	2	118	215	129	5	39	16	35	5	22	1	6		
4	9	3	2	119	404	246	10	69	44	76	17	24	3	3		
4	9	3	2	120	335	224	21	91	22	69	6	10	1	4		
4	9	3	2	121	221	132	6	40	22	41	4	15	2	2		
4	9	3	2	122	300	200	6	72	44	50	10	15	2	1		
4	9	3	2	123	341	220	7	42	63	57	15	33	2	1		
4	9	3	2	124	289	267	7	83	52	71	13	37	1	3		
4	9	3	2	125	343	194	12	51	28	57	20	22	2	2		
4	9	3	2	126	316	211	8	52	44	67	15	21	1	3		
4	9	3	2	127	246	168	10	56	28	47	11	12	0	4		
4	9	3	2	128	267	164	11	68	26	38	5	11	1	4		
4	9	3	2	129	330	222	12	82	32	56	10	20	3	7		
4	9	3	2	130	275	186	7	50	35	52	13	21	2	6		
4	9	3	2	131	277	177	6	51	35	43	7	25	4	6		
4	9	3	2	132	406	278	8	72	66	58	21	46	2	5		
4	9	3	2	133	410	225	8	80	28	77	12	17	1	2		
4	9	3	2	134	498	410	13	111	121	93	26	38	0	8		
4	9	3	2	135	255	136	7	50	10	46	8	7	1	7		
4	9	3	2	136	185	119	10	55	13	26	4	7	1	3		
4	9	3	2	137	263	150	5	47	31	49	7	8	0	3		
4	9	3	2	138	442	320	9	147	35	101	12	7	0	9		
4	9	3	2	139	538	349	15	148	32	116	10	20	2	6		
4	9	3	2	140	254	143	10	25	35	53	6	9	0	5		
4	9	3	2	141	305	198	3	67	54	47	7	16	3	1		
4	9	3	2	142	391	262	8	109	19	81	16	18	4	7		
4	9	3	2	143	581	383	22	139	58	119	17	19	3	6		
4	9	3	2	144	309	189	16	77	18	56	2	7	1	12		
4	9	3	2	145	296	181	8	77	18	50	14	5	5	4		
4	9	3	2	146	296	197	10	77	31	57	10	10	1	1		
4	9	3	2	147	242	130	2	48	19	41	4	14	0	2		
4	9	3	2	148	186	93	3	24	20	26	4	13	0	3		
4	9	3	2	149	284	151	7	57	10	47	5	20	1	4		
4	9	3	2	150	372	216	15	84	11	82	8	9	3	4		
4	9	3	2	151	382	228	8	58	36	73	14	34	3	2		
4	9	3	2	152	347	226	10	123	11	58	8	8	2	6		
4	9	3	2	153	303	188	5	74	19	72	9	6	1	2		
4	9	3	2	154	268	215	5	71	33	60	20	21	2	3		
4	9	3	2	155	349	223	5	70	27	80	16	22	0	3		
4	9	3	2	156	376	247	7	100	30	85	8	11	0	6		
4	9	3	2	157	587	415	25	184	78	79	16	24	1	8		
4	9	3	2	158	449	303	14	98	68	43	23	50	4	3		
4	9	3	2	159	263	165	10	61	19	62	2	5	1	5		
4	9	3	2	160	377	219	12	66	31	61	6	31	6	6		
4	9	3	2	161	191	183	7	106	6	44	4	8	0	8		
4	9	3	2	162	500	317	19	108	39	90	18	28	4	11		
4	9	3	2	163	297	202	15	101	20	46	9	8	0	3		
4	9	3	2	164	360	259	17	129	26	64	9	5	2	7		
4	9	3	2	165	0	173	8	55	60	32	7	6	0	5		
4	9	3	20	1	433	332	12	98	57	76	13	64	3	9		
4	9	3	20	2	478	307	12	69	62	99	17	35	5	8		
4	9	3	20	3	493	285	12	87	36	59	25	57	4	5		
4	9	3	20	4	447	272	10	95	43	86	17	13	5	3		
4	9	3	20	5	446	337	13	137	37	89	17	36	5	3		
4	9	3	20	6	430	271	17	81	55	74	15	23	4	2		
4	9	3	20	7	475	337	15	100	50	103	15	43	4	7		
4	9	3	20	8	518	309	15	103	43	79	22	38	2	7		
4	9	3	20	9	485	294	17	78	56	89	11	27	5	11		
4	9	3	20	10	566	391	27	149	39	124	14	29	3	6		
4	9	3	20	11	639	472	19	145	76	122	40	60	3	7		
4	9	3	20	12	331	179	9	70	26	43	7	16	3	5		
4	9	3	20	13	642	421	10	139	71	136	19	31	2	13		
4	9	3	20	14	610	372	22	152	35	121	15	19	2	6		
4	9	3	20	15	507	335	16	109	58	102	20	21	1	8		
4	9	3	20	16	461	318	23	133	46	84	6	16	3	7		
4	9	3	20	17	363	268	13	104	45	50	25	27	2	2		
4	9	3	20	18	393	231	13	95	28	60	12	13	1	9		
4	9	3	20	19	524	371	31	136	59	102	11	26	0	6		
4	9	3	20	20	511	371	9	150	71	82	14	38	3	4		
4	9	3	20	21	447	276	15	90	51	70	18	22	1	9		
4	9	3	20	22	500	267	16	120	33	51	11	25	3	8		
4	9	3	20	23	577	385	19	177	46	103	16	11	3	10		
4	9	3	20	24	598	373	20	162	37	107	15	19	3	10		
4	9	3	20	25	389	458	10	154	67	92	50	67	3	15		
4	9	3	20	26	612	459	23	214	72	86	24	31	4	5		
4	9	3	20	27	503	340	13	153	27	115	3	17	6	6		
4	9	3	20	28	478	336	29	142	36	88	15	11	5	10		
4	9	3	20	29	517	358	18	151	52	92	12	19	1	13		
4	9	3	20	30	459	333	15	138	47	100	9	13	5	6		
4	9	3	20	31	379	220	7	84	24	76	10	12	1	6		
4	9	3	20	32	366	241	10	115	34	60	2	14	2	4		
4	9	3	20	33	416	283	16	84	72	79	11	14	2	5		
4	9	3	20	34	421	266	6	78	59	63	19	31	0	10		
4	9	3	20	35	478	368	11	210	42	76	10	13	2	4		
4	9	3	20	36	437	284	5	102	54	83	12	17	2	9		
4	9	3	20	37	393	296	10	97	54	74	19	33	3	6		
4	9	3	20	38	571	348	17	93	71	94	16	46	2	9		
4	9	3	20	39	519	309	11	84	66	77	28	38	3	2		
4	9	3	20	40	511	334	19	105	67	95	12	29	2	5		
4	9	3	20	41	554	448	8	151	89	106	34	46	4	10		
4	9	3	20	42	475	298	27	116	38	74	10	27	1	5		
4	9	3	20	43	495	311	14	125	26	99	14	29	2	2		
4	9	3	20	44	443	242	8	93	27	66	13	24	3	8		
4	9	3	20	45	413	234	9	77	32	70	8	30	2	6		
4	9	3	20	46	487	349	20	97	89	81	23	31	0	8		
4	9	3	20	47	467	313	13	125	40	84	13	35	2	1		
4	9	3	20	48	516	332	14	119	53	81	25	30	1	9		
4	9	3	20	49	481	329	16	125	73	67	14	26	1	7		
4	9	3	20	50	447	334	14	111	69	74	28	23	7	8		
4	9	3	20	51	425	383	14	164	47	87	14	43	8	6		
4	9	3	20	52	383	232	9	113	19	58	17	10	2	4		
4	9	3	20	53	460	275	13	91	51	78	17	16	2	7		
4	9	3	20	54	536	362	13	146	58	90	10	40	2	3		
4	9	3	20	55	466	270	14	105	29	81	8	24	2	7		
4	9	3	20	56	561	405	15	88	111	106	25	50	2	8		
4	9	3	20	57	513	318	20	121	45	79	16	26	0	11		
4	9	3	20	58	514	350	20	108	72	106	13	19	5	7		
4	9	3	20	59	712	509	17	164	105	118	36	51	6	12		
4	9	3	20	60	401	233	6	95	20	83	7	14	0	8		
4	9	3	20	61	356	223	5	79	30	72	11	20	1	5		
4	9	3	20	62	509	315	21	149	23	92	6	16	5	3		
4	9	3	20	63	456	253	13	105	22	82	10	16	2	3		
4	9	3	20	64	455	247	14	105	18	82	8	16	1	3		
4	9	3	20	65	545	326	20	144	26	90	15	23	2	6		
4	9	3	20	66	482	361	21	138	54	99	17	25	1	6		
4	9	3	20	67	440	292	14	138	36	75	9	12	1	7		
4	9	3	20	68	454	314	21	120	52	81	9	18	3	10		
4	9	3	20	69	293	190	11	68	26	63	4	8	3	7		
4	9	3	20	70	555	445	11	172	81	113	22	33	3	10		
4	9	3	20	71	507	308	21	109	47	75	18	26	3	9		
4	9	3	20	72	202	110	3	46	6	39	6	7	2	1		
4	9	3	20	73	566	388	17	134	86	88	26	29	2	6		
4	9	3	20	74	580	367	22	117	68	90	28	30	4	8		
4	9	3	20	75	518	372	22	163	62	72	19	21	3	10		
4	9	3	20	76	631	433	19	178	41	116	31	39	4	5		
4	9	3	20	77	577	399	17	113	99	112	23	27	1	7		
4	9	3	20	78	321	64	2	27	14	19	1	0	0	1		
4	9	3	20	79	557	402	16	196	37	118	12	10	5	8		
4	9	3	20	80	594	373	25	195	21	101	12	11	1	7		
4	9	3	20	81	510	355	11	146	66	82	14	24	1	11		
4	9	3	20	82	523	318	21	135	24	97	9	19	7	6		
4	9	3	20	83	527	391	19	176	43	105	16	20	1	11		
4	9	3	20	84	534	333	23	167	30	92	4	12	1	4		
4	9	3	20	85	541	378	21	184	29	106	15	14	3	6		
4	9	3	20	86	487	289	11	104	34	90	13	22	4	11		
4	9	3	20	87	412	300	15	111	50	65	18	28	1	12		
4	9	3	20	88	456	333	16	133	55	77	15	29	1	7		
4	9	3	20	89	608	421	23	186	51	110	19	17	3	12		
4	9	3	20	90	482	337	12	92	104	68	18	37	1	5		
4	9	3	20	91	452	342	18	95	97	88	20	17	1	6		
4	9	3	20	92	383	227	19	110	13	64	4	14	0	3		
4	9	3	20	93	514	334	25	160	32	80	10	17	1	9		
4	9	3	20	94	352	235	12	127	14	59	8	8	1	6		
4	9	3	20	95	395	247	11	136	16	60	4	10	2	8		
4	9	3	20	96	406	265	13	134	18	73	4	11	4	8		
4	9	3	20	97	465	302	22	138	28	86	12	8	1	7		
4	9	3	20	98	441	281	27	140	19	77	6	5	1	6		
4	9	3	20	99	503	354	14	165	33	110	13	13	1	5		
4	9	3	20	100	265	205	7	72	30	38	24	30	1	3		
4	9	3	20	101	203	322	19	174	33	52	13	16	0	15		
4	9	3	20	102	230	179	5	54	26	34	16	37	2	5		
4	9	3	20	103	0	41	2	12	8	11	3	3	0	2		
4	9	3	93	1	0	165	0	50	36	21	25	30	1	2		
4	9	3	93	2	0	0	0	0	0	0	0	0	0	0		
4	9	3	93	3	0	0	0	0	0	0	0	0	0	0		
4	9	4	10	1	552	337	12	121	71	85	14	24	2	8		
4	9	4	10	2	463	352	12	121	61	67	38	46	0	7		
4	9	4	10	3	439	334	12	133	36	80	26	33	4	10		
4	9	4	10	4	562	332	12	101	63	89	22	34	6	5		
4	9	4	10	5	340	194	2	68	48	57	8	7	1	3		
4	9	4	10	6	505	337	15	134	42	82	27	23	6	8		
4	9	4	10	7	493	318	13	89	70	89	15	35	1	6		
4	9	4	10	8	324	239	8	68	44	56	17	37	2	7		
4	9	4	10	9	359	227	7	54	61	72	10	18	2	3		
4	9	4	10	10	352	234	7	75	70	62	3	11	0	6		
4	9	4	10	11	273	294	10	80	58	68	29	42	2	5		
4	9	4	10	12	355	210	12	95	18	61	11	8	0	5		
4	9	4	10	13	372	223	6	81	42	49	10	29	3	3		
4	9	4	10	14	283	446	24	255	52	90	5	7	4	9		
4	9	4	10	15	436	257	16	82	49	64	16	24	2	4		
4	9	4	10	16	610	405	13	146	48	133	26	31	2	6		
4	9	4	10	17	313	320	9	106	68	68	21	39	3	6		
4	9	4	10	18	283	189	9	89	14	46	9	17	3	2		
4	9	4	10	19	501	334	18	136	38	94	16	23	2	7		
4	9	4	10	20	519	348	11	107	102	79	21	21	2	5		
4	9	4	10	21	326	196	9	65	22	71	9	8	1	11		
4	9	4	10	22	259	196	12	91	10	51	8	18	1	5		
4	9	4	10	23	590	390	14	122	68	103	35	34	3	11		
4	9	4	10	24	315	234	7	65	59	60	12	18	3	10		
4	9	4	10	25	363	292	15	86	55	74	16	26	3	17		
4	9	4	10	26	342	221	7	85	34	62	13	14	2	4		
4	9	4	10	27	290	166	5	77	27	44	7	4	0	2		
4	9	4	10	28	419	207	11	83	17	73	7	8	0	8		
4	9	4	10	29	432	277	10	94	43	78	25	14	1	12		
4	9	4	10	30	455	265	15	118	24	75	6	17	6	4		
4	9	4	10	31	337	245	10	78	39	56	22	29	0	11		
4	9	4	10	32	413	269	21	74	59	73	16	20	1	5		
4	9	4	10	33	460	293	12	67	84	83	16	25	3	3		
4	9	4	10	34	390	324	14	87	90	77	20	29	1	6		
4	9	4	10	35	592	345	8	125	65	87	24	23	5	8		
4	9	4	10	36	536	461	14	160	103	70	42	57	3	12		
4	9	4	10	37	590	348	13	99	84	104	17	21	3	7		
4	9	4	10	38	567	416	20	184	53	102	25	24	2	6		
4	9	4	10	39	280	196	11	89	18	50	6	16	2	4		
4	9	4	10	40	625	374	15	183	32	111	9	16	0	8		
4	9	4	10	41	315	182	8	94	14	44	6	10	4	2		
4	9	4	10	42	349	231	12	105	19	69	6	15	1	4		
4	9	4	10	43	390	229	17	90	23	75	8	8	0	8		
4	9	4	10	44	347	216	9	111	15	55	8	7	3	8		
4	9	4	10	45	397	225	8	86	34	62	13	17	0	5		
4	9	4	10	46	181	110	7	41	19	28	8	4	0	3		
4	9	4	10	47	384	220	10	70	34	62	13	26	2	3		
4	9	4	10	48	508	280	11	150	19	72	2	16	3	7		
4	9	4	10	49	409	248	8	96	32	76	8	20	4	4		
4	9	4	10	50	461	304	9	108	46	101	16	16	0	8		
4	9	4	10	51	519	326	19	116	54	82	18	23	3	11		
4	9	4	10	52	420	297	14	124	31	89	12	21	1	5		
4	9	4	10	53	384	240	16	106	35	69	5	6	1	2		
4	9	4	10	54	367	245	14	89	38	59	16	24	0	5		
4	9	4	10	55	433	261	10	79	42	88	17	13	4	8		
4	9	4	10	56	670	466	25	170	73	124	17	43	2	12		
4	9	4	10	57	576	394	14	128	77	105	18	38	6	8		
4	9	4	10	58	430	263	10	124	32	60	16	16	2	3		
4	9	4	10	59	364	289	16	118	43	71	15	19	3	4		
4	9	4	10	60	344	232	16	107	20	64	6	15	2	2		
4	9	4	10	61	406	238	12	81	50	62	11	15	0	7		
4	9	4	10	62	324	155	5	55	35	36	10	10	0	4		
4	9	4	10	63	408	278	16	75	67	69	19	19	5	8		
4	9	4	10	64	427	285	11	103	42	81	29	12	2	5		
4	9	4	10	65	399	219	10	71	42	72	6	14	3	1		
4	9	4	10	66	386	231	9	81	46	57	13	15	1	9		
4	9	4	10	67	641	431	15	150	64	95	51	41	2	13		
4	9	4	10	68	436	277	13	113	49	63	12	14	1	12		
4	9	4	10	69	344	206	10	51	50	54	11	20	2	8		
4	9	4	10	70	406	320	10	129	45	88	15	20	4	9		
4	9	4	10	71	366	200	8	81	23	61	6	12	1	8		
4	9	4	10	72	651	412	26	109	93	95	35	42	3	9		
4	9	4	10	73	470	299	17	105	57	72	13	26	1	8		
4	9	4	10	74	521	344	15	130	54	98	10	23	4	10		
4	9	4	10	75	620	451	23	180	72	130	17	21	3	5		
4	9	4	10	76	546	366	15	143	52	108	19	23	0	6		
4	9	4	10	77	596	374	13	149	69	93	14	29	2	5		
4	9	4	10	78	609	380	24	123	69	107	19	28	2	8		
4	9	4	10	79	431	313	19	81	61	82	27	29	3	11		
4	9	4	10	80	505	352	30	150	36	104	9	10	1	12		
4	9	4	10	81	457	290	18	141	21	83	8	10	3	6		
4	9	4	10	82	388	215	12	92	22	58	11	16	1	3		
4	9	4	10	83	360	226	2	124	10	62	13	13	0	2		
4	9	4	10	84	578	367	17	155	57	81	21	32	0	4		
4	9	4	10	85	521	353	16	143	69	82	18	21	1	3		
4	9	4	10	86	548	321	10	115	70	70	16	28	2	10		
4	9	4	10	87	370	241	9	97	30	63	13	27	1	1		
4	9	4	10	88	463	265	13	92	37	64	23	24	2	10		
4	9	4	10	89	517	298	24	96	29	101	14	26	1	7		
4	9	4	10	90	722	534	42	265	43	129	12	31	3	9		
4	9	4	10	91	528	372	18	145	46	106	30	20	3	4		
4	9	4	10	92	351	204	7	52	32	67	15	23	5	3		
4	9	4	10	93	262	168	4	42	51	47	6	16	0	2		
4	9	4	10	94	509	331	19	132	44	93	18	14	2	9		
4	9	4	10	95	664	428	18	207	48	100	16	25	3	11		
4	9	4	10	96	430	290	24	133	23	75	8	19	2	6		
4	9	4	10	97	450	292	25	111	36	85	9	19	2	5		
4	9	4	10	98	317	212	22	95	24	50	7	11	1	2		
4	9	4	10	99	376	228	18	73	49	51	9	24	2	2		
4	9	4	10	100	491	310	19	109	37	96	8	25	2	14		
4	9	4	10	101	492	294	13	129	30	80	12	16	2	12		
4	9	4	10	102	477	246	13	94	13	95	9	13	1	8		
4	9	4	10	103	353	272	15	109	38	69	12	16	6	7		
4	9	4	10	104	475	262	14	78	49	75	12	23	2	9		
4	9	4	10	105	517	329	15	136	35	81	26	28	1	7		
4	9	4	10	106	608	425	18	184	61	104	18	28	1	11		
4	9	4	10	107	580	375	16	96	86	109	22	43	2	1		
4	9	4	10	108	586	335	11	131	40	110	13	17	4	9		
4	9	4	10	109	451	320	12	112	69	68	23	24	6	6		
4	9	4	10	110	476	326	20	120	33	112	12	18	1	10		
4	9	4	10	111	674	486	27	208	45	139	22	33	1	11		
4	9	4	10	112	500	341	20	136	23	119	12	19	4	8		
4	9	4	10	113	282	161	10	70	19	50	1	6	0	5		
4	9	4	10	114	464	343	15	161	36	91	11	19	3	7		
4	9	4	10	115	566	389	15	136	67	88	31	37	7	8		
4	9	4	10	116	504	340	14	86	97	93	25	17	3	5		
4	9	4	10	117	486	319	11	124	63	77	17	12	4	11		
4	9	4	10	118	554	391	18	168	45	123	17	13	2	5		
4	9	4	10	119	534	373	22	190	49	70	16	19	1	6		
4	9	4	10	120	399	272	14	109	39	83	13	6	2	6		
4	9	4	10	121	609	384	15	115	72	105	21	47	0	9		
4	9	4	10	122	478	390	12	154	66	65	27	44	4	18		
4	9	4	10	123	326	170	8	56	26	47	13	14	0	6		
4	9	4	10	124	460	313	10	94	86	81	15	18	2	7		
4	9	4	10	125	416	250	17	109	28	75	4	13	1	3		
4	9	4	10	126	474	236	7	107	26	74	7	8	1	6		
4	9	4	10	127	551	342	14	136	51	83	19	30	5	4		
4	9	4	10	128	392	279	8	62	88	62	26	25	4	4		
4	9	4	10	129	374	227	13	105	23	55	9	10	3	9		
4	9	4	10	130	353	272	19	131	24	71	5	12	1	9		
4	9	4	10	131	357	228	12	108	20	69	9	2	1	7		
4	9	4	10	132	457	319	20	123	25	111	9	19	3	9		
4	9	4	10	133	348	243	13	93	54	58	8	13	2	2		
4	9	4	10	134	472	363	14	172	64	81	18	10	0	4		
4	9	4	10	135	375	286	8	135	19	94	10	13	3	4		
4	9	4	10	136	360	263	11	86	59	69	10	20	4	4		
4	9	4	10	137	313	170	6	64	29	49	5	11	1	5		
4	9	4	10	138	646	412	31	160	66	86	18	32	8	11		
4	9	4	10	139	636	470	21	183	70	122	22	34	2	16		
4	9	4	10	140	596	403	36	164	44	114	8	23	4	10		
4	9	4	10	141	661	433	18	157	59	120	28	30	5	16		
4	9	4	10	142	579	350	18	169	34	95	6	14	1	13		
4	9	4	10	143	670	430	19	161	63	140	21	17	5	4		
4	9	4	10	144	566	358	14	167	34	97	14	18	7	7		
4	9	4	10	145	352	193	13	82	12	65	8	5	3	5		
4	9	4	10	146	458	263	12	130	17	73	15	12	1	3		
4	9	4	10	147	464	243	8	111	18	80	8	12	0	6		
4	9	4	10	148	409	225	17	118	7	72	2	5	1	3		
4	9	4	10	149	312	167	11	75	8	52	7	8	1	5		
4	9	4	10	150	594	349	20	146	41	97	17	18	4	6		
4	9	4	10	151	436	284	10	68	83	72	18	25	3	5		
4	9	4	10	152	563	344	11	114	65	87	29	29	2	7		
4	9	4	10	153	530	358	18	159	33	107	12	19	4	6		
4	9	4	10	154	451	297	8	89	68	84	14	26	3	5		
4	9	4	10	155	580	415	14	139	72	136	24	15	1	14		
4	9	4	10	156	458	360	11	125	57	94	23	31	3	16		
4	9	4	10	157	532	402	21	148	68	108	24	28	1	4		
4	9	4	10	158	587	405	21	174	45	111	18	22	5	9		
4	9	4	10	159	456	315	11	125	46	78	17	32	0	6		
4	9	4	10	160	522	362	14	140	56	103	16	27	3	3		
4	9	4	10	161	239	178	7	50	46	54	6	11	0	4		
4	9	4	10	162	441	329	13	137	37	79	25	27	3	8		
4	9	4	10	163	501	396	16	185	45	104	14	27	0	5		
4	9	4	10	164	398	235	15	110	19	70	6	6	1	8		
4	9	4	10	165	449	260	8	117	20	88	17	4	2	4		
4	9	4	10	166	457	320	27	158	32	56	16	20	4	7		
4	9	4	10	167	550	440	16	214	60	81	31	27	7	4		
4	9	4	10	168	518	373	27	158	36	94	23	23	6	6		
4	9	4	10	169	635	495	22	167	84	114	35	53	13	7		
4	9	4	10	170	559	423	12	131	76	122	33	31	2	16		
4	9	4	10	171	594	371	22	175	31	105	9	16	1	12		
4	9	4	10	172	450	321	18	161	29	81	11	12	2	7		
4	9	4	10	173	432	313	9	166	23	75	9	21	5	5		
4	9	4	10	174	539	379	21	161	56	91	17	23	3	7		
4	9	4	10	175	457	330	23	148	27	85	15	26	2	4		
4	9	4	10	176	468	330	19	147	24	81	17	21	8	13		
4	9	4	10	177	354	290	11	133	36	71	8	19	1	11		
4	9	4	10	178	384	281	12	120	35	69	15	22	0	8		
4	9	4	10	179	417	289	19	123	32	68	15	21	5	6		
4	9	4	10	180	377	184	8	83	9	65	6	6	3	4		
4	9	4	10	181	497	263	17	128	14	74	8	11	4	7		
4	9	4	10	182	465	236	12	96	18	78	10	12	4	6		
4	9	4	10	183	530	300	16	113	29	89	16	23	2	12		
4	9	4	10	184	576	418	29	170	55	107	17	22	2	16		
4	9	4	10	185	749	531	10	174	65	185	33	37	3	24		
4	9	4	10	186	554	396	18	170	51	98	24	26	2	7		
4	9	4	10	187	491	354	35	172	32	68	17	20	1	9		
4	9	4	10	188	493	335	19	145	44	89	13	15	3	7		
4	9	4	10	189	453	279	11	108	44	81	12	19	2	2		
4	9	4	10	190	424	318	9	176	34	54	22	18	2	3		
4	9	4	10	191	364	274	15	109	31	76	14	22	2	5		
4	9	4	10	192	451	299	17	149	15	87	8	17	4	2		
4	9	4	10	193	414	287	23	123	30	69	14	16	2	10		
4	9	4	10	194	425	299	20	123	40	65	16	26	1	8		
4	9	4	10	195	356	279	11	130	29	67	13	20	2	7		
4	9	4	10	196	347	252	8	111	29	72	11	11	0	10		
4	9	4	10	197	606	416	15	183	35	141	13	16	2	11		
4	9	4	10	198	500	350	24	141	52	93	9	23	3	5		
4	9	4	10	199	587	408	15	195	50	101	16	22	1	8		
4	9	4	10	200	550	428	23	221	48	96	13	14	1	12		
4	9	4	10	201	576	396	27	173	41	107	20	16	4	8		
4	9	4	10	202	525	365	18	173	47	88	14	22	1	2		
4	9	4	10	203	521	357	17	154	42	103	10	22	3	6		
4	9	4	10	204	631	414	28	188	40	128	9	13	3	5		
4	9	4	10	205	554	368	11	161	48	93	7	25	6	17		
4	9	4	10	206	625	416	34	154	58	120	13	25	2	10		
4	9	4	10	207	577	374	24	180	34	95	10	21	2	8		
4	9	4	10	208	538	385	11	162	40	115	23	20	4	10		
4	9	4	10	209	498	330	17	152	27	104	12	11	4	3		
4	9	4	10	210	341	273	15	107	47	57	16	18	4	9		
4	9	4	10	211	458	318	17	109	38	99	15	25	3	12		
4	9	4	10	212	681	495	17	170	69	136	32	62	0	9		
4	9	4	10	213	824	610	16	170	167	161	34	51	1	10		
4	9	4	10	214	395	312	16	105	59	88	13	16	4	11		
4	9	4	10	215	357	325	21	62	129	64	20	17	3	9		
4	9	4	10	216	474	345	13	108	95	77	19	21	2	10		
4	9	4	10	217	591	424	13	120	124	103	30	32	0	2		
4	9	4	10	218	757	610	27	156	172	166	28	52	4	5		
4	9	4	10	219	388	329	8	118	58	77	26	33	3	6		
4	9	4	10	220	500	369	10	95	109	76	22	39	1	17		
4	9	4	10	221	207	158	9	61	23	32	9	20	2	2		
4	9	4	10	222	405	301	12	116	40	94	11	23	1	4		
4	9	4	10	223	356	234	15	92	27	65	15	17	0	3		
4	9	4	10	224	640	453	29	170	43	133	36	25	4	13		
4	9	4	10	225	400	288	3	119	38	76	16	22	1	13		
4	9	4	10	226	581	449	37	227	48	92	13	19	3	10		
4	9	4	10	227	583	356	12	139	37	109	24	23	3	9		
4	9	4	10	228	638	388	17	156	38	129	18	22	1	7		
4	9	4	10	229	571	337	13	140	33	117	11	15	1	7		
4	9	4	10	230	549	356	20	130	27	116	19	23	0	21		
4	9	4	10	231	670	456	19	142	69	119	49	48	2	8		
4	9	4	10	232	110	44	1	19	1	17	3	2	0	1		
4	9	4	10	233	308	235	12	72	32	61	26	28	1	3		
4	9	4	10	234	0	78	2	40	9	21	0	5	0	1		
4	9	4	10	235	0	87	6	47	7	17	1	5	2	2		
4	9	4	10	236	0	99	4	41	14	26	5	4	0	5		
4	9	4	10	237	0	57	5	12	34	6	0	0	0	0		
4	9	4	10	238	0	411	4	105	93	75	47	73	4	10		
4	9	4	10	239	0	249	4	67	48	49	14	52	3	12		
4	9	4	11	1	605	408	14	198	36	116	10	16	5	13		
4	9	4	11	2	804	471	30	213	41	148	16	14	2	7		
4	9	4	11	3	452	307	12	104	63	76	19	24	0	9		
4	9	4	11	4	676	490	38	277	34	92	22	18	1	8		
4	9	4	11	5	489	364	18	187	31	76	13	23	3	13		
4	9	4	11	6	443	382	16	216	20	59	26	33	3	9		
4	9	4	11	7	648	396	21	131	68	116	19	29	2	10		
4	9	4	11	8	369	216	15	57	50	58	9	21	3	3		
4	9	4	11	9	356	299	7	99	62	83	21	23	0	4		
4	9	4	11	10	516	324	20	115	50	98	13	18	0	10		
4	9	4	11	11	486	332	17	115	91	62	19	21	2	5		
4	9	4	11	12	756	530	20	231	33	186	21	17	4	18		
4	9	4	11	13	322	302	11	102	71	71	16	19	3	9		
4	9	4	11	14	305	227	5	83	33	75	12	13	0	6		
4	9	4	11	15	694	397	18	162	42	118	21	27	3	6		
4	9	4	11	16	423	287	9	122	24	100	11	18	0	3		
4	9	4	11	17	383	295	17	159	28	66	6	15	1	3		
4	9	4	11	18	371	246	10	129	17	67	10	8	2	3		
4	9	4	11	19	333	198	11	100	12	62	1	7	0	5		
4	9	4	11	20	445	288	22	143	22	88	5	4	2	2		
4	9	4	11	21	436	331	13	143	46	85	14	20	6	4		
4	9	4	11	22	558	397	27	162	61	94	16	24	2	11		
4	9	4	11	23	844	579	26	231	57	177	25	46	3	14		
4	9	4	11	24	433	319	21	128	22	107	14	17	1	9		
4	9	4	11	25	282	204	9	97	16	63	3	13	0	3		
4	9	4	11	26	430	299	7	126	51	76	16	13	6	4		
4	9	4	11	27	333	240	12	130	23	51	8	9	4	3		
4	9	4	11	28	477	349	22	162	33	100	8	14	1	9		
4	9	4	11	29	620	426	26	161	79	105	18	26	3	8		
4	9	4	11	30	491	371	22	198	34	70	12	19	2	14		
4	9	4	11	31	565	390	13	121	120	95	18	20	1	2		
4	9	4	11	32	475	338	10	105	97	85	14	16	1	10		
4	9	4	11	33	567	374	9	161	40	115	16	22	1	10		
4	9	4	11	34	595	394	14	121	94	93	33	25	1	13		
4	9	4	11	35	513	354	18	140	63	89	17	24	1	2		
4	9	4	11	36	528	376	21	130	119	70	19	14	0	3		
4	9	4	11	37	459	409	15	173	56	117	17	15	2	14		
4	9	4	11	38	510	364	18	139	52	74	32	41	0	8		
4	9	4	11	39	893	478	16	203	85	123	13	32	3	3		
4	9	4	11	40	602	435	25	139	79	138	26	14	4	10		
4	9	4	11	41	317	294	11	100	82	69	12	19	0	1		
4	9	4	11	42	527	376	13	101	106	102	20	32	0	2		
4	9	4	11	43	839	622	20	213	109	161	35	63	5	16		
4	9	4	11	44	481	390	18	183	57	94	12	17	2	7		
4	9	4	11	45	193	195	3	66	52	41	12	18	1	2		
4	9	4	11	46	547	339	12	132	60	81	23	22	1	8		
4	9	4	11	47	673	483	24	156	98	113	42	30	4	16		
4	9	4	11	48	592	424	20	180	64	91	35	23	3	8		
4	9	4	11	49	490	374	12	150	61	85	23	33	2	8		
4	9	4	11	50	398	286	6	64	85	80	19	26	3	3		
4	9	4	11	51	488	367	19	185	38	88	9	27	1	0		
4	9	4	11	52	71	270	11	151	34	54	2	10	1	7		
4	9	4	11	53	289	211	16	56	43	67	6	16	3	4		
4	9	4	11	54	612	443	35	199	46	122	8	19	0	14		
4	9	4	11	55	614	431	25	210	29	123	15	11	5	13		
4	9	4	11	56	627	446	21	204	42	139	11	16	0	13		
4	9	4	11	57	727	440	37	180	31	142	18	18	3	11		
4	9	4	11	58	430	295	19	122	11	119	7	10	2	5		
4	9	4	11	59	556	434	16	179	74	85	24	44	1	11		
4	9	4	11	60	713	490	34	254	34	137	5	13	4	9		
4	9	4	11	61	626	454	20	170	85	128	17	17	4	13		
4	9	4	11	62	436	291	13	149	14	97	3	10	1	4		
4	9	4	11	63	401	259	13	129	7	85	13	5	4	3		
4	9	4	11	64	498	339	16	139	49	93	18	16	4	4		
4	9	4	11	65	359	224	13	91	31	61	9	14	0	5		
4	9	4	11	66	434	265	21	110	39	75	8	8	0	4		
4	9	4	11	67	302	220	11	109	23	54	8	13	0	2		
4	9	4	11	68	555	382	16	157	61	96	20	19	7	6		
4	9	4	11	69	220	210	9	41	97	41	7	6	0	9		
4	9	4	11	70	623	431	19	124	120	111	24	23	2	8		
4	9	4	11	71	756	524	30	164	110	131	39	44	0	6		
4	9	4	11	72	879	536	36	263	42	154	14	17	0	10		
4	9	4	11	73	470	294	11	148	22	88	6	14	1	4		
4	9	4	11	74	317	261	10	109	44	46	14	28	3	7		
4	9	4	11	75	423	252	14	101	36	67	11	14	2	7		
4	9	4	11	76	308	236	10	107	33	54	9	12	4	7		
4	9	4	11	77	540	361	15	128	54	114	20	17	1	12		
4	9	4	11	78	577	340	21	150	18	103	17	19	4	8		
4	9	4	11	79	297	207	11	70	50	50	5	7	2	12		
4	9	4	11	80	737	498	31	208	58	149	16	18	6	12		
4	9	4	11	81	559	381	20	161	45	123	9	10	1	12		
4	9	4	11	82	591	365	25	129	44	130	10	21	1	5		
4	9	4	11	83	559	336	12	146	36	94	19	15	6	8		
4	9	4	11	84	707	474	20	187	49	165	22	20	0	11		
4	9	4	11	85	382	268	5	101	32	101	10	8	2	9		
4	9	4	11	86	438	283	10	103	44	86	19	10	0	11		
4	9	4	11	87	577	381	12	165	44	111	14	18	4	13		
4	9	4	11	88	675	469	23	167	64	141	31	28	2	13		
4	9	4	11	89	671	461	38	194	40	153	11	15	3	7		
4	9	4	11	90	414	260	10	127	22	77	9	7	2	6		
4	9	4	11	91	472	312	20	139	30	87	18	10	1	7		
4	9	4	11	92	460	313	12	132	25	110	16	13	1	4		
4	9	4	11	93	561	444	26	233	57	90	8	10	10	10		
4	9	4	11	94	464	318	15	116	37	108	10	14	3	15		
4	9	4	11	95	436	289	16	97	30	114	14	9	2	7		
4	9	4	11	96	476	354	18	150	40	108	18	14	1	5		
4	9	4	11	97	364	270	10	111	33	91	10	11	0	4		
4	9	4	11	98	721	479	21	198	49	155	18	24	2	12		
4	9	4	11	99	232	165	11	52	20	59	9	9	2	3		
4	9	4	12	1	852	521	19	152	108	142	33	48	1	18		
4	9	4	12	2	863	581	21	196	116	143	38	43	2	22		
4	9	4	12	3	657	338	15	134	53	95	14	22	2	3		
4	9	4	12	4	638	456	17	114	96	112	40	61	3	13		
4	9	4	12	5	508	384	10	115	63	106	27	51	10	2		
4	9	4	12	6	718	431	22	187	38	123	18	27	5	11		
4	9	4	12	7	886	527	26	209	85	127	28	38	2	12		
4	9	4	12	8	854	488	11	171	94	129	38	36	1	8		
4	9	4	12	9	752	612	21	141	177	112	66	81	5	9		
4	9	4	12	10	861	541	25	168	109	120	42	62	0	15		
4	9	4	12	11	613	461	13	152	82	94	41	65	4	10		
4	9	4	12	12	538	400	12	129	67	74	47	61	3	7		
4	9	4	12	13	552	296	8	138	21	89	7	28	1	4		
4	9	4	12	14	697	448	19	178	51	131	19	40	1	9		
4	9	4	12	15	766	461	21	191	57	113	18	34	4	23		
4	9	4	12	16	541	344	14	118	53	84	24	39	3	9		
4	9	4	12	17	542	344	23	100	101	71	13	28	2	6		
4	9	4	12	18	851	477	23	154	102	140	20	27	5	6		
4	9	4	12	19	874	601	31	244	88	144	31	43	6	14		
4	9	4	12	20	870	556	20	158	111	165	42	27	10	23		
4	9	4	12	21	770	515	28	216	54	144	24	39	1	9		
4	9	4	12	22	901	555	17	166	124	149	40	41	8	10		
4	9	4	12	23	810	574	28	236	95	118	38	43	2	14		
4	9	4	12	24	756	512	18	187	112	102	32	39	6	16		
4	9	4	12	25	776	484	18	153	102	136	35	33	2	5		
4	9	4	12	26	706	475	20	172	88	124	29	31	2	9		
4	9	4	12	27	743	496	22	175	78	146	23	40	3	9		
4	9	4	12	28	599	353	16	116	55	77	19	59	0	11		
4	9	4	12	29	814	533	29	120	129	138	32	65	2	18		
4	9	4	12	30	747	497	12	160	111	122	33	47	4	8		
4	9	4	12	31	717	535	18	172	123	137	35	34	2	14		
4	9	4	12	32	716	426	14	139	98	86	25	57	0	7		
4	9	4	12	33	829	793	27	281	174	174	45	73	1	18		
4	9	4	12	34	727	441	17	133	95	99	26	62	3	6		
4	9	4	12	35	807	575	14	153	140	132	44	76	6	10		
4	9	4	12	36	721	486	15	111	172	81	38	58	2	9		
4	9	4	12	37	617	494	24	129	128	100	38	67	1	7		
4	9	4	12	38	553	348	4	54	135	80	22	45	2	6		
4	9	4	12	39	804	520	17	129	101	136	35	88	1	13		
4	9	4	12	40	829	498	28	152	110	120	26	48	1	13		
4	9	4	12	41	831	513	23	206	68	153	21	35	2	5		
4	9	4	12	42	862	514	21	207	55	160	19	37	2	13		
4	9	4	12	43	770	475	30	203	59	140	18	18	3	4		
4	9	4	12	44	679	554	13	184	149	103	46	53	2	4		
4	9	4	12	45	598	420	23	173	51	117	21	23	5	7		
4	9	4	12	46	598	431	15	193	71	81	24	36	2	9		
4	9	4	12	47	759	533	21	151	126	143	31	51	2	8		
4	9	4	12	48	860	626	31	174	173	130	45	68	2	3		
4	9	4	12	49	928	665	24	165	215	151	44	48	5	13		
4	9	4	12	50	821	575	31	138	209	94	31	52	2	18		
4	9	4	12	51	811	571	25	142	137	124	56	68	2	17		
4	9	4	12	52	694	523	9	105	175	121	39	56	4	14		
4	9	4	12	53	651	425	21	120	111	100	29	29	3	12		
4	9	4	12	54	714	606	31	230	101	131	32	55	11	15		
4	9	4	12	55	722	555	19	234	73	114	34	69	1	11		
4	9	4	12	56	317	259	17	166	32	38	0	5	0	1		
4	9	4	12	57	556	403	17	147	76	78	38	40	0	7		
4	9	4	12	58	624	464	26	147	97	122	28	31	2	11		
4	9	4	12	59	637	498	17	163	105	103	28	64	1	17		
4	9	4	12	60	688	445	12	124	117	101	28	50	2	11		
4	9	4	12	61	851	670	22	256	131	120	52	69	3	17		
4	9	4	12	62	750	481	28	141	103	129	16	43	6	15		
4	9	4	12	63	454	316	18	134	28	89	13	22	4	8		
4	9	4	12	64	757	479	24	160	83	130	29	33	7	13		
4	9	4	12	65	720	423	18	169	54	131	17	21	5	8		
4	9	4	12	66	731	419	29	188	30	125	14	24	5	4		
4	9	4	12	67	738	508	27	227	48	141	14	24	11	16		
4	9	4	12	68	747	442	20	223	35	124	11	18	1	10		
4	9	4	12	69	816	462	28	205	28	142	16	29	5	9		
4	9	4	12	70	667	414	17	195	25	136	10	14	4	13		
4	9	4	12	71	610	381	18	182	33	110	10	16	2	10		
4	9	4	12	72	699	469	20	201	71	114	23	30	3	7		
4	9	4	12	73	807	594	36	233	75	173	26	34	4	13		
4	9	4	12	74	530	371	19	157	46	102	13	21	0	13		
4	9	4	12	75	555	356	15	165	36	96	16	21	1	6		
4	9	4	12	76	793	498	27	177	58	175	19	23	3	16		
4	9	4	12	77	865	563	29	228	58	168	18	31	8	23		
4	9	4	12	78	774	476	12	207	46	156	22	23	1	9		
4	9	4	12	79	665	449	22	191	35	118	26	45	4	8		
4	9	4	94	1	0	330	1	90	84	56	31	57	4	7		
4	9	4	94	2	0	0	0	0	0	0	0	0	0	0		
4	9	4	94	3	0	0	0	0	0	0	0	0	0	0		
4	9	5	13	1	643	445	12	85	180	90	28	36	2	12		
4	9	5	13	2	674	444	14	125	123	90	26	48	4	14		
4	9	5	13	3	605	469	10	74	182	89	35	63	2	14		
4	9	5	13	4	580	403	6	44	177	61	44	51	2	18		
4	9	5	13	5	645	595	18	113	219	98	59	72	2	14		
4	9	5	13	6	734	723	25	234	185	130	51	65	9	24		
4	9	5	13	7	633	442	15	115	155	64	25	51	0	17		
4	9	5	13	8	638	481	9	47	255	86	37	36	1	10		
4	9	5	13	9	612	414	10	55	187	63	41	45	4	9		
4	9	5	13	10	451	441	12	62	189	75	43	55	0	5		
4	9	5	13	11	509	359	17	73	130	59	34	34	4	8		
4	9	5	13	12	569	418	5	66	172	79	40	39	2	15		
4	9	5	13	13	571	391	7	73	159	69	36	32	0	15		
4	9	5	13	14	723	535	19	148	166	107	31	45	2	17		
4	9	5	13	15	586	424	12	102	129	93	28	46	1	13		
4	9	5	13	16	634	431	17	103	121	89	29	54	5	13		
4	9	5	13	17	562	446	14	73	194	72	34	50	3	6		
4	9	5	13	18	592	565	22	94	231	90	44	56	6	22		
4	9	5	13	19	717	501	18	118	185	84	33	46	6	11		
4	9	5	13	20	659	467	14	155	132	89	36	28	0	13		
4	9	5	13	21	572	412	16	86	151	70	31	44	0	14		
4	9	5	13	22	573	507	21	152	184	59	37	42	4	8		
4	9	5	13	23	494	482	11	60	202	88	54	54	1	12		
4	9	5	13	24	573	433	6	54	179	76	57	47	2	12		
4	9	5	13	25	643	464	10	57	191	72	43	83	0	8		
4	9	5	13	26	603	430	12	101	120	76	38	61	4	18		
4	9	5	13	27	534	426	11	73	194	62	34	46	2	4		
4	9	5	13	28	619	447	21	140	110	82	43	44	0	7		
4	9	5	13	29	548	395	11	65	149	87	28	46	3	6		
4	9	5	13	30	605	458	8	88	170	69	43	69	0	11		
4	9	5	13	31	676	494	11	125	185	90	27	38	5	13		
4	9	5	13	32	638	478	4	55	238	80	40	51	1	9		
4	9	5	13	33	628	519	6	96	234	94	43	41	3	2		
4	9	5	13	34	741	496	16	100	151	129	46	36	4	14		
4	9	5	13	35	539	445	14	109	122	89	40	45	5	21		
4	9	5	13	36	634	455	20	134	136	82	34	37	3	9		
4	9	5	13	37	511	304	10	91	85	59	18	28	3	10		
4	9	5	13	38	2912	218	14	130	28	28	3	8	1	6		
4	9	5	13	39	514	377	5	37	179	57	47	41	1	10		
4	9	5	13	40	539	454	14	98	159	80	31	57	1	14		
4	9	5	13	41	598	415	11	137	96	77	36	40	6	12		
4	9	5	13	42	699	453	20	209	54	91	22	27	4	26		
4	9	5	13	43	642	444	22	199	64	91	25	29	0	14		
4	9	5	13	44	693	538	11	85	204	103	51	62	1	21		
4	9	5	13	45	735	509	17	147	127	115	31	52	1	19		
4	9	5	13	46	587	414	13	113	114	72	33	57	1	11		
4	9	5	13	47	614	447	19	156	116	67	37	36	2	14		
4	9	5	13	48	425	300	16	117	48	69	19	22	2	7		
4	9	5	13	49	664	512	18	223	102	103	25	21	2	18		
4	9	5	13	50	654	507	25	93	209	78	32	46	5	19		
4	9	5	13	51	695	522	16	72	215	102	40	62	4	11		
4	9	5	13	52	642	547	11	89	234	102	49	49	0	13		
4	9	5	13	53	711	541	16	98	199	125	30	43	4	26		
4	9	5	13	54	660	496	17	112	170	91	38	54	2	12		
4	9	5	13	55	450	285	13	174	49	38	2	4	1	4		
4	9	5	13	56	412	317	19	138	35	71	13	25	1	15		
4	9	5	13	57	652	492	7	169	185	63	16	35	2	15		
4	9	5	13	58	692	512	4	85	193	116	33	59	3	19		
4	9	5	13	59	787	594	17	101	202	108	58	88	2	18		
4	9	5	13	60	623	409	30	194	44	88	19	18	3	13		
4	9	5	13	61	678	477	24	137	138	91	33	38	2	14		
4	9	5	13	62	710	524	29	174	120	108	44	40	1	8		
4	9	5	13	63	693	520	20	134	170	86	40	53	4	13		
4	9	5	13	64	609	416	8	84	163	62	42	45	0	12		
4	9	5	13	65	637	549	21	156	135	114	50	59	2	12		
4	9	5	13	66	0	37	2	7	13	12	1	1	0	1		
4	9	5	13	67	0	70	2	30	13	12	5	6	1	1		
4	9	5	13	68	0	130	5	45	39	24	5	6	1	5		
4	9	5	13	69	0	90	1	14	64	10	0	1	0	0		
4	9	5	13	70	0	231	34	143	36	9	3	4	0	2		
4	9	5	13	71	0	130	5	95	15	10	2	2	1	0		
4	9	5	13	72	0	264	20	171	39	20	4	7	0	3		
4	9	5	13	73	0	306	32	204	42	21	2	3	2	0		
4	9	5	13	74	0	244	3	168	47	14	2	8	1	1		
4	9	5	13	75	0	114	2	80	18	11	0	1	1	1		
4	9	5	13	76	0	175	7	105	27	24	4	7	0	1		
4	9	5	13	77	0	97	7	42	16	19	5	6	1	1		
4	9	5	13	78	0	95	3	50	19	17	2	4	0	0		
4	9	5	13	79	0	123	4	59	31	22	4	2	0	1		
4	9	5	13	80	0	83	2	39	22	10	4	3	0	3		
4	9	5	14	1	677	698	22	189	233	122	37	76	5	14		
4	9	5	14	2	722	500	20	94	180	80	56	58	0	12		
4	9	5	14	3	716	441	9	112	126	93	33	61	3	4		
4	9	5	14	4	660	426	8	93	161	70	48	34	3	9		
4	9	5	14	5	733	485	8	102	166	103	38	56	1	11		
4	9	5	14	6	762	447	19	141	96	105	28	42	2	14		
4	9	5	14	7	677	440	12	129	134	87	35	30	2	11		
4	9	5	14	8	548	321	21	124	30	102	5	25	3	11		
4	9	5	14	9	557	490	16	115	146	109	34	54	2	14		
4	9	5	14	10	729	468	24	160	88	106	29	43	2	16		
4	9	5	14	11	627	470	7	118	104	129	31	57	4	20		
4	9	5	14	12	713	443	11	171	70	119	24	35	5	8		
4	9	5	14	13	523	330	18	134	24	104	7	26	6	11		
4	9	5	14	14	650	383	33	178	26	102	9	22	5	8		
4	9	5	14	15	668	410	24	189	32	133	13	9	1	9		
4	9	5	14	16	661	560	17	206	83	150	32	55	4	13		
4	9	5	14	17	493	318	13	76	74	77	23	46	3	6		
4	9	5	14	18	570	350	13	93	94	97	18	24	1	10		
4	9	5	14	19	581	377	24	91	94	89	24	24	3	28		
4	9	5	14	20	616	378	17	157	34	130	11	20	4	5		
4	9	5	14	21	610	394	21	113	91	94	27	37	2	9		
4	9	5	14	22	731	510	15	145	133	118	35	48	2	14		
4	9	5	14	23	678	436	17	140	71	114	40	39	0	15		
4	9	5	14	24	693	388	26	127	73	100	13	40	4	5		
4	9	5	14	25	598	346	16	138	30	102	12	28	4	16		
4	9	5	14	26	464	253	12	84	44	65	14	23	3	8		
4	9	5	14	27	595	321	14	94	64	79	19	37	2	12		
4	9	5	14	28	635	552	18	157	125	118	41	71	2	20		
4	9	5	14	29	609	404	9	127	95	99	14	52	1	7		
4	9	5	14	30	683	469	15	95	149	105	35	44	2	24		
4	9	5	14	31	555	387	20	109	107	73	29	36	1	12		
4	9	5	14	32	699	504	29	144	148	110	25	40	2	6		
4	9	5	14	33	571	378	9	81	109	118	20	28	2	11		
4	9	5	14	34	500	304	17	147	21	74	16	21	2	6		
4	9	5	14	35	596	381	12	121	67	110	26	30	1	14		
4	9	5	14	36	640	390	22	123	69	103	29	28	2	14		
4	9	5	14	37	261	238	15	141	28	37	2	10	0	5		
4	9	5	14	38	627	375	18	115	63	113	19	33	2	12		
4	9	5	14	39	733	523	18	164	102	98	47	68	5	21		
4	9	5	14	40	729	451	15	188	74	94	21	43	1	15		
4	9	5	14	41	580	397	14	143	50	134	23	24	0	9		
4	9	5	14	42	684	496	15	154	114	113	43	44	1	12		
4	9	5	14	43	649	426	22	158	54	137	16	21	4	14		
4	9	5	14	44	643	505	23	146	126	98	43	51	3	15		
4	9	5	14	45	629	502	21	213	88	106	31	34	2	7		
4	9	5	14	46	606	476	25	165	95	75	49	49	3	15		
4	9	5	14	47	628	472	11	178	84	116	18	46	2	17		
4	9	5	14	48	599	444	21	151	103	104	17	33	2	13		
4	9	5	14	49	646	420	20	170	48	126	23	22	2	9		
4	9	5	14	50	738	464	14	134	96	112	33	54	1	20		
4	9	5	14	51	638	485	18	144	115	93	44	62	0	9		
4	9	5	14	52	685	459	18	184	54	130	21	37	5	10		
4	9	5	14	53	711	480	24	172	72	130	19	46	4	13		
4	9	5	14	54	747	506	21	146	111	124	35	55	1	13		
4	9	5	14	55	304	269	16	164	44	30	3	7	2	3		
4	9	5	14	56	793	562	15	161	112	104	64	91	2	13		
4	9	5	14	57	1026	43	1	26	7	6	1	1	1	0		
4	9	5	14	58	698	434	19	128	88	128	22	41	2	6		
4	9	5	14	59	742	487	18	135	112	102	48	61	1	10		
4	9	5	14	60	711	554	16	138	181	102	33	64	4	16		
4	9	5	14	61	662	429	23	112	125	97	32	35	3	2		
4	9	5	14	62	677	542	11	151	178	105	29	50	3	15		
4	9	5	14	63	699	500	22	224	81	98	22	28	4	21		
4	9	5	14	64	684	436	15	184	44	142	15	22	1	13		
4	9	5	14	65	698	477	19	179	76	124	30	36	4	9		
4	9	5	14	66	857	579	25	181	160	110	26	51	6	20		
4	9	5	14	67	583	437	13	110	124	94	43	43	0	10		
4	9	5	14	68	749	553	20	163	146	100	46	63	3	12		
4	9	5	14	69	544	93	6	30	11	19	12	13	0	2		
4	9	5	14	70	733	469	17	155	87	123	26	38	2	21		
4	9	5	14	71	705	630	23	140	178	177	32	64	3	13		
4	9	5	14	72	678	471	23	128	142	80	35	53	2	8		
4	9	5	14	73	649	476	15	72	188	76	42	63	0	20		
4	9	5	14	74	684	504	11	85	170	103	44	75	1	15		
4	9	5	14	75	380	273	8	56	93	50	29	30	0	7		
4	9	5	14	76	762	547	23	180	117	124	31	54	7	11		
4	9	5	14	77	748	552	16	142	175	110	34	61	0	14		
4	9	5	14	78	769	630	31	130	197	117	58	65	6	26		
4	9	5	14	79	730	518	22	132	122	124	39	60	6	13		
4	9	5	14	80	653	509	23	147	112	117	48	42	3	17		
4	9	5	14	81	547	449	19	127	132	87	36	36	2	10		
4	9	5	14	82	546	420	19	120	125	86	31	29	1	9		
4	9	5	14	83	735	568	25	113	186	122	50	59	2	11		
4	9	5	14	84	721	566	11	117	201	81	54	88	3	11		
4	9	5	14	85	758	541	17	113	154	126	53	63	2	13		
4	9	5	14	86	702	510	26	127	172	115	23	37	0	10		
4	9	5	14	87	650	509	22	119	135	123	37	53	1	19		
4	9	5	14	88	596	480	19	113	126	89	40	80	2	11		
4	9	5	14	89	659	477	7	144	124	83	45	61	2	11		
4	9	5	14	90	580	489	18	202	80	93	25	57	1	13		
4	9	5	14	91	549	359	19	164	48	87	13	18	3	7		
4	9	5	14	92	505	327	12	158	25	89	15	11	5	12		
4	9	5	14	93	0	69	5	39	15	6	0	4	0	0		
4	9	5	14	94	0	260	13	118	47	54	14	11	1	2		
4	9	5	14	95	0	267	136	84	26	14	1	3	0	3		
4	9	5	14	96	0	302	108	143	28	11	2	7	1	2		
4	9	5	14	97	0	189	15	131	32	9	0	2	0	0		
4	9	5	14	98	0	113	5	40	33	27	3	2	0	3		
4	9	5	14	99	0	111	11	59	20	14	4	2	0	1		
4	9	5	14	100	0	90	9	50	15	9	4	1	1	1		
4	9	5	15	1	462	331	14	175	34	69	13	18	1	7		
4	9	5	15	2	677	442	16	174	62	119	25	36	1	9		
4	9	5	15	3	598	459	40	234	59	88	13	13	1	11		
4	9	5	15	4	485	368	15	187	26	105	9	16	2	8		
4	9	5	15	5	617	435	16	135	79	115	23	54	5	8		
4	9	5	15	6	305	168	5	41	39	55	9	14	0	5		
4	9	5	15	7	477	409	17	145	66	88	30	48	2	13		
4	9	5	15	8	420	249	15	108	31	73	7	8	2	5		
4	9	5	15	9	515	329	15	120	49	83	16	37	0	9		
4	9	5	15	10	585	385	17	176	43	97	12	19	12	9		
4	9	5	15	11	468	313	25	91	40	96	25	26	4	6		
4	9	5	15	12	368	274	15	126	32	62	8	25	3	3		
4	9	5	15	13	323	206	8	68	59	42	2	19	1	7		
4	9	5	15	14	528	290	11	131	31	78	5	22	3	9		
4	9	5	15	15	381	240	10	63	58	56	15	30	2	6		
4	9	5	15	16	320	209	7	63	49	48	10	23	1	8		
4	9	5	15	17	451	298	11	152	20	90	9	11	0	5		
4	9	5	15	18	508	415	12	119	70	112	41	52	1	8		
4	9	5	15	19	500	332	19	135	34	93	16	19	6	10		
4	9	5	15	20	517	306	19	119	31	82	14	28	6	7		
4	9	5	15	21	366	260	11	61	55	72	21	27	3	10		
4	9	5	15	22	575	356	23	117	60	88	18	35	2	13		
4	9	5	15	23	427	348	18	108	74	72	14	48	3	11		
4	9	5	15	24	555	355	8	112	54	112	18	40	4	7		
4	9	5	15	25	494	344	10	102	85	79	25	34	3	6		
4	9	5	15	26	439	246	14	80	40	64	14	24	2	8		
4	9	5	15	27	490	283	12	100	38	96	10	17	1	9		
4	9	5	15	28	371	248	8	76	37	65	22	36	1	3		
4	9	5	15	29	479	289	6	84	54	70	22	37	9	7		
4	9	5	15	30	302	175	12	42	25	55	9	24	0	8		
4	9	5	15	31	558	350	14	126	48	103	13	39	1	6		
4	9	5	15	32	317	186	11	50	32	59	15	16	2	1		
4	9	5	15	33	375	233	5	52	52	64	19	37	1	3		
4	9	5	15	34	682	639	25	229	131	130	30	73	9	12		
4	9	5	15	35	576	317	13	92	49	104	14	33	3	9		
4	9	5	15	36	404	349	7	78	83	66	27	75	2	11		
4	9	5	15	37	476	294	13	71	73	66	14	51	1	5		
4	9	5	15	38	397	211	7	46	49	59	10	32	2	6		
4	9	5	15	39	428	242	5	57	51	71	8	27	2	21		
4	9	5	15	40	410	237	8	109	24	62	8	17	3	6		
4	9	5	15	41	659	455	12	135	112	110	28	46	1	11		
4	9	5	15	42	494	294	18	89	58	67	16	37	4	5		
4	9	5	15	43	585	302	12	89	53	80	24	31	2	11		
4	9	5	15	44	477	262	7	86	48	60	23	30	2	6		
4	9	5	15	45	388	306	6	103	59	87	17	28	1	5		
4	9	5	15	46	602	365	23	119	58	98	21	27	5	14		
4	9	5	15	47	422	257	10	96	40	61	10	36	2	2		
4	9	5	15	48	455	304	17	101	50	92	12	23	2	7		
4	9	5	15	49	571	419	13	144	55	121	23	49	4	10		
4	9	5	15	50	436	250	7	79	26	73	14	41	3	7		
4	9	5	15	51	591	337	6	101	74	91	18	35	6	6		
4	9	5	15	52	565	350	16	86	68	97	21	48	1	13		
4	9	5	15	53	410	273	12	69	61	62	25	28	0	16		
4	9	5	15	54	561	374	21	140	60	102	14	20	7	10		
4	9	5	15	55	468	364	18	176	63	70	8	21	4	4		
4	9	5	15	56	409	268	17	108	32	70	9	20	1	11		
4	9	5	15	57	314	217	9	69	43	62	6	22	1	5		
4	9	5	15	58	420	281	18	84	53	86	9	19	1	11		
4	9	5	15	59	584	470	17	153	72	129	35	46	7	11		
4	9	5	15	60	377	249	11	79	41	80	9	12	2	15		
4	9	5	15	61	414	293	11	80	61	81	25	27	3	5		
4	9	5	15	62	422	283	13	105	47	69	15	24	3	7		
4	9	5	15	63	608	320	15	98	50	93	19	35	0	10		
4	9	5	15	64	477	285	8	97	54	74	19	29	3	1		
4	9	5	15	65	451	295	7	83	58	82	9	48	3	5		
4	9	5	15	66	388	223	7	59	41	73	10	32	0	1		
4	9	5	15	67	468	267	12	88	48	69	14	32	1	3		
4	9	5	15	68	386	222	4	76	36	67	14	18	2	5		
4	9	5	15	69	620	417	19	166	57	112	23	31	2	7		
4	9	5	15	70	412	276	13	91	41	81	15	32	1	2		
4	9	5	15	71	494	340	14	115	67	74	17	42	0	11		
4	9	5	15	72	461	289	8	77	79	75	20	25	2	3		
4	9	5	15	73	549	363	19	140	35	112	23	25	4	5		
4	9	5	15	74	618	356	12	123	45	97	20	47	5	7		
4	9	5	15	75	466	294	9	147	25	71	9	23	3	7		
4	9	5	15	76	441	234	12	73	33	81	11	20	2	2		
4	9	5	15	77	577	439	17	161	67	111	29	41	1	12		
4	9	5	15	78	464	300	6	123	55	62	14	27	2	11		
4	9	5	15	79	648	403	13	144	76	109	14	38	1	8		
4	9	5	15	80	495	316	14	107	46	97	21	23	1	7		
4	9	5	15	81	495	299	6	109	40	84	17	31	1	11		
4	9	5	15	82	380	246	6	61	57	60	21	34	1	6		
4	9	5	15	83	400	236	5	113	25	61	11	14	1	6		
4	9	5	15	84	444	266	4	58	74	72	17	36	1	4		
4	9	5	15	85	392	239	12	69	50	63	12	26	2	5		
4	9	5	15	86	506	324	11	103	60	77	19	35	4	15		
4	9	5	15	87	593	391	17	156	43	116	20	31	1	7		
4	9	5	15	88	0	125	10	47	27	28	2	8	0	3		
4	9	5	15	89	0	608	9	127	154	83	58	159	4	14		
4	9	5	15	90	0	716	13	130	208	130	70	133	7	25		
4	9	5	23	1	728	559	39	206	74	148	38	35	6	13		
4	9	5	23	2	748	492	21	183	99	107	25	38	7	12		
4	9	5	23	3	751	521	25	224	85	90	44	49	1	3		
4	9	5	23	4	698	521	11	178	119	107	51	49	1	5		
4	9	5	23	5	590	430	14	118	125	81	38	43	4	7		
4	9	5	23	6	601	447	10	117	117	97	45	45	3	13		
4	9	5	23	7	627	540	17	161	121	120	46	53	5	17		
4	9	5	23	8	590	440	10	138	112	100	45	29	1	5		
4	9	5	23	9	680	501	18	164	96	97	49	61	4	12		
4	9	5	23	10	685	499	16	148	115	115	50	45	2	8		
4	9	5	23	11	590	417	5	124	78	89	49	55	3	14		
4	9	5	23	12	753	532	11	158	127	122	47	52	1	14		
4	9	5	23	13	756	965	34	299	283	194	50	79	7	19		
4	9	5	23	14	423	152	17	103	18	6	4	2	0	2		
4	9	5	23	15	647	438	10	164	109	78	18	43	7	9		
4	9	5	23	16	763	498	17	172	79	122	33	60	4	11		
4	9	5	23	17	738	595	20	200	138	121	47	54	5	10		
4	9	5	23	18	740	505	9	132	145	94	32	77	2	14		
4	9	5	23	19	729	535	24	164	146	99	28	54	3	17		
4	9	5	23	20	547	464	19	130	121	99	37	41	3	14		
4	9	5	23	21	527	394	20	100	112	84	27	43	2	6		
4	9	5	23	22	677	465	20	115	137	111	36	30	3	13		
4	9	5	23	23	855	568	31	213	74	137	33	57	4	19		
4	9	5	23	24	700	506	13	144	116	115	37	60	7	14		
4	9	5	23	25	583	404	9	97	137	77	30	27	1	26		
4	9	5	23	26	690	518	12	60	226	106	43	55	7	9		
4	9	5	23	27	781	585	20	141	176	139	44	54	0	11		
4	9	5	23	28	594	432	23	135	127	68	28	41	3	7		
4	9	5	23	29	474	376	11	110	96	75	29	38	0	17		
4	9	5	23	30	668	478	7	62	206	87	42	63	2	9		
4	9	5	23	31	644	507	18	94	172	93	44	69	3	14		
4	9	5	23	32	552	459	10	108	152	86	39	52	3	9		
4	9	5	23	33	729	538	25	114	155	128	44	50	7	15		
4	9	5	23	34	609	423	11	106	135	77	41	43	0	10		
4	9	5	23	35	796	576	14	115	204	99	54	68	3	19		
4	9	5	23	36	667	511	19	154	144	120	28	37	1	8		
4	9	5	23	37	630	416	23	171	43	116	22	31	2	8		
4	9	5	23	38	732	589	12	120	231	98	46	67	2	13		
4	9	5	23	39	737	526	16	199	127	115	29	32	1	7		
4	9	5	23	40	757	619	24	157	176	92	43	86	7	34		
4	9	5	23	41	695	506	24	176	104	94	36	50	6	16		
4	9	5	23	42	737	534	31	198	78	142	38	29	7	11		
4	9	5	23	43	310	216	10	133	32	28	5	6	0	2		
4	9	5	23	44	737	529	19	209	97	114	32	44	5	9		
4	9	5	23	45	763	501	19	184	94	119	27	43	4	11		
4	9	5	23	46	777	534	35	210	82	110	38	44	2	13		
4	9	5	23	47	815	558	10	222	105	114	35	57	5	10		
4	9	5	23	48	638	396	21	157	65	114	8	28	2	1		
4	9	5	23	49	622	420	25	176	48	137	15	13	2	4		
4	9	5	23	50	784	572	35	274	67	134	24	28	4	6		
4	9	5	23	51	726	574	15	153	150	131	55	49	0	21		
4	9	5	23	52	528	388	14	138	58	105	31	32	2	8		
4	9	5	23	53	601	395	22	171	50	115	19	9	2	7		
4	9	5	23	54	656	472	30	211	65	105	22	22	6	11		
4	9	5	23	55	595	456	8	125	126	97	37	47	6	10		
4	9	5	23	56	753	536	15	193	111	145	35	26	2	9		
4	9	5	23	57	393	314	16	95	76	72	21	20	4	10		
4	9	5	23	58	806	568	23	218	107	127	40	35	4	14		
4	9	5	23	59	765	551	29	244	72	141	24	27	5	9		
4	9	5	23	60	705	486	18	204	61	125	28	40	5	5		
4	9	5	23	61	773	603	21	197	159	117	40	50	5	14		
4	9	5	23	62	746	528	18	202	86	131	25	55	2	9		
4	9	5	23	63	754	481	23	169	101	130	21	22	3	12		
4	9	5	23	64	748	486	17	163	105	115	35	41	3	7		
4	9	5	23	65	749	529	20	157	111	155	25	47	5	9		
4	9	5	23	66	919	611	17	218	89	185	36	49	4	13		
4	9	5	23	67	783	595	15	281	94	109	31	41	4	20		
4	9	5	23	68	789	586	19	209	120	110	43	53	5	27		
4	9	5	23	69	688	459	15	162	89	121	27	26	8	11		
4	9	5	23	70	564	391	14	172	56	99	17	24	3	6		
4	9	5	23	71	616	465	21	177	73	107	35	29	7	16		
4	9	5	23	72	603	453	25	151	90	105	29	37	2	14		
4	9	5	23	73	612	434	37	198	53	104	12	19	5	6		
4	9	5	23	74	648	456	39	182	56	120	21	30	3	5		
4	9	5	23	75	644	426	19	159	45	138	18	30	1	16		
4	9	5	23	76	776	560	17	158	137	116	51	66	6	9		
4	9	5	23	77	763	585	16	108	218	99	62	61	2	19		
4	9	5	23	78	771	574	31	208	101	141	41	38	2	12		
4	9	5	23	79	730	603	9	113	218	101	57	83	5	17		
4	9	5	23	80	773	548	30	214	87	139	31	34	1	12		
4	9	5	23	81	797	615	27	227	104	131	42	63	1	20		
4	9	5	23	82	807	605	24	214	94	143	45	62	4	19		
4	9	5	23	83	801	540	15	207	65	170	28	33	0	22		
4	9	5	23	84	826	482	16	182	46	153	32	39	4	10		
4	9	5	23	85	808	560	28	255	63	140	27	31	2	14		
4	9	5	23	86	652	514	29	213	43	155	24	32	0	18		
4	9	5	23	87	715	509	18	181	100	114	39	38	3	16		
4	9	5	23	88	502	415	25	133	87	110	26	18	1	15		
4	9	5	23	89	796	534	30	194	56	160	27	51	5	11		
4	9	5	23	90	701	476	25	197	44	126	25	40	2	17		
4	9	5	23	91	572	369	6	95	66	101	44	47	3	7		
4	9	5	23	92	0	220	74	98	27	9	2	6	0	4		
4	9	5	23	93	0	77	6	21	37	11	0	1	1	0		
4	9	5	23	94	0	47	1	34	8	3	1	0	0	0		
4	9	5	95	1	0	486	3	100	166	53	61	88	3	12		
4	9	5	95	2	0	0	0	0	0	0	0	0	0	0		
4	9	5	95	3	0	0	0	0	0	0	0	0	0	0		
4	9	6	16	1	450	301	9	91	52	88	13	42	1	5		
4	9	6	16	2	448	307	7	125	40	78	11	36	4	6		
4	9	6	16	3	449	228	10	78	36	60	16	25	0	3		
4	9	6	16	4	450	320	9	108	64	74	19	40	2	4		
4	9	6	16	5	604	391	12	99	101	102	19	47	1	10		
4	9	6	16	6	509	314	8	83	82	78	18	38	1	6		
4	9	6	16	7	432	316	11	95	67	74	23	39	1	6		
4	9	6	16	8	522	303	11	101	46	81	13	44	2	5		
4	9	6	16	9	481	295	15	77	47	86	20	39	1	10		
4	9	6	16	10	411	269	8	88	52	78	11	28	2	2		
4	9	6	16	11	463	287	15	90	51	78	18	32	1	2		
4	9	6	16	12	397	254	14	69	56	63	11	37	1	3		
4	9	6	16	13	426	272	16	103	24	80	9	29	5	6		
4	9	6	16	14	408	246	7	67	40	83	14	32	0	3		
4	9	6	16	15	483	274	14	90	51	65	16	28	1	9		
4	9	6	16	16	385	250	14	68	58	75	4	27	2	2		
4	9	6	16	17	386	286	7	84	55	59	31	44	2	4		
4	9	6	16	18	488	401	13	126	53	111	25	63	0	10		
4	9	6	16	19	515	332	19	96	66	80	13	50	1	7		
4	9	6	16	20	505	311	11	93	53	94	17	31	2	10		
4	9	6	16	21	476	298	19	81	57	80	18	31	1	11		
4	9	6	16	22	491	293	8	83	50	85	16	42	0	9		
4	9	6	16	23	391	217	21	80	27	45	10	27	1	6		
4	9	6	16	24	378	212	9	73	23	73	10	21	1	2		
4	9	6	16	25	466	282	14	114	33	86	9	20	3	3		
4	9	6	16	26	548	562	16	179	79	130	46	94	2	16		
4	9	6	16	27	501	537	23	241	74	120	18	45	3	13		
4	9	6	16	28	571	327	20	101	47	91	22	33	0	13		
4	9	6	16	29	522	345	18	99	72	94	19	34	3	6		
4	9	6	16	30	514	326	12	87	68	85	19	50	2	3		
4	9	6	16	31	637	429	17	168	69	111	18	28	4	14		
4	9	6	16	32	462	315	19	100	60	82	19	28	1	6		
4	9	6	16	33	482	262	14	119	29	74	8	10	3	5		
4	9	6	16	34	380	258	12	51	68	72	18	29	2	6		
4	9	6	16	35	336	238	10	70	43	60	14	39	0	2		
4	9	6	16	36	379	253	16	112	18	81	8	13	2	3		
4	9	6	16	37	386	216	11	88	20	55	11	27	1	3		
4	9	6	16	38	360	206	10	57	54	45	8	28	2	2		
4	9	6	16	39	516	360	21	148	38	122	11	17	1	2		
4	9	6	16	40	392	311	12	164	31	71	10	11	3	9		
4	9	6	16	41	351	280	18	92	49	82	13	16	1	9		
4	9	6	16	42	381	299	9	89	48	92	23	30	5	3		
4	9	6	16	43	439	307	16	107	45	94	11	24	1	9		
4	9	6	16	44	550	353	22	104	83	76	21	38	4	5		
4	9	6	16	45	496	307	5	119	52	68	19	30	5	9		
4	9	6	16	46	456	298	8	90	62	84	14	35	2	3		
4	9	6	16	47	342	212	8	65	39	69	6	13	4	8		
4	9	6	16	48	373	255	8	105	53	51	10	19	3	6		
4	9	6	16	49	596	334	17	143	28	110	10	15	2	9		
4	9	6	16	50	532	359	15	138	57	113	10	11	4	11		
4	9	6	16	51	530	344	26	154	21	105	9	17	1	11		
4	9	6	16	52	648	421	13	189	38	128	10	24	1	18		
4	9	6	16	53	575	363	32	79	66	160	10	11	1	4		
4	9	6	16	54	442	297	13	135	39	84	2	14	2	8		
4	9	6	16	55	590	374	22	131	66	97	24	25	3	6		
4	9	6	16	56	639	435	19	144	73	115	30	39	8	7		
4	9	6	16	57	512	353	9	111	69	73	21	55	4	11		
4	9	6	16	58	632	435	9	146	86	113	24	48	1	8		
4	9	6	16	59	536	303	8	111	42	90	21	28	1	2		
4	9	6	16	60	544	338	15	105	53	91	22	45	1	6		
4	9	6	16	61	501	336	12	111	53	73	22	54	4	7		
4	9	6	16	62	426	259	9	91	34	66	17	30	2	10		
4	9	6	16	63	453	309	9	67	101	64	28	29	2	9		
4	9	6	16	64	402	242	15	58	55	68	7	32	3	4		
4	9	6	16	65	636	424	16	132	85	112	30	35	4	10		
4	9	6	16	66	507	305	12	94	57	79	15	37	1	10		
4	9	6	16	67	519	360	15	103	77	103	14	41	1	6		
4	9	6	16	68	522	364	19	136	47	96	19	32	2	13		
4	9	6	16	69	359	245	16	124	14	69	5	7	0	10		
4	9	6	16	70	458	283	14	145	23	68	9	16	3	5		
4	9	6	16	71	387	281	12	140	27	81	2	14	0	5		
4	9	6	16	72	536	406	10	133	81	91	40	38	2	11		
4	9	6	16	73	558	348	16	183	31	85	11	10	3	9		
4	9	6	16	74	577	420	15	214	51	67	21	32	3	17		
4	9	6	16	75	456	327	17	110	55	99	16	18	4	8		
4	9	6	16	76	507	344	26	98	66	111	10	23	3	7		
4	9	6	16	77	563	373	20	148	54	94	19	21	3	14		
4	9	6	16	78	463	373	30	125	69	82	14	43	1	9		
4	9	6	16	79	360	248	6	97	48	57	16	17	1	6		
4	9	6	16	80	485	300	19	95	57	63	23	31	3	9		
4	9	6	16	81	506	360	17	140	49	84	20	38	3	9		
4	9	6	16	82	499	321	13	108	62	99	11	15	5	8		
4	9	6	16	83	411	259	10	80	36	79	22	21	2	9		
4	9	6	16	84	338	262	13	85	50	69	15	22	2	6		
4	9	6	16	85	579	401	25	141	88	90	23	17	2	15		
4	9	6	16	86	494	302	13	132	35	63	13	31	1	14		
4	9	6	16	87	602	394	30	103	73	121	24	27	4	12		
4	9	6	16	88	390	240	11	92	53	55	14	11	2	2		
4	9	6	16	89	504	362	14	98	86	100	28	27	3	6		
4	9	6	16	90	636	360	8	135	58	90	22	36	2	9		
4	9	6	16	91	551	326	12	93	71	78	24	40	0	8		
4	9	6	16	92	514	363	14	124	75	94	24	25	1	6		
4	9	6	16	93	371	315	7	82	75	65	33	42	2	9		
4	9	6	16	94	445	292	11	102	62	59	26	23	2	7		
4	9	6	16	95	411	230	12	109	29	53	6	12	2	7		
4	9	6	16	96	396	288	16	106	47	67	16	30	1	5		
4	9	6	16	97	543	377	13	164	54	98	9	28	4	7		
4	9	6	16	98	517	369	19	185	25	99	9	23	0	9		
4	9	6	16	99	553	363	23	162	15	112	19	26	1	5		
4	9	6	16	100	454	297	27	125	22	72	12	21	9	9		
4	9	6	16	101	621	461	15	202	62	101	27	41	0	13		
4	9	6	16	102	509	438	16	206	58	86	22	36	0	14		
4	9	6	16	103	635	494	14	99	190	91	40	51	0	9		
4	9	6	16	104	600	457	9	141	112	89	46	52	1	7		
4	9	6	16	105	586	443	16	132	136	87	22	37	3	10		
4	9	6	16	106	602	489	36	247	58	106	10	18	2	12		
4	9	6	16	107	131	88	2	38	11	21	10	4	0	2		
4	9	6	16	108	575	402	24	134	78	92	22	38	3	11		
4	9	6	16	109	477	401	16	142	95	73	27	36	3	9		
4	9	6	16	110	627	460	18	209	50	96	27	43	2	15		
4	9	6	16	111	487	345	14	173	32	89	16	14	1	6		
4	9	6	16	112	698	521	11	93	200	104	39	61	5	8		
4	9	6	16	113	661	528	10	103	207	91	42	65	1	9		
4	9	6	16	114	615	458	25	118	150	71	35	57	0	2		
4	9	6	16	115	741	576	20	197	139	89	45	68	1	17		
4	9	6	16	116	526	413	28	161	71	82	22	41	3	5		
4	9	6	16	117	280	200	7	66	34	35	22	32	0	4		
4	9	6	16	118	0	70	2	31	15	20	0	2	0	0		
4	9	6	16	119	0	78	1	32	22	19	0	1	1	2		
4	9	6	16	120	0	87	6	39	16	18	1	7	0	0		
4	9	6	16	121	0	46	3	18	11	10	1	2	0	1		
4	9	6	16	122	0	78	12	26	13	20	1	2	0	4		
4	9	6	17	1	766	475	27	117	97	136	34	52	3	9		
4	9	6	17	2	887	503	18	105	138	128	48	50	3	13		
4	9	6	17	3	557	393	16	111	88	88	20	57	4	9		
4	9	6	17	4	705	453	20	110	81	139	24	69	5	5		
4	9	6	17	5	602	452	28	117	87	113	32	61	6	8		
4	9	6	17	6	779	484	25	121	129	114	31	54	4	6		
4	9	6	17	7	768	467	9	111	85	127	42	79	4	10		
4	9	6	17	8	947	629	26	143	138	196	37	67	2	20		
4	9	6	17	9	878	600	23	193	142	122	51	54	2	13		
4	9	6	17	10	761	550	7	145	146	143	38	59	2	10		
4	9	6	17	11	795	704	21	236	114	153	65	101	3	11		
4	9	6	17	12	785	502	27	212	57	130	32	32	2	10		
4	9	6	17	13	705	539	28	190	87	117	41	54	3	19		
4	9	6	17	14	820	534	26	152	120	123	34	55	5	19		
4	9	6	17	15	630	518	25	142	139	106	25	65	3	13		
4	9	6	17	16	624	421	17	111	112	102	22	50	2	5		
4	9	6	17	17	827	532	19	147	110	142	37	59	4	14		
4	9	6	17	18	555	345	7	86	81	97	18	45	2	9		
4	9	6	17	19	616	403	22	158	55	118	14	30	1	5		
4	9	6	17	20	738	437	22	119	91	125	23	48	1	8		
4	9	6	17	21	886	633	19	170	147	143	37	103	3	11		
4	9	6	17	22	817	501	28	167	90	127	26	59	1	3		
4	9	6	17	23	802	534	25	159	114	137	28	61	1	9		
4	9	6	17	24	509	389	22	165	65	74	18	36	0	9		
4	9	6	17	25	685	445	27	155	92	103	26	29	3	10		
4	9	6	17	26	490	343	7	106	62	96	24	38	3	7		
4	9	6	17	27	572	355	14	131	68	81	17	34	1	9		
4	9	6	17	28	811	504	12	155	100	149	21	47	3	17		
4	9	6	17	29	920	648	25	165	185	137	44	62	3	27		
4	9	6	17	30	831	558	25	179	121	122	26	60	3	22		
4	9	6	17	31	472	354	18	150	33	107	20	22	2	2		
4	9	6	17	32	863	569	28	215	87	148	31	42	3	15		
4	9	6	17	33	813	532	19	119	140	135	26	73	1	19		
4	9	6	17	34	566	415	16	178	65	98	16	35	0	7		
4	9	6	17	35	774	629	18	208	225	87	36	40	1	14		
4	9	6	17	36	859	604	23	188	137	147	35	55	3	16		
4	9	6	17	37	961	691	25	182	199	140	44	72	7	22		
4	9	6	17	38	905	631	23	167	184	122	45	78	4	8		
4	9	6	17	39	700	605	13	120	205	107	66	82	1	11		
4	9	6	17	40	563	459	10	123	124	107	27	53	1	14		
4	9	6	17	41	613	452	21	57	200	93	26	45	3	7		
4	9	6	17	42	836	610	23	153	207	122	30	52	4	19		
4	9	6	17	43	871	646	23	157	213	119	52	72	2	8		
4	9	6	17	44	662	533	14	107	168	119	43	63	4	15		
4	9	6	17	45	0	92	3	27	37	21	2	2	0	0		
4	9	6	17	46	0	77	2	25	23	23	0	2	0	2		
4	9	6	18	1	627	406	13	102	93	99	29	51	6	13		
4	9	6	18	2	664	442	9	132	85	92	30	72	6	16		
4	9	6	18	3	769	536	22	138	113	107	48	94	4	10		
4	9	6	18	4	728	466	25	96	120	121	24	63	4	13		
4	9	6	18	5	600	348	13	101	72	68	29	52	3	10		
4	9	6	18	6	710	436	14	113	117	85	41	48	1	17		
4	9	6	18	7	530	352	7	102	90	72	29	43	1	8		
4	9	6	18	8	818	371	17	86	98	59	34	62	4	11		
4	9	6	18	9	495	341	9	115	63	68	30	46	2	8		
4	9	6	18	10	545	408	5	99	94	101	27	69	4	9		
4	9	6	18	11	513	365	8	77	94	80	28	66	3	9		
4	9	6	18	12	521	366	11	67	114	66	32	63	2	11		
4	9	6	18	13	579	410	6	109	118	78	29	52	4	14		
4	9	6	18	14	704	625	17	157	209	113	36	66	4	23		
4	9	6	18	15	690	387	14	103	90	87	32	43	7	11		
4	9	6	18	16	779	496	15	105	142	85	52	82	0	15		
4	9	6	18	17	759	515	16	103	167	95	59	64	2	9		
4	9	6	18	18	747	508	22	244	44	116	24	35	4	19		
4	9	6	18	19	595	596	22	91	154	112	54	143	5	15		
4	9	6	18	20	611	484	14	87	155	117	28	69	4	10		
4	9	6	18	21	546	430	4	49	209	67	33	59	1	8		
4	9	6	18	22	649	415	13	105	119	95	30	46	0	7		
4	9	6	18	23	862	534	16	138	110	116	46	86	5	17		
4	9	6	18	24	660	475	19	79	175	80	37	75	3	7		
4	9	6	18	25	663	520	18	63	233	82	43	68	0	13		
4	9	6	18	26	672	519	18	101	172	87	39	92	1	9		
4	9	6	18	27	868	455	13	79	156	73	39	74	5	16		
4	9	6	18	28	741	547	12	77	257	77	48	61	3	12		
4	9	6	18	29	658	508	8	72	208	85	53	67	1	14		
4	9	6	18	30	704	480	23	139	109	116	32	55	0	6		
4	9	6	18	31	719	502	15	72	203	86	50	66	2	8		
4	9	6	18	32	759	555	30	209	112	109	48	37	1	9		
4	9	6	18	33	521	385	9	43	147	75	35	67	2	7		
4	9	6	18	34	526	410	11	52	166	69	47	51	3	11		
4	9	6	18	35	863	559	30	183	132	122	36	43	1	12		
4	9	6	18	36	648	468	12	82	160	93	37	63	1	20		
4	9	6	18	37	654	489	20	64	203	78	36	75	0	13		
4	9	6	18	38	671	436	14	149	88	106	33	36	2	8		
4	9	6	18	39	578	494	18	88	156	83	50	75	5	19		
4	9	6	18	40	599	451	9	131	141	67	31	51	3	18		
4	9	6	18	41	341	265	8	107	90	51	4	1	0	4		
4	9	6	18	42	719	611	21	148	210	100	49	67	0	16		
4	9	6	18	43	749	527	10	56	231	80	52	72	3	23		
4	9	6	18	44	626	420	19	113	120	102	16	32	1	17		
4	9	6	18	45	691	500	17	77	226	77	46	47	0	10		
4	9	6	18	46	520	385	4	54	176	67	34	40	0	10		
4	9	6	18	47	389	390	8	71	134	72	39	52	1	13		
4	9	6	18	48	651	493	16	77	222	71	48	49	1	9		
4	9	6	18	49	580	436	12	60	198	62	46	49	1	8		
4	9	6	18	50	587	511	7	72	217	71	66	68	1	9		
4	9	6	18	51	545	447	4	58	194	73	54	59	2	3		
4	9	6	18	52	520	368	7	41	167	60	36	49	2	6		
4	9	6	18	53	0	197	2	16	163	12	0	2	0	2		
4	9	6	18	54	0	10	1	4	2	1	2	0	0	0		
4	9	6	18	55	0	61	1	14	17	16	4	6	1	2		
4	9	6	18	56	0	128	9	48	57	8	1	2	1	2		
4	9	6	18	57	0	86	10	29	36	6	1	2	0	2		
4	9	6	19	1	689	479	26	174	77	117	22	42	4	17		
4	9	6	19	2	558	334	18	81	78	95	21	29	2	10		
4	9	6	19	3	575	340	9	111	78	78	20	35	3	6		
4	9	6	19	4	356	292	13	78	67	61	14	46	3	10		
4	9	6	19	5	743	507	20	178	86	115	51	47	4	6		
4	9	6	19	6	679	449	19	158	93	110	22	39	2	6		
4	9	6	19	7	553	549	18	132	99	118	57	92	11	22		
4	9	6	19	8	612	435	23	98	122	96	30	55	2	9		
4	9	6	19	9	646	466	7	51	221	70	49	61	2	5		
4	9	6	19	10	596	518	11	83	193	78	66	79	3	5		
4	9	6	19	11	551	442	11	81	167	83	33	53	1	13		
4	9	6	19	12	653	457	3	64	229	52	46	60	3	0		
4	9	6	19	13	239	232	8	50	118	46	4	5	0	1		
4	9	6	19	14	689	470	13	102	152	105	24	60	0	14		
4	9	6	19	15	652	477	17	125	153	97	30	47	1	7		
4	9	6	19	16	320	610	13	164	218	113	35	48	5	14		
4	9	6	19	17	572	463	11	65	214	78	37	51	0	7		
4	9	6	19	18	704	468	14	140	138	85	29	45	3	14		
4	9	6	19	19	766	548	13	54	283	83	38	60	0	17		
4	9	6	19	20	609	442	13	71	184	66	39	58	5	6		
4	9	6	19	21	532	415	16	112	172	60	22	26	2	5		
4	9	6	19	22	719	505	6	110	189	83	51	59	2	5		
4	9	6	19	23	458	390	8	45	161	69	43	57	0	7		
4	9	6	19	24	556	432	14	94	157	82	29	44	2	10		
4	9	6	19	25	540	423	22	159	109	88	17	23	0	5		
4	9	6	19	26	697	450	19	102	154	74	41	52	0	8		
4	9	6	19	27	410	238	13	96	39	60	8	17	0	5		
4	9	6	19	28	768	537	16	134	188	106	38	39	2	14		
4	9	6	19	29	454	287	18	118	27	82	17	12	4	9		
4	9	6	19	30	429	277	19	131	20	63	12	18	4	10		
4	9	6	19	31	527	385	19	177	33	112	11	25	2	6		
4	9	6	19	32	528	353	19	150	31	99	18	18	5	13		
4	9	6	19	33	790	520	27	242	72	123	18	25	5	8		
4	9	6	19	34	656	483	14	177	101	94	39	47	1	10		
4	9	6	19	35	516	336	7	144	39	97	17	23	1	8		
4	9	6	19	36	435	384	15	111	94	70	33	52	3	6		
4	9	6	19	37	568	379	19	126	91	78	25	35	3	2		
4	9	6	19	38	675	454	29	160	85	101	26	39	4	10		
4	9	6	19	39	520	330	13	115	66	77	24	25	3	7		
4	9	6	19	40	748	519	21	121	151	102	46	55	2	21		
4	9	6	19	41	279	274	0	94	68	65	20	21	0	6		
4	9	6	19	42	678	478	13	96	174	86	51	48	2	8		
4	9	6	19	43	680	498	18	52	228	70	57	58	1	14		
4	9	6	19	44	456	412	11	81	162	79	41	34	2	2		
4	9	6	19	45	707	482	16	123	156	88	38	52	2	7		
4	9	6	19	46	441	338	5	45	170	50	30	27	0	11		
4	9	6	19	47	763	595	14	135	206	103	44	81	2	10		
4	9	6	19	48	707	468	17	185	84	116	21	31	2	12		
4	9	6	19	49	619	375	8	117	99	95	16	23	1	16		
4	9	6	19	50	736	521	17	104	213	81	46	46	1	13		
4	9	6	19	51	563	554	7	83	237	110	46	56	1	14		
4	9	6	19	52	620	463	5	58	210	90	52	34	1	13		
4	9	6	19	53	830	622	24	136	260	94	44	53	2	9		
4	9	6	19	54	787	557	14	64	284	77	44	59	3	12		
4	9	6	19	55	747	537	20	173	107	120	28	69	3	17		
4	9	6	19	56	583	437	11	73	198	72	37	37	2	7		
4	9	6	19	57	680	473	17	87	178	74	37	63	4	13		
4	9	6	19	58	716	508	10	118	190	72	45	63	3	7		
4	9	6	19	59	569	428	16	141	76	95	31	47	5	17		
4	9	6	19	60	585	410	11	75	176	71	22	39	1	15		
4	9	6	19	61	602	407	16	140	90	83	19	37	7	15		
4	9	6	19	62	705	475	16	156	117	117	28	28	0	13		
4	9	6	19	63	628	400	17	125	85	96	19	40	4	14		
4	9	6	19	64	586	418	15	107	137	69	35	42	4	9		
4	9	6	19	65	712	529	21	184	135	89	31	57	3	9		
4	9	6	19	66	606	457	16	127	134	69	40	56	1	14		
4	9	6	19	67	460	383	8	148	121	78	7	12	0	9		
4	9	6	19	68	740	526	18	227	85	129	21	30	3	13		
4	9	6	19	69	795	568	26	208	137	111	36	35	4	11		
4	9	6	19	70	624	467	16	203	94	91	13	30	5	15		
4	9	6	19	71	544	484	21	142	119	114	41	39	1	7		
4	9	6	19	72	665	513	28	148	139	80	39	64	3	12		
4	9	6	19	73	405	349	10	77	124	35	38	60	2	3		
4	9	6	19	74	791	579	28	234	86	108	30	74	4	15		
4	9	6	19	75	807	587	20	126	246	101	51	27	1	15		
4	9	6	19	76	650	472	3	62	220	79	52	48	2	6		
4	9	6	19	77	602	492	14	58	229	94	41	47	1	8		
4	9	6	19	78	709	508	13	153	157	91	35	47	3	9		
4	9	6	19	79	601	441	8	67	170	93	54	39	2	8		
4	9	6	19	80	591	432	14	132	142	58	40	31	4	11		
4	9	6	19	81	579	491	11	103	186	93	40	46	0	12		
4	9	6	19	82	630	451	15	89	176	96	27	39	3	6		
4	9	6	19	83	522	398	7	67	183	61	36	37	0	7		
4	9	6	19	84	0	41	2	16	8	11	0	1	0	3		
4	9	6	19	85	0	44	2	6	28	4	0	3	0	1		
4	9	6	19	86	0	105	6	84	8	2	0	3	1	1		
4	9	6	96	1	0	527	8	94	201	58	68	93	0	5		
4	9	6	96	2	0	0	0	0	0	0	0	0	0	0		
4	9	6	96	3	0	0	0	0	0	0	0	0	0	0		
4	9	7	21	1	683	445	24	132	132	93	29	26	1	8		
4	9	7	21	2	508	389	14	143	75	98	16	32	0	11		
4	9	7	21	3	550	368	20	112	93	77	23	34	0	9		
4	9	7	21	4	579	370	23	156	40	103	11	17	5	15		
4	9	7	21	5	594	386	11	141	81	90	27	17	2	17		
4	9	7	21	6	456	329	12	121	63	62	24	36	1	10		
4	9	7	21	7	529	379	19	123	91	76	31	31	1	7		
4	9	7	21	8	497	374	18	183	63	62	17	21	4	6		
4	9	7	21	9	724	504	31	208	72	113	29	39	2	10		
4	9	7	21	10	629	423	17	103	96	115	28	45	1	18		
4	9	7	21	11	347	314	17	82	93	78	14	18	1	11		
4	9	7	21	12	504	392	10	172	65	89	17	22	4	13		
4	9	7	21	13	420	297	10	106	63	91	8	11	6	2		
4	9	7	21	14	562	325	18	144	24	101	9	16	4	9		
4	9	7	21	15	625	454	23	137	98	110	23	46	5	12		
4	9	7	21	16	470	346	22	137	19	118	11	17	7	15		
4	9	7	21	17	589	401	16	144	62	96	14	46	7	16		
4	9	7	21	18	484	310	17	104	59	68	18	28	4	12		
4	9	7	21	19	481	306	8	95	72	68	24	25	5	9		
4	9	7	21	20	460	280	7	76	70	82	9	19	3	14		
4	9	7	21	21	617	383	16	99	87	102	33	33	0	13		
4	9	7	21	22	500	337	13	114	54	76	31	41	1	7		
4	9	7	21	23	653	487	30	201	75	93	20	55	3	10		
4	9	7	21	24	479	357	16	123	78	81	17	31	3	8		
4	9	7	21	25	621	349	27	106	52	120	15	22	2	5		
4	9	7	21	26	655	419	20	152	56	130	20	24	3	14		
4	9	7	21	27	560	417	18	138	77	116	17	34	3	14		
4	9	7	21	28	713	486	26	146	116	136	19	26	3	14		
4	9	7	21	29	743	480	26	187	71	120	25	34	3	14		
4	9	7	21	30	543	339	22	144	41	90	18	11	2	11		
4	9	7	21	31	539	338	22	121	52	84	20	31	2	6		
4	9	7	21	32	391	282	11	96	43	92	10	16	5	9		
4	9	7	21	33	660	428	25	133	82	110	30	32	5	11		
4	9	7	21	34	658	431	22	148	72	100	27	51	1	10		
4	9	7	21	35	658	405	10	123	96	119	17	33	3	4		
4	9	7	21	36	495	338	12	89	86	95	16	26	5	9		
4	9	7	21	37	604	425	28	124	81	99	45	36	0	12		
4	9	7	21	38	590	364	20	118	94	89	17	18	1	7		
4	9	7	21	39	662	342	23	163	32	86	10	17	4	7		
4	9	7	21	40	731	388	23	177	12	117	24	24	3	8		
4	9	7	21	41	393	378	19	153	55	82	21	40	3	5		
4	9	7	21	42	574	397	20	145	81	93	19	28	2	9		
4	9	7	21	43	684	438	26	155	84	100	27	39	0	7		
4	9	7	21	44	693	455	12	206	49	122	28	24	5	9		
4	9	7	21	45	454	397	13	172	60	97	19	25	2	9		
4	9	7	21	46	529	349	21	182	24	85	8	11	1	17		
4	9	7	21	47	679	412	18	179	47	106	16	29	4	13		
4	9	7	21	48	598	385	19	171	48	83	21	31	2	10		
4	9	7	21	49	596	404	22	148	60	114	21	27	2	10		
4	9	7	21	50	534	373	18	133	63	81	25	35	5	13		
4	9	7	21	51	382	220	13	112	15	50	4	11	9	6		
4	9	7	21	52	384	218	12	117	8	50	11	12	3	5		
4	9	7	21	53	443	266	20	119	20	82	10	6	1	8		
4	9	7	21	54	453	261	16	141	11	79	2	6	4	2		
4	9	7	21	55	571	387	24	121	68	87	30	44	2	11		
4	9	7	21	56	556	354	17	162	35	95	15	23	2	5		
4	9	7	21	57	619	384	25	178	47	98	13	17	2	4		
4	9	7	21	58	638	395	23	166	33	126	22	14	1	10		
4	9	7	21	59	505	374	18	186	38	92	10	23	0	7		
4	9	7	21	60	692	511	16	149	125	93	39	70	9	10		
4	9	7	21	61	658	428	26	134	87	88	31	57	0	5		
4	9	7	21	62	467	306	12	93	87	51	23	31	3	6		
4	9	7	21	63	526	379	23	181	48	75	14	19	5	14		
4	9	7	21	64	604	397	15	113	83	119	22	35	0	10		
4	9	7	21	65	513	416	14	263	22	72	16	20	3	6		
4	9	7	21	66	221	648	19	331	150	93	15	22	3	15		
4	9	7	21	67	575	376	12	165	50	87	17	32	2	11		
4	9	7	21	68	565	368	25	147	52	80	18	36	2	8		
4	9	7	21	69	630	368	26	148	22	138	13	6	5	10		
4	9	7	21	70	566	311	14	135	20	106	15	11	1	9		
4	9	7	21	71	515	354	18	145	22	119	16	22	2	10		
4	9	7	21	72	624	390	18	142	28	147	16	30	0	9		
4	9	7	21	73	657	387	18	175	31	104	24	23	1	11		
4	9	7	21	74	573	379	22	201	51	69	10	18	3	5		
4	9	7	21	75	608	408	13	149	76	98	26	34	4	8		
4	9	7	21	76	539	430	22	129	96	69	32	64	3	15		
4	9	7	21	77	399	252	15	89	38	68	11	17	1	13		
4	9	7	21	78	887	580	32	216	91	135	31	57	7	11		
4	9	7	21	79	742	495	18	155	93	129	38	48	1	13		
4	9	7	21	80	796	487	18	124	156	116	27	34	5	7		
4	9	7	21	81	577	419	17	162	65	118	23	22	2	10		
4	9	7	21	82	589	335	21	134	19	119	15	18	1	8		
4	9	7	21	83	631	374	22	158	39	126	12	10	1	6		
4	9	7	21	84	618	397	25	138	34	147	19	26	1	7		
4	9	7	21	85	588	377	18	158	58	97	15	24	3	4		
4	9	7	21	86	600	358	15	132	38	129	14	21	1	8		
4	9	7	21	87	590	446	13	165	91	86	34	37	6	14		
4	9	7	21	88	566	345	22	128	36	119	12	19	1	8		
4	9	7	21	89	618	461	26	252	54	100	10	6	3	10		
4	9	7	21	90	563	366	18	159	47	94	18	17	3	10		
4	9	7	21	91	555	387	18	148	58	104	20	32	2	5		
4	9	7	21	92	425	296	16	122	33	91	9	10	6	9		
4	9	7	21	93	478	278	13	120	26	84	8	19	1	7		
4	9	7	21	94	617	382	14	153	51	113	16	23	5	7		
4	9	7	21	95	610	402	13	140	64	134	17	24	2	8		
4	9	7	21	96	578	402	11	174	56	95	18	41	2	5		
4	9	7	21	97	706	451	21	200	63	113	19	24	0	11		
4	9	7	21	98	554	374	24	162	37	120	12	15	1	3		
4	9	7	21	99	466	338	13	135	58	74	19	28	3	8		
4	9	7	21	100	563	323	18	143	30	89	15	18	1	9		
4	9	7	21	101	444	273	16	113	48	66	13	12	1	4		
4	9	7	21	102	538	347	12	150	26	120	13	14	2	10		
4	9	7	21	103	531	338	22	129	50	102	13	10	2	10		
4	9	7	21	104	550	313	15	132	28	94	15	15	2	12		
4	9	7	21	105	524	337	17	137	31	98	23	21	4	6		
4	9	7	21	106	607	442	21	199	70	90	20	27	1	14		
4	9	7	21	107	558	403	19	154	83	91	21	24	2	9		
4	9	7	21	108	761	555	22	187	108	145	38	40	3	12		
4	9	7	21	109	465	320	16	116	54	79	21	29	2	3		
4	9	7	21	110	396	334	12	143	40	94	14	20	2	9		
4	9	7	21	111	602	439	10	136	91	71	44	64	1	22		
4	9	7	21	112	552	356	25	176	30	92	9	13	3	8		
4	9	7	21	113	504	392	22	190	30	110	10	21	1	8		
4	9	7	21	114	518	283	25	146	17	81	2	7	0	5		
4	9	7	21	115	572	315	20	131	15	115	12	13	1	8		
4	9	7	21	116	477	295	21	134	24	89	9	11	1	6		
4	9	7	21	117	502	324	16	153	25	97	8	15	1	9		
4	9	7	21	118	511	298	28	117	21	90	16	20	0	6		
4	9	7	21	119	464	257	18	110	15	82	6	14	4	8		
4	9	7	21	120	626	361	24	152	25	120	10	21	1	8		
4	9	7	21	121	623	358	18	159	23	109	10	26	1	12		
4	9	7	21	122	621	373	16	176	17	121	12	14	8	9		
4	9	7	21	123	349	223	10	92	33	49	17	9	6	7		
4	9	7	21	124	411	254	7	94	45	69	10	21	1	7		
4	9	7	21	125	320	170	3	72	26	47	10	6	0	6		
4	9	7	21	126	434	296	16	109	32	90	17	19	4	9		
4	9	7	21	127	386	279	13	102	35	73	20	30	2	4		
4	9	7	21	128	391	241	9	80	31	70	15	30	0	6		
4	9	7	21	129	763	567	26	164	178	97	33	52	2	15		
4	9	7	21	130	702	512	20	137	144	115	33	48	2	13		
4	9	7	21	131	336	273	9	98	59	73	15	13	2	4		
4	9	7	21	132	658	506	15	186	104	87	50	52	1	11		
4	9	7	21	133	717	476	19	176	66	129	32	39	0	15		
4	9	7	21	134	523	375	17	139	43	100	24	42	3	7		
4	9	7	21	135	665	478	19	144	142	101	28	29	1	14		
4	9	7	21	136	552	354	21	161	25	100	9	18	5	15		
4	9	7	21	137	593	397	18	143	59	116	24	26	3	8		
4	9	7	21	138	548	409	21	170	58	98	16	35	3	8		
4	9	7	21	139	573	404	13	211	31	99	18	24	6	2		
4	9	7	21	140	597	419	24	191	54	99	14	24	2	11		
4	9	7	21	141	369	242	11	63	57	63	22	21	0	5		
4	9	7	21	142	661	458	12	130	117	92	37	56	3	11		
4	9	7	21	143	714	490	19	156	114	120	20	43	4	14		
4	9	7	21	144	712	508	19	180	91	122	34	43	4	15		
4	9	7	21	145	497	381	9	123	86	99	23	33	3	5		
4	9	7	21	146	391	316	15	164	27	78	10	15	1	6		
4	9	7	21	147	346	230	11	134	31	41	3	6	1	3		
4	9	7	21	148	600	427	24	174	78	103	13	13	2	20		
4	9	7	21	149	628	443	29	194	45	116	18	18	10	13		
4	9	7	21	150	643	463	12	130	114	119	33	44	3	8		
4	9	7	21	151	607	418	19	195	39	124	9	13	2	17		
4	9	7	21	152	626	398	28	165	39	109	15	27	3	12		
4	9	7	21	153	627	425	15	196	43	126	21	11	4	9		
4	9	7	21	154	618	422	17	172	68	116	14	19	2	14		
4	9	7	21	155	590	439	8	97	163	109	22	30	0	10		
4	9	7	21	156	643	472	16	120	159	97	26	41	3	10		
4	9	7	21	157	554	430	15	134	107	98	23	49	0	4		
4	9	7	21	158	460	308	15	110	70	73	17	18	0	5		
4	9	7	21	159	740	527	21	148	120	126	39	61	5	7		
4	9	7	21	160	528	359	23	140	29	101	30	26	2	8		
4	9	7	21	161	382	261	13	72	59	51	21	35	1	9		
4	9	7	21	162	358	222	9	88	45	45	14	18	0	3		
4	9	7	21	163	408	346	13	90	98	61	32	40	0	12		
4	9	7	21	164	358	366	9	117	85	66	37	41	2	9		
4	9	7	21	165	356	318	8	113	64	65	31	30	1	6		
4	9	7	21	166	331	261	15	72	46	67	23	29	2	7		
4	9	7	21	167	639	398	21	134	49	112	38	34	3	7		
4	9	7	21	168	506	335	17	98	46	102	29	36	2	5		
4	9	7	21	169	469	296	11	77	33	103	31	35	0	6		
4	9	7	21	170	514	336	10	85	42	122	26	41	2	8		
4	9	7	21	171	291	169	4	70	11	64	9	6	0	5		
4	9	7	21	172	358	271	8	109	36	83	15	14	1	5		
4	9	7	21	173	493	347	16	89	63	96	41	33	3	6		
4	9	7	21	174	377	325	13	108	46	79	17	47	2	13		
4	9	7	21	175	0	63	4	30	7	16	1	3	1	1		
4	9	7	22	1	169	152	3	42	38	48	8	7	0	6		
4	9	7	22	2	366	267	16	124	21	71	10	11	4	10		
4	9	7	22	3	334	200	5	96	14	63	4	12	2	4		
4	9	7	22	4	369	221	8	119	21	54	3	10	4	2		
4	9	7	22	5	331	201	12	100	10	60	7	5	3	4		
4	9	7	22	6	224	149	3	64	28	30	7	16	0	1		
4	9	7	22	7	304	180	9	90	9	55	2	9	3	3		
4	9	7	22	8	494	294	12	90	65	65	26	27	0	9		
4	9	7	22	9	495	415	14	126	92	76	35	67	0	5		
4	9	7	22	10	398	294	7	51	103	72	20	31	5	5		
4	9	7	22	11	342	196	13	99	11	58	4	5	0	6		
4	9	7	22	12	608	373	18	117	76	87	24	42	2	7		
4	9	7	22	13	737	522	13	159	85	127	46	69	4	19		
4	9	7	22	14	185	135	7	59	21	23	6	9	1	9		
4	9	7	22	15	437	304	6	111	56	71	24	30	1	5		
4	9	7	22	16	400	232	17	112	21	46	11	20	0	5		
4	9	7	22	17	757	530	29	167	105	143	37	38	2	9		
4	9	7	22	18	398	254	4	70	68	62	18	24	3	5		
4	9	7	22	19	578	76	1	33	17	11	5	7	0	2		
4	9	7	22	20	276	380	9	140	91	75	11	27	6	21		
4	9	7	22	21	439	425	17	146	70	108	34	37	1	12		
4	9	7	22	22	297	154	12	74	13	36	6	7	2	4		
4	9	7	22	23	307	230	6	137	21	40	7	10	0	9		
4	9	7	22	24	337	235	11	73	49	63	16	13	1	9		
4	9	7	22	25	384	278	15	80	63	79	15	21	1	4		
4	9	7	22	26	295	205	9	64	37	56	17	15	2	5		
4	9	7	22	27	381	228	11	92	24	69	10	17	2	3		
4	9	7	22	28	398	230	18	108	24	54	9	12	0	5		
4	9	7	22	29	363	233	6	55	56	58	27	20	1	10		
4	9	7	22	30	290	213	9	100	26	50	10	12	0	6		
4	9	7	22	31	475	347	16	91	88	73	33	39	1	6		
4	9	7	22	32	534	398	16	156	70	86	22	31	6	11		
4	9	7	22	33	256	232	13	91	44	61	3	14	1	5		
4	9	7	22	34	369	239	11	105	14	78	18	8	0	5		
4	9	7	22	35	290	179	2	81	35	34	11	9	2	5		
4	9	7	22	36	668	498	21	155	112	133	28	33	5	11		
4	9	7	22	37	376	292	12	140	34	70	15	17	0	4		
4	9	7	22	38	677	505	28	259	48	85	20	32	12	21		
4	9	7	22	39	454	390	5	131	102	80	27	32	4	9		
4	9	7	22	40	727	531	8	185	106	105	46	73	1	7		
4	9	7	22	41	649	510	23	181	67	150	30	36	6	17		
4	9	7	22	42	803	541	15	190	92	130	47	40	6	21		
4	9	7	22	43	822	530	22	201	88	139	34	35	4	7		
4	9	7	22	44	592	388	16	143	81	86	21	32	2	7		
4	9	7	22	45	548	402	15	146	72	112	20	26	2	9		
4	9	7	22	46	308	222	9	80	49	52	10	13	2	7		
4	9	7	22	47	791	570	16	167	158	101	46	71	2	9		
4	9	7	22	48	829	566	19	190	110	139	36	61	3	8		
4	9	7	22	49	893	651	20	221	115	183	50	56	1	5		
4	9	7	22	50	990	657	21	219	133	187	41	40	3	13		
4	9	7	22	51	471	352	10	120	66	106	22	20	3	5		
4	9	7	22	52	640	430	21	162	76	97	35	33	1	5		
4	9	7	22	53	462	493	15	171	119	125	20	27	2	14		
4	9	7	22	54	768	543	23	188	113	160	19	22	4	14		
4	9	7	22	55	486	356	11	101	89	101	21	22	1	10		
4	9	7	22	56	647	461	17	151	73	122	33	44	6	15		
4	9	7	22	57	585	485	16	159	95	133	26	37	13	6		
4	9	7	22	58	512	363	18	121	58	114	16	18	1	17		
4	9	7	22	59	273	261	10	91	85	52	10	9	3	1		
4	9	7	22	60	661	537	20	244	93	89	24	50	5	12		
4	9	7	22	61	711	540	10	190	116	111	52	49	3	9		
4	9	7	22	62	553	377	13	86	111	96	29	27	1	14		
4	9	7	22	63	363	234	10	58	77	65	8	14	0	2		
4	9	7	22	64	501	351	8	95	97	83	26	36	1	5		
4	9	7	22	65	345	185	16	86	7	54	6	11	2	3		
4	9	7	22	66	334	211	10	72	16	87	5	12	1	8		
4	9	7	22	67	273	174	4	67	24	54	8	14	1	2		
4	9	7	22	68	370	333	17	138	50	65	15	37	3	8		
4	9	7	22	69	408	322	8	142	49	74	15	27	4	3		
4	9	7	22	70	531	386	14	132	93	88	22	28	2	7		
4	9	7	22	71	708	460	18	183	50	105	36	57	1	10		
4	9	7	22	72	408	264	10	93	66	56	18	12	2	7		
4	9	7	22	73	684	449	16	170	64	126	24	41	2	6		
4	9	7	22	74	388	349	14	133	66	68	22	29	6	11		
4	9	7	22	75	466	331	15	158	34	67	20	22	7	8		
4	9	7	22	76	508	356	10	178	43	81	15	20	0	9		
4	9	7	22	77	417	261	12	116	26	66	17	20	2	2		
4	9	7	22	78	504	386	14	148	73	89	26	25	1	10		
4	9	7	22	79	428	300	13	100	75	74	14	19	0	5		
4	9	7	22	80	322	198	9	98	17	56	5	7	0	6		
4	9	7	22	81	352	226	13	103	12	63	11	13	4	7		
4	9	7	22	82	439	278	10	111	39	86	9	16	1	6		
4	9	7	22	83	344	259	8	97	38	73	15	18	7	3		
4	9	7	22	84	409	265	13	130	27	64	8	16	5	2		
4	9	7	22	85	841	552	28	181	98	138	35	49	4	19		
4	9	7	22	86	338	205	14	83	29	50	12	11	1	5		
4	9	7	22	87	500	357	15	108	111	64	24	23	2	10		
4	9	7	22	88	369	303	24	134	25	78	16	20	1	5		
4	9	7	22	89	376	296	13	132	31	77	7	21	4	11		
4	9	7	22	90	467	306	12	137	30	93	13	14	2	5		
4	9	7	22	91	278	146	4	63	20	41	4	9	2	3		
4	9	7	22	92	428	312	20	150	29	64	14	20	6	9		
4	9	7	22	93	259	172	2	72	18	49	14	10	1	6		
4	9	7	22	94	442	302	11	131	33	89	16	15	0	7		
4	9	7	22	95	329	241	12	108	26	70	9	6	2	8		
4	9	7	22	96	450	313	15	118	56	83	18	18	4	1		
4	9	7	22	97	242	171	6	61	31	38	10	14	5	6		
4	9	7	22	98	415	279	14	102	43	84	11	20	3	2		
4	9	7	22	99	656	434	26	161	66	105	18	44	2	12		
4	9	7	22	100	382	287	16	106	57	63	26	12	0	7		
4	9	7	22	101	373	241	27	101	19	67	6	16	1	4		
4	9	7	22	102	272	181	7	78	26	44	7	14	0	5		
4	9	7	22	103	287	190	16	69	29	37	12	21	1	5		
4	9	7	22	104	326	225	8	101	13	84	8	8	2	1		
4	9	7	22	105	363	246	18	104	35	65	10	10	2	2		
4	9	7	22	106	347	241	12	102	35	66	7	12	2	5		
4	9	7	22	107	338	226	17	96	32	54	8	14	3	2		
4	9	7	22	108	345	242	6	102	42	66	11	11	1	3		
4	9	7	22	109	321	231	10	89	40	60	9	12	3	8		
4	9	7	22	110	359	263	8	102	48	59	17	20	1	8		
4	9	7	22	111	335	242	14	93	45	61	11	11	2	5		
4	9	7	22	112	417	277	20	123	35	65	13	14	0	7		
4	9	7	22	113	243	183	5	67	37	45	9	14	2	4		
4	9	7	22	114	254	171	11	63	23	56	6	3	3	6		
4	9	7	22	115	411	303	7	122	52	76	18	22	4	2		
4	9	7	22	116	391	239	4	107	21	66	11	18	1	11		
4	9	7	22	117	235	235	7	91	40	69	12	14	1	1		
4	9	7	22	118	451	286	21	134	20	88	10	8	3	2		
4	9	7	22	119	396	261	22	109	29	81	8	4	2	6		
4	9	7	22	120	450	348	21	142	64	73	18	23	3	4		
4	9	7	22	121	514	348	7	91	94	84	26	35	1	10		
4	9	7	22	122	488	321	15	146	32	90	17	12	2	7		
4	9	7	22	123	527	363	17	100	80	108	28	22	0	8		
4	9	7	22	124	441	294	10	50	110	59	29	32	0	4		
4	9	7	22	125	159	154	8	58	30	35	8	10	0	5		
4	9	7	22	126	413	266	17	91	22	102	13	15	0	6		
4	9	7	22	127	395	269	19	109	37	77	12	9	2	4		
4	9	7	22	128	407	262	15	95	25	94	12	11	2	8		
4	9	7	22	129	233	151	12	68	9	52	6	3	0	1		
4	9	7	22	130	462	335	18	129	58	77	15	30	1	7		
4	9	7	22	131	368	332	10	111	48	117	13	21	4	8		
4	9	7	22	132	371	234	18	93	22	77	11	8	2	3		
4	9	7	22	133	320	211	9	89	13	78	10	11	0	1		
4	9	7	22	134	457	273	13	104	28	93	7	15	2	11		
4	9	7	22	135	342	232	7	84	28	68	8	26	4	7		
4	9	7	22	136	385	284	10	87	62	71	24	20	4	6		
4	9	7	22	137	314	234	16	117	19	64	8	6	1	3		
4	9	7	22	138	408	276	17	115	20	95	5	14	2	8		
4	9	7	22	139	408	285	21	148	15	73	10	9	3	6		
4	9	7	22	140	330	195	9	84	26	57	5	9	2	3		
4	9	7	22	141	597	386	21	166	43	108	18	15	3	12		
4	9	7	22	142	773	510	24	168	74	156	41	31	6	10		
4	9	7	22	143	378	271	13	64	80	76	12	11	0	15		
4	9	7	22	144	343	219	8	86	23	67	15	12	2	6		
4	9	7	22	145	551	333	19	129	36	111	19	13	2	4		
4	9	7	22	146	432	314	12	115	64	58	17	33	2	13		
4	9	7	22	147	292	204	9	67	49	39	13	15	2	10		
4	9	7	22	148	576	352	14	147	33	106	26	10	3	13		
4	9	7	22	149	888	470	16	188	45	170	20	14	3	14		
4	9	7	22	150	686	530	16	168	86	104	72	71	1	12		
4	9	7	22	151	869	484	10	179	39	197	32	20	2	5		
4	9	7	22	152	544	403	8	135	39	112	42	55	2	10		
4	9	7	22	153	615	343	7	142	35	112	18	17	2	10		
4	9	7	22	154	392	276	6	87	46	72	22	30	3	10		
4	9	7	22	155	839	439	16	183	32	158	19	21	2	8		
4	9	7	22	156	688	444	12	174	70	126	20	29	3	10		
4	9	7	22	157	954	620	27	240	58	179	42	48	8	18		
4	9	7	22	158	676	391	18	139	28	165	17	16	1	7		
4	9	7	22	159	537	358	9	130	47	86	36	43	0	7		
4	9	7	22	160	781	403	22	160	25	162	14	12	2	6		
4	9	7	22	161	584	464	23	169	94	91	33	39	3	12		
4	9	7	22	162	462	324	14	109	69	69	26	27	2	8		
4	9	7	22	163	510	339	25	131	29	105	23	19	2	5		
4	9	7	22	164	279	202	8	79	43	43	10	13	1	5		
4	9	7	22	165	452	302	8	109	55	73	22	24	1	10		
4	9	7	22	166	586	417	16	119	83	104	28	51	5	11		
4	9	7	22	167	556	369	13	142	38	131	16	24	3	2		
4	9	7	22	168	542	305	18	121	20	107	13	16	1	9		
4	9	7	22	169	521	322	10	131	25	115	16	13	1	11		
4	9	7	22	170	449	287	17	113	26	87	12	19	7	6		
4	9	7	22	171	438	279	16	107	23	91	19	13	0	10		
4	9	7	22	172	589	411	28	106	73	128	28	32	1	15		
4	9	7	22	173	509	387	8	129	94	74	32	37	2	11		
4	9	7	22	174	469	378	13	195	61	71	20	12	1	5		
4	9	7	22	175	577	338	11	116	42	108	19	29	2	11		
4	9	7	22	176	619	437	14	167	81	86	31	49	2	7		
4	9	7	22	177	474	381	17	140	73	95	24	23	4	5		
4	9	7	22	178	556	386	23	113	90	70	23	53	0	14		
4	9	7	22	179	289	179	13	67	7	72	8	7	0	5		
4	9	7	22	180	398	238	11	78	44	54	17	21	2	11		
4	9	7	22	181	374	212	5	76	21	69	13	21	0	7		
4	9	7	22	182	364	226	5	84	23	80	15	13	2	4		
4	9	7	22	183	335	178	3	72	13	61	10	10	3	6		
4	9	7	22	184	681	491	17	170	96	88	45	61	2	12		
4	9	7	22	185	666	480	19	161	100	103	27	60	3	7		
4	9	7	22	186	402	268	9	104	24	68	22	31	1	9		
4	9	7	22	187	528	417	14	139	103	82	27	43	3	6		
4	9	7	22	188	304	203	11	85	35	46	8	11	1	6		
4	9	7	22	189	662	490	18	138	109	83	62	66	2	12		
4	9	7	22	190	864	618	26	210	105	179	44	42	0	12		
4	9	7	22	191	406	315	19	107	62	49	28	41	0	9		
4	9	7	22	192	320	211	5	72	28	59	15	26	0	6		
4	9	7	22	193	354	227	1	91	32	52	23	23	0	5		
4	9	7	22	194	167	124	11	43	16	41	4	8	0	1		
4	9	7	22	195	190	116	1	34	16	43	9	11	0	2		
4	9	7	22	196	447	291	8	108	26	86	31	27	1	4		
4	9	7	22	197	150	105	7	33	10	30	10	11	0	4		
4	9	7	22	198	137	99	0	13	29	17	10	28	1	1		
4	9	7	22	199	0	138	3	102	16	11	0	3	0	3		
4	9	7	22	200	0	109	1	79	16	9	2	1	0	1		
4	9	7	22	201	0	89	5	39	16	17	2	10	0	0		
4	9	7	22	202	0	81	1	36	9	17	2	13	0	3		
4	9	7	22	203	0	90	3	42	14	23	3	5	0	0		
4	9	7	97	1	0	235	1	74	68	39	19	30	1	3		
4	9	7	97	2	0	0	0	0	0	0	0	0	0	0		
4	9	7	97	3	0	0	0	0	0	0	0	0	0	0		
