T	WV	WK	BZ	SPR	WBER  	 ABG.   	UNG.   	SPOE   	FPOE   	OEVP   	GRUE   	LIF    	KPOE   	Sonstige	Typ	Jahr
4	1	1	1	0	0	179	3	48	35	69	18	6	0	0	Gemeinde	2001
4	1	1	1	1	933	554	4	169	109	173	75	23	1	0		
4	1	1	1	2	791	566	9	212	91	148	77	27	0	2		
4	1	1	1	3	775	495	11	157	89	116	95	25	2	0		
4	1	1	1	4	392	245	3	51	53	85	40	12	1	0		
4	1	1	1	5	914	556	6	135	125	196	69	23	1	1		
4	1	1	1	6	648	389	1	104	76	128	57	21	1	1		
4	1	1	1	7	703	420	9	136	79	139	42	12	1	2		
4	1	1	1	8	625	414	4	103	85	137	65	19	1	0		
4	1	1	1	9	856	596	22	173	103	164	110	18	6	0		
4	1	1	1	10	867	547	14	178	88	127	110	28	1	1		
4	1	1	1	11	537	338	4	74	60	128	53	17	2	0		
4	1	1	1	12	800	495	0	99	115	176	78	26	0	1		
4	1	1	1	13	724	433	5	101	83	156	63	23	0	2		
4	1	1	1	14	669	439	5	105	62	154	86	24	1	2		
4	1	1	1	15	932	603	2	163	97	181	130	28	2	0		
4	1	1	1	16	618	371	6	79	81	116	63	26	0	0		
4	1	1	1	17	904	551	7	168	102	142	97	33	2	0		
4	1	1	1	18	715	433	5	101	74	162	68	20	3	0		
4	1	1	4	0	0	243	3	85	37	61	43	11	3	0		
4	1	1	4	1	678	449	4	109	62	174	78	20	2	0		
4	1	1	4	2	566	387	3	102	55	109	99	15	2	2		
4	1	1	4	3	569	326	1	99	58	75	76	15	2	0		
4	1	1	4	4	602	389	1	123	61	69	110	19	6	0		
4	1	1	4	5	673	446	0	166	82	82	96	16	3	1		
4	1	1	4	6	494	336	3	101	53	78	84	14	2	1		
4	1	1	4	7	622	428	1	126	70	106	109	12	2	2		
4	1	1	4	8	577	368	0	122	56	69	94	19	7	1		
4	1	1	4	9	641	437	6	130	73	79	124	18	6	1		
4	1	1	4	10	592	391	3	111	80	106	70	17	3	1		
4	1	1	4	11	798	539	7	122	96	155	131	22	4	2		
4	1	1	4	12	677	464	0	140	84	107	106	25	1	1		
4	1	1	4	13	630	442	2	145	73	94	99	24	4	1		
4	1	1	4	14	531	325	3	156	60	45	46	14	1	0		
4	1	1	4	15	518	337	7	147	61	64	42	14	1	1		
4	1	1	4	16	624	397	1	148	76	89	62	18	1	2		
4	1	1	4	17	520	445	24	190	61	91	64	14	1	0		
4	1	1	4	18	614	398	14	153	77	70	65	16	1	2		
4	1	1	4	19	662	430	4	118	89	108	94	13	4	0		
4	1	1	4	20	572	386	5	103	56	125	77	18	2	0		
4	1	1	4	21	745	533	8	153	97	131	107	37	0	0		
4	1	1	4	22	722	452	1	180	91	93	71	10	5	1		
4	1	1	4	23	794	511	1	207	105	97	73	22	4	2		
4	1	1	4	24	640	415	5	110	72	124	79	21	4	0		
4	1	1	4	25	737	455	21	154	64	93	92	26	2	3		
4	1	1	4	26	555	323	6	157	67	40	43	10	0	0		
4	1	1	4	27	816	508	2	154	80	118	131	22	0	1		
4	1	1	4	28	617	379	2	104	64	93	93	21	2	0		
4	1	1	4	29	728	477	10	169	85	78	105	26	2	2		
4	1	1	4	30	563	379	3	127	71	83	80	14	1	0		
4	1	1	4	31	620	401	9	119	75	104	69	19	5	1		
4	1	1	4	32	776	500	5	132	91	144	100	24	2	2		
4	1	1	4	33	677	468	8	105	70	155	108	21	0	1		
4	1	1	5	0	0	379	30	147	59	64	64	13	1	1		
4	1	1	5	1	598	378	5	117	78	52	94	26	4	2		
4	1	1	5	2	582	369	3	135	60	64	81	20	3	3		
4	1	1	5	3	603	406	7	124	53	69	116	27	4	6		
4	1	1	5	4	756	502	5	180	88	101	103	22	2	1		
4	1	1	5	5	746	483	10	170	72	71	137	18	4	1		
4	1	1	5	6	609	509	18	188	78	80	110	28	2	5		
4	1	1	5	7	642	378	4	161	69	50	70	19	2	3		
4	1	1	5	8	584	352	6	123	86	54	66	12	4	1		
4	1	1	5	9	597	397	10	154	70	62	72	20	3	6		
4	1	1	5	10	609	380	2	145	93	61	57	17	2	3		
4	1	1	5	11	451	267	0	101	46	51	53	11	3	2		
4	1	1	5	12	464	296	3	92	51	62	79	7	1	1		
4	1	1	5	13	589	355	2	181	68	33	55	10	5	1		
4	1	1	5	14	598	401	10	207	74	49	46	10	3	2		
4	1	1	5	15	567	357	6	188	78	31	36	14	3	1		
4	1	1	5	16	528	304	0	136	63	42	56	6	1	0		
4	1	1	5	17	741	523	19	247	113	77	46	20	1	0		
4	1	1	5	18	622	368	2	220	97	16	19	6	4	4		
4	1	1	5	19	533	351	5	134	77	69	57	7	1	1		
4	1	1	5	20	436	264	3	109	58	39	44	7	2	2		
4	1	1	5	21	812	472	18	199	100	52	76	22	4	1		
4	1	1	5	22	655	430	12	210	88	35	67	12	5	1		
4	1	1	5	23	717	443	5	164	87	65	105	15	2	0		
4	1	1	5	24	680	430	4	144	88	69	105	15	4	1		
4	1	1	5	25	754	486	10	168	94	78	108	25	3	0		
4	1	1	5	26	551	413	5	150	66	93	77	16	4	2		
4	1	1	5	27	513	332	1	118	61	58	70	19	5	0		
4	1	1	5	28	787	494	3	190	92	84	88	29	7	1		
4	1	1	5	29	563	380	20	125	52	77	83	20	2	1		
4	1	1	5	30	679	423	21	112	80	117	76	9	7	1		
4	1	1	5	31	805	498	3	162	90	92	118	32	1	0		
4	1	1	5	32	415	256	3	88	47	40	61	16	0	1		
4	1	1	5	33	367	214	0	88	39	21	57	6	2	1		
4	1	1	5	34	419	244	0	118	51	29	38	5	1	2		
4	1	1	5	35	381	237	2	111	29	40	42	12	0	1		
4	1	1	5	36	435	273	1	127	61	32	41	10	0	1		
4	1	1	5	37	501	307	4	122	55	57	54	14	1	0		
4	1	1	5	38	575	371	2	151	72	66	57	20	3	0		
4	1	1	5	39	379	235	6	107	54	31	26	9	1	1		
4	1	1	5	40	542	327	12	131	60	46	65	11	0	2		
4	1	1	5	41	511	307	2	135	54	38	59	17	2	0		
4	1	1	5	42	506	280	8	133	63	26	43	4	2	1		
4	1	1	5	43	737	453	4	227	99	54	55	14	0	0		
4	1	1	5	44	560	311	3	169	83	26	24	4	1	1		
4	1	1	5	45	569	308	0	191	56	18	33	5	2	3		
4	1	1	5	46	882	548	7	317	156	24	27	9	6	2		
4	1	1	5	47	487	312	3	172	84	12	28	7	4	2		
4	1	1	5	48	578	384	4	220	104	29	20	5	2	0		
4	1	1	5	49	619	374	2	174	86	53	42	10	4	3		
4	1	1	5	50	463	276	4	118	53	43	48	8	1	1		
4	1	1	5	51	518	338	5	132	87	55	46	12	1	0		
4	1	1	5	52	616	399	6	166	84	63	61	10	6	3		
4	1	1	5	53	542	330	1	138	55	70	52	10	1	3		
4	1	1	5	54	564	358	10	126	66	60	81	8	5	2		
4	1	1	5	55	500	341	5	139	74	64	48	10	1	0		
4	1	1	5	56	467	315	10	122	58	61	45	13	4	2		
4	1	1	5	57	0	25	2	0	1	21	1	0	0	0		
4	1	1	6	0	0	261	3	97	34	62	56	6	3	0		
4	1	1	6	1	617	435	4	149	57	101	93	25	3	3		
4	1	1	6	2	694	443	4	145	79	102	84	23	6	0		
4	1	1	6	3	732	460	3	144	93	89	102	25	4	0		
4	1	1	6	4	721	460	6	150	87	93	94	23	4	3		
4	1	1	6	5	620	381	3	190	66	50	63	9	0	0		
4	1	1	6	6	647	392	3	124	71	80	95	18	1	0		
4	1	1	6	7	681	421	11	138	75	59	116	19	2	1		
4	1	1	6	8	622	404	0	100	60	150	77	13	3	1		
4	1	1	6	9	638	425	3	131	74	97	95	23	2	0		
4	1	1	6	10	580	376	4	117	52	87	90	20	5	1		
4	1	1	6	11	708	418	8	129	62	111	84	20	2	2		
4	1	1	6	12	380	244	2	78	24	40	88	10	2	0		
4	1	1	6	13	524	349	6	112	58	69	81	21	1	1		
4	1	1	6	14	719	509	26	183	79	122	72	19	7	1		
4	1	1	6	15	463	311	1	101	43	73	71	14	7	1		
4	1	1	6	16	429	309	2	114	59	63	60	11	0	0		
4	1	1	6	17	784	533	5	175	88	110	124	25	3	3		
4	1	1	6	18	650	419	3	141	72	84	98	15	2	4		
4	1	1	6	19	703	459	3	149	67	96	118	23	2	1		
4	1	1	6	20	748	483	3	140	88	87	128	31	5	1		
4	1	1	6	21	649	411	4	100	71	106	103	24	3	0		
4	1	1	6	22	522	329	9	88	36	94	86	13	1	2		
4	1	1	6	23	593	383	2	109	64	74	113	20	1	0		
4	1	1	6	24	506	343	5	86	57	84	88	19	3	1		
4	1	1	6	25	662	509	6	171	81	84	141	17	8	1		
4	1	1	6	26	604	399	3	159	62	70	85	14	4	2		
4	1	1	6	27	524	358	3	111	65	65	76	32	3	3		
4	1	1	6	28	516	344	4	93	48	85	91	18	4	1		
4	1	1	6	29	736	489	5	144	75	92	139	29	1	4		
4	1	1	6	30	685	415	6	140	73	60	111	22	2	1		
4	1	1	6	31	645	404	3	166	91	39	94	11	0	0		
4	1	1	6	32	624	408	12	136	78	103	54	21	4	0		
4	1	1	6	33	0	19	0	7	3	8	0	1	0	0		
4	1	2	7	0	0	273	3	102	45	53	54	13	3	0		
4	1	2	7	1	741	475	6	133	77	97	129	31	2	0		
4	1	2	7	2	529	356	1	113	51	68	104	17	2	0		
4	1	2	7	3	656	439	4	126	66	93	117	29	4	0		
4	1	2	7	4	537	365	3	84	65	88	106	12	7	0		
4	1	2	7	5	574	373	2	123	60	72	98	15	3	0		
4	1	2	7	6	732	453	6	148	58	82	132	23	4	0		
4	1	2	7	7	1004	685	9	189	91	108	242	38	8	0		
4	1	2	7	8	797	526	2	138	74	98	186	24	4	0		
4	1	2	7	9	917	560	0	152	89	115	181	22	1	0		
4	1	2	7	10	557	360	4	109	58	61	104	22	2	0		
4	1	2	7	11	573	381	3	114	64	85	94	18	3	0		
4	1	2	7	12	688	492	6	165	72	87	134	26	2	0		
4	1	2	7	13	765	519	4	157	57	81	177	39	4	0		
4	1	2	7	14	757	566	4	291	85	58	103	19	6	0		
4	1	2	7	15	606	438	13	176	73	87	72	13	4	0		
4	1	2	7	16	535	345	2	129	64	38	98	14	0	0		
4	1	2	7	17	657	421	6	129	78	66	117	24	1	0		
4	1	2	7	18	665	424	3	107	70	95	120	23	6	0		
4	1	2	7	19	784	492	3	139	80	108	131	28	3	0		
4	1	2	7	20	660	432	3	138	65	68	133	21	4	0		
4	1	2	7	21	962	662	8	218	102	123	169	40	2	0		
4	1	2	7	22	834	507	5	174	73	95	136	19	5	0		
4	1	2	7	23	798	526	3	156	86	91	155	34	1	0		
4	1	2	7	24	749	425	5	157	73	62	99	25	4	0		
4	1	2	7	25	752	488	3	165	92	81	123	22	2	0		
4	1	2	7	26	858	531	5	174	104	115	112	18	3	0		
4	1	2	7	27	920	591	5	216	90	84	157	34	5	0		
4	1	2	7	28	331	170	3	47	29	45	37	9	0	0		
4	1	2	8	0	0	183	4	65	24	42	43	3	2	0		
4	1	2	8	1	575	394	1	102	70	107	87	23	4	0		
4	1	2	8	2	631	401	9	96	67	112	102	11	4	0		
4	1	2	8	3	523	323	5	102	60	65	78	13	0	0		
4	1	2	8	4	849	569	10	145	88	152	129	40	5	0		
4	1	2	8	5	758	497	8	131	69	145	116	24	4	0		
4	1	2	8	6	717	500	13	120	95	157	93	20	2	0		
4	1	2	8	7	744	496	9	162	69	120	101	32	3	0		
4	1	2	8	8	740	532	2	155	74	138	120	39	4	0		
4	1	2	8	9	915	567	9	136	103	135	151	31	2	0		
4	1	2	8	10	676	460	1	129	57	110	141	19	3	0		
4	1	2	8	11	887	567	5	166	100	133	133	28	2	0		
4	1	2	8	12	586	421	9	123	61	112	96	18	2	0		
4	1	2	8	13	538	365	0	115	56	86	82	26	0	0		
4	1	2	8	14	818	574	11	130	104	156	133	39	1	0		
4	1	2	8	15	797	533	2	149	103	118	123	37	1	0		
4	1	2	8	16	708	517	6	151	72	128	124	33	3	0		
4	1	2	8	17	732	477	9	146	85	113	107	14	3	0		
4	1	2	8	18	712	508	3	152	76	124	110	38	5	0		
4	1	2	8	19	628	406	4	119	58	111	78	33	3	0		
4	1	2	8	20	829	561	5	159	98	135	140	20	4	0		
4	1	2	8	21	600	414	5	135	75	72	103	22	2	0		
4	1	2	8	22	571	370	3	129	67	67	76	23	5	0		
4	1	2	8	23	629	400	7	133	72	65	103	15	5	0		
4	1	2	9	0	0	316	7	118	50	83	53	2	3	0		
4	1	2	9	1	771	500	4	150	54	153	116	23	0	0		
4	1	2	9	2	707	502	6	122	70	129	142	27	6	0		
4	1	2	9	3	883	542	11	205	79	98	113	27	9	0		
4	1	2	9	4	772	540	3	175	86	120	117	35	4	0		
4	1	2	9	5	671	449	4	145	66	98	118	16	2	0		
4	1	2	9	6	806	522	13	155	81	126	115	29	3	0		
4	1	2	9	7	804	582	35	238	83	136	76	14	0	0		
4	1	2	9	8	850	527	4	185	86	99	124	28	1	0		
4	1	2	9	9	746	470	11	146	81	96	110	20	6	0		
4	1	2	9	10	639	410	2	109	61	115	104	17	2	0		
4	1	2	9	11	708	438	12	258	71	34	46	14	3	0		
4	1	2	9	12	866	523	5	178	63	128	118	29	2	0		
4	1	2	9	13	623	420	3	198	88	46	54	23	8	0		
4	1	2	9	14	673	446	5	208	86	54	76	13	4	0		
4	1	2	9	15	647	404	3	190	81	46	56	23	5	0		
4	1	2	9	16	573	371	2	165	71	49	68	14	2	0		
4	1	2	9	17	702	423	7	141	79	77	90	25	4	0		
4	1	2	9	18	762	451	8	152	102	67	103	17	2	0		
4	1	2	9	19	764	445	2	148	95	84	84	25	7	0		
4	1	2	9	20	809	499	7	169	91	104	102	24	2	0		
4	1	2	9	21	729	468	6	168	77	91	101	21	4	0		
4	1	2	9	22	745	487	15	137	110	94	111	17	3	0		
4	1	2	9	23	840	529	9	160	83	124	120	30	3	0		
4	1	2	9	24	901	647	15	206	141	136	128	17	4	0		
4	1	2	9	25	852	527	9	150	66	120	136	41	5	0		
4	1	2	9	26	857	555	25	163	96	112	132	21	6	0		
4	1	2	9	27	757	501	11	118	64	139	132	32	5	0		
4	1	2	9	28	768	527	1	128	83	160	109	42	4	0		
4	1	2	9	29	907	573	3	166	87	150	127	34	6	0		
4	1	2	9	30	824	509	4	132	87	124	122	34	6	0		
4	1	2	9	31	823	555	3	131	93	185	112	31	0	0		
4	1	2	9	32	846	518	22	80	73	202	104	31	6	0		
4	1	2	9	33	784	478	5	147	94	127	84	20	1	0		
4	1	2	9	34	636	406	3	150	59	75	100	17	2	0		
4	1	2	9	35	560	337	2	117	64	66	72	14	2	0		
4	1	2	9	36	629	388	6	149	67	75	71	16	4	0		
4	1	2	9	37	138	70	1	34	9	2	15	9	0	0		
4	1	2	9	38	0	0	0	0	0	0	0	0	0	0		
4	1	2	9	39	0	0	0	0	0	0	0	0	0	0		
4	1	2	9	40	0	0	0	0	0	0	0	0	0	0		
4	1	2	9	41	0	0	0	0	0	0	0	0	0	0		
4	1	2	9	42	0	0	0	0	0	0	0	0	0	0		
4	1	2	9	43	0	0	0	0	0	0	0	0	0	0		
4	1	2	9	44	0	0	0	0	0	0	0	0	0	0		
4	1	2	9	45	0	0	0	0	0	0	0	0	0	0		
4	1	2	9	46	0	0	0	0	0	0	0	0	0	0		
4	1	2	9	47	0	34	0	17	6	4	5	2	0	0		
4	1	3	2	0	0	578	10	275	104	103	67	15	4	0		
4	1	3	2	1	384	238	3	76	27	50	62	17	3	0		
4	1	3	2	2	685	400	2	166	83	48	74	22	5	0		
4	1	3	2	3	353	271	7	156	70	19	12	3	4	0		
4	1	3	2	4	394	285	6	111	45	49	64	6	4	0		
4	1	3	2	5	621	415	4	163	75	69	90	11	3	0		
4	1	3	2	6	219	146	5	58	24	36	20	3	0	0		
4	1	3	2	7	679	451	2	179	62	70	117	14	7	0		
4	1	3	2	8	485	289	6	160	53	25	32	7	6	0		
4	1	3	2	9	539	367	14	130	83	82	42	16	0	0		
4	1	3	2	10	586	364	6	110	56	91	84	16	1	0		
4	1	3	2	11	276	182	3	86	36	16	34	6	1	0		
4	1	3	2	12	310	187	2	77	29	21	50	6	2	0		
4	1	3	2	13	406	246	11	117	46	28	30	8	6	0		
4	1	3	2	14	474	338	1	227	67	14	24	1	4	0		
4	1	3	2	15	180	130	1	62	13	13	27	12	2	0		
4	1	3	2	16	300	221	3	142	41	12	17	6	0	0		
4	1	3	2	17	393	279	3	200	46	8	19	2	1	0		
4	1	3	2	18	672	381	3	181	88	36	53	16	4	0		
4	1	3	2	19	406	257	3	95	50	34	66	9	0	0		
4	1	3	2	20	501	376	4	201	48	33	67	21	2	0		
4	1	3	2	21	548	312	5	140	53	31	61	21	1	0		
4	1	3	2	22	430	299	2	116	57	51	61	12	0	0		
4	1	3	2	23	318	195	2	68	36	40	44	5	0	0		
4	1	3	2	24	596	341	12	135	69	34	71	15	5	0		
4	1	3	2	25	564	395	5	233	83	48	19	6	1	0		
4	1	3	2	26	333	507	6	285	83	76	48	7	2	0		
4	1	3	2	27	470	333	5	81	78	109	42	15	3	0		
4	1	3	2	28	446	252	4	99	62	40	35	12	0	0		
4	1	3	2	29	374	240	1	72	43	60	56	7	1	0		
4	1	3	2	30	262	197	1	72	41	40	35	8	0	0		
4	1	3	2	31	465	284	1	115	46	50	53	12	7	0		
4	1	3	2	32	527	351	5	224	68	23	23	7	1	0		
4	1	3	2	33	326	226	1	52	47	57	59	7	3	0		
4	1	3	2	34	439	278	4	99	43	55	63	12	2	0		
4	1	3	2	35	426	269	7	143	57	26	26	8	2	0		
4	1	3	2	36	469	267	3	129	49	32	40	11	3	0		
4	1	3	2	37	400	260	2	139	60	34	21	3	1	0		
4	1	3	2	38	521	347	7	230	66	20	13	10	1	0		
4	1	3	2	39	416	257	3	153	60	15	18	8	0	0		
4	1	3	2	40	265	173	1	72	30	39	27	3	1	0		
4	1	3	2	41	453	301	13	137	57	34	47	11	2	0		
4	1	3	2	42	233	136	1	39	37	28	22	5	4	0		
4	1	3	2	43	647	405	3	146	66	60	109	16	5	0		
4	1	3	2	44	486	325	14	173	66	33	25	10	4	0		
4	1	3	2	45	399	255	1	113	39	35	54	10	3	0		
4	1	3	2	46	409	295	4	100	56	63	58	10	4	0		
4	1	3	2	47	371	242	3	97	45	44	34	16	3	0		
4	1	3	2	48	359	236	0	80	51	59	38	5	3	0		
4	1	3	2	49	439	302	3	134	76	33	46	7	3	0		
4	1	3	2	50	400	294	5	130	62	46	39	10	2	0		
4	1	3	2	51	247	144	2	47	40	26	25	4	0	0		
4	1	3	2	52	570	365	5	150	71	53	61	21	4	0		
4	1	3	2	53	351	225	6	128	46	20	13	8	4	0		
4	1	3	2	54	626	417	5	203	60	45	90	13	1	0		
4	1	3	2	55	519	352	23	111	78	62	67	7	4	0		
4	1	3	2	56	417	268	7	143	60	25	27	5	1	0		
4	1	3	2	57	340	208	0	95	50	28	30	4	1	0		
4	1	3	2	58	315	222	5	148	27	11	28	3	0	0		
4	1	3	2	59	569	336	14	115	59	68	63	15	2	0		
4	1	3	2	60	637	417	7	212	75	57	56	10	0	0		
4	1	3	2	61	246	150	0	61	40	24	15	7	3	0		
4	1	3	2	62	310	201	3	84	50	36	21	7	0	0		
4	1	3	2	63	510	327	2	134	53	58	63	13	4	0		
4	1	3	2	64	403	304	7	135	60	59	28	13	2	0		
4	1	3	2	65	567	355	9	167	67	49	55	5	3	0		
4	1	3	2	66	615	402	7	258	79	35	16	4	3	0		
4	1	3	2	67	602	395	1	187	86	62	46	10	3	0		
4	1	3	2	68	254	195	2	114	32	13	19	13	2	0		
4	1	3	2	69	348	216	0	146	40	10	13	5	2	0		
4	1	3	2	70	494	298	0	147	62	33	44	8	4	0		
4	1	3	2	71	431	308	3	185	62	24	25	9	0	0		
4	1	3	2	72	528	379	10	208	80	28	40	10	3	0		
4	1	3	2	73	426	254	3	112	65	23	36	10	5	0		
4	1	3	2	74	519	321	3	138	66	49	44	18	3	0		
4	1	3	2	75	345	279	6	198	35	38	1	0	1	0		
4	1	3	2	76	552	330	3	149	72	45	45	14	2	0		
4	1	3	2	77	489	281	1	128	62	35	47	8	0	0		
4	1	3	2	78	204	112	0	57	33	8	12	2	0	0		
4	1	3	2	79	596	382	8	164	67	68	61	10	4	0		
4	1	3	2	80	538	346	3	143	71	42	72	12	3	0		
4	1	3	2	81	561	322	8	207	66	15	18	5	3	0		
4	1	3	2	82	387	254	4	118	58	27	36	8	3	0		
4	1	3	2	83	605	371	15	211	57	28	52	6	2	0		
4	1	3	2	84	382	244	11	115	48	32	33	4	1	0		
4	1	3	2	85	363	213	1	117	39	22	24	8	2	0		
4	1	3	2	86	351	198	2	110	41	15	22	8	0	0		
4	1	3	2	87	680	458	8	203	115	58	59	13	2	0		
4	1	3	2	88	475	272	3	133	45	35	44	10	2	0		
4	1	3	2	89	558	345	10	139	76	63	46	9	2	0		
4	1	3	2	90	314	183	2	98	27	37	12	6	1	0		
4	1	3	2	91	269	182	1	79	17	23	55	6	1	0		
4	1	3	2	92	530	360	3	221	81	25	24	3	3	0		
4	1	3	2	93	676	409	0	185	80	73	61	7	3	0		
4	1	3	2	94	677	441	4	129	88	113	85	17	5	0		
4	1	3	2	95	487	276	8	127	65	40	29	6	1	0		
4	1	3	2	96	369	234	0	124	73	12	16	6	3	0		
4	1	3	2	97	509	337	3	168	61	58	35	11	1	0		
4	1	3	2	98	432	282	1	98	54	75	41	7	6	0		
4	1	3	2	99	487	321	5	138	38	58	67	14	1	0		
4	1	3	2	100	490	307	3	119	56	47	67	13	2	0		
4	1	3	2	101	556	394	11	138	72	54	98	15	6	0		
4	1	3	2	102	593	354	5	124	73	54	85	12	1	0		
4	1	3	2	103	519	374	3	229	92	26	20	3	1	0		
4	1	3	2	104	357	268	3	137	54	31	32	7	4	0		
4	1	3	2	105	226	152	1	47	41	25	28	10	0	0		
4	1	3	2	106	639	397	8	233	87	37	21	9	2	0		
4	1	3	2	107	414	310	3	196	82	18	10	1	0	0		
4	1	3	2	108	387	272	1	179	48	23	14	6	1	0		
4	1	3	2	109	503	312	1	143	69	39	46	12	2	0		
4	1	3	2	110	506	275	7	155	59	20	26	4	4	0		
4	1	3	2	111	590	343	5	181	80	29	33	14	1	0		
4	1	3	2	112	465	328	7	115	73	73	43	16	1	0		
4	1	3	2	113	288	176	4	97	45	11	11	7	1	0		
4	1	3	2	114	237	144	0	57	26	25	31	4	1	0		
4	1	3	2	115	390	228	6	113	42	22	35	6	4	0		
4	1	3	2	116	423	247	1	125	56	28	26	10	1	0		
4	1	3	2	117	651	371	3	178	85	53	39	9	4	0		
4	1	3	2	118	583	356	2	139	88	45	64	17	1	0		
4	1	3	2	119	411	279	1	108	53	46	52	19	0	0		
4	1	3	2	120	357	240	8	150	47	19	10	6	0	0		
4	1	3	2	121	222	130	0	56	32	13	23	5	1	0		
4	1	3	2	122	575	361	6	113	86	75	62	13	6	0		
4	1	3	2	123	570	341	1	151	75	49	50	10	5	0		
4	1	3	2	124	586	345	5	129	85	46	61	18	1	0		
4	1	3	2	125	482	298	3	137	66	46	36	8	2	0		
4	1	3	2	126	541	348	3	118	95	65	54	10	3	0		
4	1	3	2	127	0	29	0	10	6	12	0	1	0	0		
4	1	4	3	0	0	521	13	212	79	111	76	23	7	0		
4	1	4	3	1	424	280	1	104	55	48	57	8	7	0		
4	1	4	3	2	514	314	3	103	49	72	72	15	0	0		
4	1	4	3	3	370	222	0	66	62	33	51	8	2	0		
4	1	4	3	4	340	241	5	82	36	43	62	11	2	0		
4	1	4	3	5	567	360	4	126	83	60	79	6	2	0		
4	1	4	3	6	529	331	2	137	72	61	48	10	1	0		
4	1	4	3	7	408	262	0	97	52	39	60	14	0	0		
4	1	4	3	8	453	305	1	115	55	52	63	18	1	0		
4	1	4	3	9	633	412	1	143	78	98	70	21	1	0		
4	1	4	3	10	663	416	7	126	96	87	82	15	3	0		
4	1	4	3	11	531	352	1	136	54	71	70	19	1	0		
4	1	4	3	12	483	333	3	121	52	66	66	24	1	0		
4	1	4	3	13	564	382	6	112	58	88	90	28	0	0		
4	1	4	3	14	784	515	3	167	108	118	95	22	2	0		
4	1	4	3	15	512	299	4	96	45	62	71	17	4	0		
4	1	4	3	16	441	265	2	97	42	48	61	11	4	0		
4	1	4	3	17	592	431	1	177	69	105	63	13	3	0		
4	1	4	3	18	570	357	3	110	55	98	76	12	3	0		
4	1	4	3	19	516	316	1	89	60	93	55	13	5	0		
4	1	4	3	20	459	339	2	99	65	90	61	20	2	0		
4	1	4	3	21	464	302	5	154	55	44	33	9	2	0		
4	1	4	3	22	458	309	3	100	53	75	68	9	1	0		
4	1	4	3	23	829	569	4	193	128	99	123	17	5	0		
4	1	4	3	24	490	329	1	122	39	66	81	19	1	0		
4	1	4	3	25	348	220	1	88	35	41	43	10	2	0		
4	1	4	3	26	755	465	23	155	76	88	104	16	3	0		
4	1	4	3	27	507	342	3	170	59	36	59	11	4	0		
4	1	4	3	28	308	200	2	72	42	38	39	7	0	0		
4	1	4	3	29	251	164	2	77	19	20	35	7	4	0		
4	1	4	3	30	354	211	3	92	38	40	29	8	1	0		
4	1	4	3	31	673	372	8	190	51	35	72	13	3	0		
4	1	4	3	32	724	483	3	239	96	74	54	15	2	0		
4	1	4	3	33	447	277	5	159	46	17	43	5	2	0		
4	1	4	3	34	547	344	5	125	49	69	72	18	6	0		
4	1	4	3	35	504	311	3	166	66	29	32	11	4	0		
4	1	4	3	36	487	311	2	171	68	32	25	8	5	0		
4	1	4	3	37	784	455	19	226	83	55	60	10	2	0		
4	1	4	3	38	449	324	3	194	73	25	16	11	2	0		
4	1	4	3	39	442	302	5	181	72	18	22	2	2	0		
4	1	4	3	40	631	365	13	226	84	16	18	6	2	0		
4	1	4	3	41	513	271	3	116	57	36	47	11	1	0		
4	1	4	3	42	525	361	2	207	64	34	39	8	7	0		
4	1	4	3	43	421	249	3	141	58	25	19	1	2	0		
4	1	4	3	44	463	269	5	148	48	26	28	11	3	0		
4	1	4	3	45	757	460	4	277	106	28	36	6	3	0		
4	1	4	3	46	455	288	3	171	64	9	33	5	3	0		
4	1	4	3	47	570	392	4	239	89	26	30	2	2	0		
4	1	4	3	48	506	332	4	192	75	28	23	6	4	0		
4	1	4	3	49	441	292	6	113	61	67	33	11	1	0		
4	1	4	3	50	447	278	4	98	59	45	56	14	2	0		
4	1	4	3	51	529	345	3	132	66	53	72	16	3	0		
4	1	4	3	52	505	313	7	151	53	41	45	13	3	0		
4	1	4	3	53	608	358	4	148	58	58	65	18	7	0		
4	1	4	3	54	557	399	17	273	51	46	9	1	2	0		
4	1	4	3	55	412	277	3	154	61	21	28	6	4	0		
4	1	4	3	56	749	479	3	240	90	60	66	20	0	0		
4	1	4	3	57	653	387	5	233	85	30	28	5	1	0		
4	1	4	3	58	501	350	6	92	72	103	63	14	0	0		
4	1	4	3	59	454	329	6	105	51	75	73	17	2	0		
4	1	4	3	60	522	351	3	91	56	91	81	26	3	0		
4	1	4	3	61	346	252	1	66	52	79	41	13	0	0		
4	1	4	3	62	559	379	5	137	64	61	85	21	6	0		
4	1	4	3	63	360	468	4	196	74	101	69	19	5	0		
4	1	4	3	64	500	322	3	126	69	78	31	14	1	0		
4	1	4	3	65	502	321	3	76	54	99	62	23	4	0		
4	1	4	3	66	592	374	12	153	77	74	46	12	0	0		
4	1	4	3	67	459	290	3	91	64	56	56	18	2	0		
4	1	4	3	68	519	333	3	117	73	82	47	10	1	0		
4	1	4	3	69	506	336	9	91	71	71	83	8	3	0		
4	1	4	3	70	533	345	1	102	63	96	74	6	3	0		
4	1	4	3	71	450	318	7	121	44	66	65	12	3	0		
4	1	4	3	72	583	377	3	173	71	72	44	11	3	0		
4	1	4	3	73	480	282	4	121	43	46	46	20	2	0		
4	1	4	3	74	462	302	2	115	69	59	40	14	3	0		
4	1	4	3	75	575	376	4	145	90	63	56	16	2	0		
4	1	4	3	76	357	242	2	84	51	66	32	7	0	0		
4	1	4	3	77	323	202	2	81	34	39	37	7	2	0		
4	1	4	3	78	567	375	6	143	66	71	66	20	3	0		
4	1	4	3	79	551	314	1	121	54	59	58	19	2	0		
4	1	4	3	80	414	219	6	87	56	40	20	7	3	0		
4	1	4	3	81	534	357	4	92	57	88	103	11	2	0		
4	1	4	3	82	483	303	2	86	69	84	47	13	2	0		
4	1	4	3	83	428	271	3	158	58	22	19	11	0	0		
4	1	4	3	84	620	422	11	101	73	121	99	14	3	0		
4	1	4	3	85	641	391	1	126	67	96	82	17	2	0		
4	1	4	3	86	552	354	1	109	44	118	60	16	6	0		
4	1	4	3	87	518	368	4	111	69	99	60	25	0	0		
4	1	4	3	88	508	368	2	108	59	117	58	19	5	0		
4	1	4	3	89	477	273	2	119	75	38	28	9	2	0		
4	1	4	3	90	519	357	12	110	77	97	47	13	1	0		
4	1	4	3	91	573	364	5	147	75	65	60	10	2	0		
4	1	4	3	92	497	275	2	134	48	34	39	10	8	0		
4	1	4	3	93	370	235	11	79	42	33	64	6	0	0		
4	1	4	3	94	466	278	7	136	57	37	25	15	1	0		
4	1	4	3	95	548	340	4	92	78	73	68	22	3	0		
4	1	4	3	96	683	432	5	173	87	79	71	15	2	0		
4	1	4	3	97	450	283	3	92	60	55	60	12	1	0		
4	1	4	3	98	606	339	5	140	71	48	59	15	1	0		
4	1	4	3	99	506	295	3	122	59	63	39	8	1	0		
4	1	4	3	100	402	258	17	65	42	77	41	12	4	0		
4	1	4	3	101	564	337	5	215	78	19	13	4	3	0		
4	1	4	3	102	467	258	3	164	67	7	11	6	0	0		
4	1	4	3	103	481	306	4	200	63	13	18	6	2	0		
4	1	4	3	104	480	310	2	123	87	58	28	10	2	0		
4	1	4	3	105	417	293	5	177	75	18	11	5	2	0		
4	1	4	3	106	394	130	1	66	42	8	10	2	1	0		
4	1	4	3	107	446	322	5	118	62	84	37	16	0	0		
4	1	4	3	108	432	306	8	96	62	97	24	17	2	0		
4	1	4	3	109	445	349	3	78	84	142	32	10	0	0		
4	1	4	3	110	584	402	8	187	40	54	92	21	0	0		
4	1	4	3	111	283	216	1	84	37	29	54	11	0	0		
4	1	4	3	112	536	378	2	139	46	55	105	27	4	0		
4	1	4	3	113	0	30	1	6	1	21	1	0	0	0		
4	1	4	3	114	0	42	0	24	4	9	5	0	0	0		
4	1	4	3	115	0	21	0	7	4	10	0	0	0	0		
4	1	4	3	116	0	47	2	19	3	18	4	1	0	0		
4	1	4	3	117	0	32	0	7	8	9	7	1	0	0		
4	1	5	10	0	0	887	22	578	124	89	56	17	1	0		
4	1	5	10	1	537	316	2	149	75	51	28	10	1	0		
4	1	5	10	2	467	341	6	198	37	30	55	15	0	0		
4	1	5	10	3	447	331	5	212	42	26	37	9	0	0		
4	1	5	10	4	782	428	3	198	91	58	61	15	2	0		
4	1	5	10	5	772	499	7	252	119	76	36	7	2	0		
4	1	5	10	6	537	412	9	253	103	33	10	4	0	0		
4	1	5	10	7	483	289	4	107	64	66	39	9	0	0		
4	1	5	10	8	287	165	3	80	37	14	20	10	1	0		
4	1	5	10	9	354	240	2	102	49	44	37	6	0	0		
4	1	5	10	10	513	369	9	233	77	23	14	11	2	0		
4	1	5	10	11	537	346	12	122	72	85	38	14	3	0		
4	1	5	10	12	663	402	2	221	86	44	32	12	5	0		
4	1	5	10	13	492	356	7	218	79	24	22	6	0	0		
4	1	5	10	14	551	561	18	356	93	53	27	11	3	0		
4	1	5	10	15	370	254	7	127	54	27	26	9	4	0		
4	1	5	10	16	562	348	6	174	93	29	38	6	2	0		
4	1	5	10	17	475	333	5	207	86	13	17	5	0	0		
4	1	5	10	18	733	459	10	271	89	35	35	11	8	0		
4	1	5	10	19	599	410	4	261	100	20	13	7	5	0		
4	1	5	10	20	655	370	5	147	88	84	40	6	0	0		
4	1	5	10	21	325	184	3	111	40	14	14	1	1	0		
4	1	5	10	22	816	457	6	250	96	53	37	12	3	0		
4	1	5	10	23	518	350	14	200	79	25	24	6	2	0		
4	1	5	10	24	308	195	6	86	45	34	17	5	2	0		
4	1	5	10	25	329	205	1	109	50	19	22	3	1	0		
4	1	5	10	26	626	391	3	231	89	38	20	9	1	0		
4	1	5	10	27	561	378	4	215	96	36	15	7	5	0		
4	1	5	10	28	392	202	1	110	51	15	18	7	0	0		
4	1	5	10	29	395	255	4	132	74	13	25	4	3	0		
4	1	5	10	30	419	248	1	153	61	14	15	3	1	0		
4	1	5	10	31	677	433	7	170	126	64	49	16	1	0		
4	1	5	10	32	550	367	13	223	88	22	14	3	4	0		
4	1	5	10	33	394	259	3	80	89	46	36	4	1	0		
4	1	5	10	34	383	254	4	108	50	62	22	7	1	0		
4	1	5	10	35	491	287	15	129	74	38	24	4	3	0		
4	1	5	10	36	545	435	12	220	62	62	56	21	2	0		
4	1	5	10	37	542	325	9	119	88	59	36	10	4	0		
4	1	5	10	38	549	337	3	208	75	22	16	10	3	0		
4	1	5	10	39	286	210	0	124	43	20	18	5	0	0		
4	1	5	10	40	589	320	5	194	72	18	19	10	2	0		
4	1	5	10	41	643	344	18	211	82	12	13	4	4	0		
4	1	5	10	42	504	351	3	212	88	20	21	4	3	0		
4	1	5	10	43	468	282	10	171	73	6	16	4	2	0		
4	1	5	10	44	444	268	23	147	63	16	12	3	4	0		
4	1	5	10	45	540	271	6	133	77	23	28	4	0	0		
4	1	5	10	46	462	336	0	212	87	20	11	5	1	0		
4	1	5	10	47	696	400	7	197	94	46	43	11	2	0		
4	1	5	10	48	469	238	4	155	43	14	16	5	1	0		
4	1	5	10	49	737	492	14	270	122	51	24	7	4	0		
4	1	5	10	50	575	371	2	203	102	38	19	6	1	0		
4	1	5	10	51	507	294	3	142	60	40	43	6	0	0		
4	1	5	10	52	381	251	2	160	58	15	12	4	0	0		
4	1	5	10	53	723	400	14	246	70	50	10	7	3	0		
4	1	5	10	54	668	461	4	247	100	41	51	17	1	0		
4	1	5	10	55	426	237	4	116	65	22	22	6	2	0		
4	1	5	10	56	641	430	4	226	89	52	44	13	2	0		
4	1	5	10	57	542	375	10	169	86	57	39	10	4	0		
4	1	5	10	58	395	234	2	153	44	10	16	7	2	0		
4	1	5	10	59	660	459	2	273	119	36	21	5	3	0		
4	1	5	10	60	714	539	3	206	144	109	54	20	3	0		
4	1	5	10	61	370	218	0	116	49	27	13	12	1	0		
4	1	5	10	62	875	616	4	276	142	110	59	23	2	0		
4	1	5	10	63	603	340	7	134	91	73	26	8	1	0		
4	1	5	10	64	389	228	4	114	55	29	22	3	1	0		
4	1	5	10	65	732	408	23	176	106	55	36	10	2	0		
4	1	5	10	66	1039	694	16	268	161	153	66	28	2	0		
4	1	5	10	67	623	396	8	216	64	33	56	16	3	0		
4	1	5	10	68	695	396	14	165	88	77	38	12	2	0		
4	1	5	10	69	764	523	3	229	109	91	77	9	5	0		
4	1	5	10	70	708	457	20	247	109	45	25	9	2	0		
4	1	5	10	71	592	411	6	158	90	105	36	12	4	0		
4	1	5	10	72	580	375	3	178	84	53	38	16	3	0		
4	1	5	10	73	545	325	6	143	80	47	34	11	4	0		
4	1	5	10	74	599	393	9	186	95	49	36	15	3	0		
4	1	5	10	75	581	423	11	219	111	50	22	5	5	0		
4	1	5	10	76	525	310	2	164	76	37	17	11	3	0		
4	1	5	10	77	532	340	10	183	55	49	27	11	5	0		
4	1	5	10	78	554	349	13	159	94	51	15	14	3	0		
4	1	5	10	79	402	244	2	104	72	32	22	12	0	0		
4	1	5	10	80	477	314	13	177	85	27	11	0	1	0		
4	1	5	10	81	452	253	18	158	55	10	11	1	0	0		
4	1	5	10	82	337	182	5	107	44	10	12	3	1	0		
4	1	5	10	83	338	188	0	135	31	7	11	4	0	0		
4	1	5	10	84	540	347	7	195	68	45	16	13	3	0		
4	1	5	10	85	526	340	7	195	63	40	23	11	1	0		
4	1	5	10	86	471	298	0	153	66	45	18	15	1	0		
4	1	5	10	87	375	217	2	125	38	22	26	4	0	0		
4	1	5	10	88	401	216	7	108	46	21	23	8	3	0		
4	1	5	10	89	452	260	1	139	65	23	21	10	1	0		
4	1	5	10	90	738	555	11	369	94	40	28	7	6	0		
4	1	5	10	91	516	327	13	206	71	20	13	3	1	0		
4	1	5	10	92	755	537	13	208	127	115	58	13	3	0		
4	1	5	10	93	552	346	1	128	93	66	44	10	4	0		
4	1	5	10	94	462	307	3	179	71	27	19	5	3	0		
4	1	5	10	95	627	403	4	245	84	31	27	8	4	0		
4	1	5	10	96	396	253	14	168	45	11	11	3	1	0		
4	1	5	10	97	692	441	7	255	116	34	21	7	1	0		
4	1	5	10	98	682	492	6	275	85	65	47	12	2	0		
4	1	5	10	99	352	202	13	94	48	24	18	1	4	0		
4	1	5	10	100	471	255	5	120	79	22	19	6	4	0		
4	1	5	10	101	457	262	4	134	71	28	19	3	3	0		
4	1	5	10	102	447	211	4	131	42	12	13	6	3	0		
4	1	5	10	103	755	441	1	222	120	48	34	10	6	0		
4	1	5	10	104	478	342	7	141	73	66	45	10	0	0		
4	1	5	10	105	516	332	3	200	70	18	28	11	2	0		
4	1	5	10	106	577	387	9	219	95	29	23	10	2	0		
4	1	5	10	107	769	484	10	218	111	72	48	20	5	0		
4	1	5	10	108	565	321	4	176	79	26	25	7	4	0		
4	1	5	10	109	423	286	5	137	64	38	29	8	5	0		
4	1	5	10	110	461	260	7	140	77	20	14	2	0	0		
4	1	5	10	111	708	468	12	279	101	32	33	11	0	0		
4	1	5	10	112	831	422	22	232	105	23	31	5	4	0		
4	1	5	10	113	543	360	3	229	75	36	11	5	1	0		
4	1	5	10	114	435	297	12	164	84	19	12	5	1	0		
4	1	5	10	115	526	359	3	203	65	40	32	11	5	0		
4	1	5	10	116	442	303	8	103	94	71	19	7	1	0		
4	1	5	10	117	501	322	3	167	68	56	18	8	2	0		
4	1	5	10	118	528	368	9	204	93	41	14	6	1	0		
4	1	5	10	119	491	351	5	243	58	27	13	4	1	0		
4	1	5	10	120	385	253	4	141	63	26	13	4	2	0		
4	1	5	10	121	617	373	8	178	80	44	48	12	3	0		
4	1	5	10	122	729	505	7	284	128	34	39	12	1	0		
4	1	5	10	123	679	355	8	185	74	35	36	14	3	0		
4	1	5	10	124	422	284	10	130	65	49	22	7	1	0		
4	1	5	10	125	617	423	11	243	95	32	22	14	6	0		
4	1	5	10	126	423	239	7	146	51	20	11	4	0	0		
4	1	5	10	127	527	323	1	174	68	34	31	10	5	0		
4	1	5	10	128	695	445	2	211	94	91	27	14	6	0		
4	1	5	10	129	399	280	1	176	47	21	30	5	0	0		
4	1	5	10	130	661	415	3	246	102	40	15	7	2	0		
4	1	5	10	131	688	434	6	293	93	19	12	6	5	0		
4	1	5	10	132	420	270	5	146	88	15	8	6	2	0		
4	1	5	10	133	575	440	4	315	63	28	19	7	4	0		
4	1	5	10	134	442	332	2	181	71	52	18	7	1	0		
4	1	5	10	135	627	372	4	209	95	25	25	13	1	0		
4	1	5	10	136	336	218	5	105	49	36	18	5	0	0		
4	1	5	10	137	308	163	1	76	37	22	20	5	2	0		
4	1	5	10	138	564	353	2	182	71	51	30	11	6	0		
4	1	5	10	139	603	431	20	257	88	32	26	5	3	0		
4	1	5	10	140	544	350	2	190	103	30	16	5	4	0		
4	1	5	10	141	641	386	13	222	73	39	30	9	0	0		
4	1	5	10	142	557	356	1	211	92	25	19	3	5	0		
4	1	5	10	143	645	399	6	223	90	43	26	10	1	0		
4	1	5	10	144	519	329	4	200	74	29	13	7	2	0		
4	1	5	10	145	362	185	3	121	40	13	6	0	2	0		
4	1	5	10	146	447	226	19	141	52	7	5	2	0	0		
4	1	5	10	147	421	199	0	116	51	10	19	3	0	0		
4	1	5	10	148	679	349	13	244	63	8	11	8	2	0		
4	1	5	10	149	647	365	4	217	82	32	22	8	0	0		
4	1	5	10	150	560	345	5	193	86	23	29	7	2	0		
4	1	5	10	151	449	282	0	119	56	63	32	9	3	0		
4	1	5	10	152	499	297	3	136	67	52	30	8	1	0		
4	1	5	10	153	755	511	0	309	100	41	48	12	1	0		
4	1	5	10	154	649	399	4	196	80	64	36	18	1	0		
4	1	5	10	155	529	339	4	187	73	49	18	6	2	0		
4	1	5	10	156	414	290	2	146	59	35	33	12	3	0		
4	1	5	10	157	785	549	8	317	102	58	43	15	6	0		
4	1	5	10	158	531	349	11	216	76	28	14	2	2	0		
4	1	5	10	159	618	392	5	204	93	46	24	20	0	0		
4	1	5	10	160	513	345	2	190	95	35	11	11	1	0		
4	1	5	10	161	577	327	3	222	62	11	24	3	2	0		
4	1	5	10	162	613	448	6	253	104	44	25	10	6	0		
4	1	5	10	163	469	325	7	201	68	23	19	7	0	0		
4	1	5	10	164	764	396	8	248	91	19	21	7	2	0		
4	1	5	10	165	527	342	7	204	97	14	14	2	4	0		
4	1	5	10	166	571	420	5	267	74	31	32	9	2	0		
4	1	5	10	167	528	415	7	251	81	38	26	8	4	0		
4	1	5	10	168	482	353	15	211	77	15	20	9	6	0		
4	1	5	10	169	703	558	7	283	107	94	42	17	8	0		
4	1	5	10	170	591	417	5	183	101	72	43	12	1	0		
4	1	5	10	171	671	419	8	277	88	24	16	4	2	0		
4	1	5	10	172	412	285	4	193	47	23	12	5	1	0		
4	1	5	10	173	403	289	6	179	57	21	20	3	3	0		
4	1	5	10	174	529	354	4	199	72	41	22	12	4	0		
4	1	5	10	175	414	300	2	175	79	19	20	5	0	0		
4	1	5	10	176	438	299	4	172	62	19	27	9	6	0		
4	1	5	10	177	340	242	13	130	57	16	20	5	1	0		
4	1	5	10	178	359	235	3	140	62	15	12	2	1	0		
4	1	5	10	179	389	259	3	153	49	33	13	4	4	0		
4	1	5	10	180	658	341	2	214	78	11	25	9	2	0		
4	1	5	10	181	662	434	11	238	78	40	47	18	2	0		
4	1	5	10	182	717	352	2	234	82	5	19	7	3	0		
4	1	5	10	183	501	245	2	139	61	20	22	1	0	0		
4	1	5	10	184	541	370	20	215	79	34	17	3	2	0		
4	1	5	10	185	715	433	12	223	125	25	37	10	1	0		
4	1	5	10	186	503	335	4	183	86	30	21	9	2	0		
4	1	5	10	187	449	319	9	223	54	13	13	3	4	0		
4	1	5	10	188	459	318	2	189	87	25	9	5	1	0		
4	1	5	10	189	414	269	4	165	56	19	17	5	3	0		
4	1	5	10	190	392	288	9	186	43	27	15	7	1	0		
4	1	5	10	191	349	228	7	126	43	26	19	5	2	0		
4	1	5	10	192	416	254	2	178	51	10	8	3	2	0		
4	1	5	10	193	387	276	7	173	58	20	11	5	2	0		
4	1	5	10	194	396	290	5	176	58	18	23	6	4	0		
4	1	5	10	195	641	464	6	259	112	48	26	6	7	0		
4	1	5	10	196	603	382	9	198	75	35	45	17	3	0		
4	1	5	10	197	566	381	3	252	86	22	11	4	3	0		
4	1	5	10	198	450	319	2	194	83	18	17	0	5	0		
4	1	5	10	199	0	38	2	26	6	4	0	0	0	0		
4	1	5	10	200	0	34	1	20	12	0	1	0	0	0		
4	1	5	10	201	0	33	2	22	5	1	3	0	0	0		
4	1	5	10	202	0	22	0	6	3	13	0	0	0	0		
4	1	5	10	203	0	36	0	25	6	4	1	0	0	0		
4	1	5	10	204	0	24	0	16	7	1	0	0	0	0		
4	1	6	11	0	0	532	9	347	84	40	40	9	3	0		
4	1	6	11	1	556	360	5	233	85	18	11	5	3	0		
4	1	6	11	2	599	454	13	326	77	20	11	1	6	0		
4	1	6	11	3	465	311	4	176	54	34	31	10	2	0		
4	1	6	11	4	700	399	2	244	103	27	17	4	2	0		
4	1	6	11	5	485	283	8	161	57	37	13	7	0	0		
4	1	6	11	6	577	340	3	190	87	31	24	3	2	0		
4	1	6	11	7	751	454	10	262	89	30	48	14	1	0		
4	1	6	11	8	754	488	7	321	106	11	27	12	4	0		
4	1	6	11	9	582	381	5	251	76	17	25	4	3	0		
4	1	6	11	10	826	537	16	314	117	38	40	12	0	0		
4	1	6	11	11	698	427	18	265	82	18	27	13	4	0		
4	1	6	11	12	469	327	2	157	62	60	36	10	0	0		
4	1	6	11	13	457	298	1	212	50	17	12	5	1	0		
4	1	6	11	14	688	397	6	242	95	21	24	6	3	0		
4	1	6	11	15	798	558	22	325	117	45	40	8	1	0		
4	1	6	11	16	593	331	5	149	83	61	19	13	1	0		
4	1	6	11	17	612	393	7	174	90	67	40	11	4	0		
4	1	6	11	18	287	335	2	206	43	50	26	6	2	0		
4	1	6	11	19	617	446	4	290	94	39	10	9	0	0		
4	1	6	11	20	750	517	11	312	99	49	32	7	7	0		
4	1	6	11	21	779	559	7	365	79	60	33	14	1	0		
4	1	6	11	22	400	262	1	145	48	42	18	5	3	0		
4	1	6	11	23	932	705	16	507	92	32	42	8	8	0		
4	1	6	11	24	789	450	5	304	97	15	18	10	1	0		
4	1	6	11	25	436	242	6	159	49	13	10	4	1	0		
4	1	6	11	26	662	376	4	221	88	34	21	8	0	0		
4	1	6	11	27	1057	556	3	296	163	46	33	12	3	0		
4	1	6	11	28	524	332	3	202	64	38	15	7	3	0		
4	1	6	11	29	940	607	9	348	128	54	42	17	9	0		
4	1	6	11	30	662	421	19	256	78	43	14	7	4	0		
4	1	6	11	31	752	528	5	312	91	57	39	19	5	0		
4	1	6	11	32	572	381	2	158	101	85	28	7	0	0		
4	1	6	11	33	549	401	8	231	54	32	58	17	1	0		
4	1	6	11	34	662	443	13	222	83	96	17	11	1	0		
4	1	6	11	35	572	410	3	259	84	39	15	7	3	0		
4	1	6	11	36	643	433	10	212	107	73	17	10	4	0		
4	1	6	11	37	768	459	6	299	104	25	13	9	3	0		
4	1	6	11	38	661	421	3	305	75	17	8	10	3	0		
4	1	6	11	39	610	342	5	199	100	7	23	6	2	0		
4	1	6	11	40	661	420	7	257	90	19	29	16	2	0		
4	1	6	11	41	1068	702	10	379	137	97	62	13	4	0		
4	1	6	11	42	590	396	2	218	103	37	24	12	0	0		
4	1	6	11	43	539	327	5	193	78	25	19	6	1	0		
4	1	6	11	44	506	327	12	190	77	30	14	3	1	0		
4	1	6	11	45	683	472	10	297	99	38	20	6	2	0		
4	1	6	11	46	992	654	10	367	191	48	27	10	1	0		
4	1	6	11	47	853	590	8	381	107	36	41	15	2	0		
4	1	6	11	48	493	316	6	165	60	28	44	12	1	0		
4	1	6	11	49	751	490	11	311	115	32	15	2	4	0		
4	1	6	11	50	977	662	9	424	163	32	21	7	6	0		
4	1	6	11	51	619	450	7	241	111	46	27	13	5	0		
4	1	6	11	52	672	483	8	206	106	99	41	18	5	0		
4	1	6	11	53	846	614	9	316	126	79	62	18	4	0		
4	1	6	11	54	612	452	11	263	94	52	18	9	5	0		
4	1	6	11	55	395	271	8	124	63	36	29	11	0	0		
4	1	6	11	56	1027	710	10	448	112	64	53	18	5	0		
4	1	6	11	57	1112	742	9	407	151	99	50	24	2	0		
4	1	6	11	58	624	405	7	250	99	28	11	9	1	0		
4	1	6	11	59	529	383	14	259	56	43	7	0	4	0		
4	1	6	11	60	844	537	9	345	116	39	12	11	5	0		
4	1	6	11	61	706	437	5	265	120	23	18	3	3	0		
4	1	6	11	62	810	528	6	354	112	24	15	13	4	0		
4	1	6	11	63	576	420	20	204	89	64	32	8	3	0		
4	1	6	11	64	894	603	0	273	108	160	46	16	0	0		
4	1	6	11	65	816	545	11	269	110	92	46	15	2	0		
4	1	6	11	66	808	404	4	199	95	69	28	4	5	0		
4	1	6	11	67	493	296	1	187	69	14	17	5	3	0		
4	1	6	11	68	984	644	9	372	173	52	22	14	2	0		
4	1	6	11	69	917	575	9	345	143	44	17	9	8	0		
4	1	6	11	70	991	621	27	337	134	61	40	17	5	0		
4	1	6	11	71	1009	675	13	296	169	102	62	28	5	0		
4	1	6	11	72	1022	636	11	346	114	68	64	30	3	0		
4	1	6	11	73	1144	628	10	372	129	38	58	19	2	0		
4	1	6	11	74	800	428	7	227	112	25	34	19	4	0		
4	1	6	11	75	1031	551	5	304	141	34	43	22	2	0		
4	1	6	11	76	758	458	3	234	111	46	41	17	6	0		
4	1	7	12	0	0	552	13	310	103	74	40	10	2	0		
4	1	7	12	1	778	481	1	220	131	72	47	10	0	0		
4	1	7	12	2	807	531	24	255	114	63	58	15	2	0		
4	1	7	12	3	641	346	2	181	87	27	40	6	3	0		
4	1	7	12	4	562	311	1	121	70	49	50	17	3	0		
4	1	7	12	5	514	330	4	149	73	38	47	15	4	0		
4	1	7	12	6	678	392	7	253	72	18	34	7	1	0		
4	1	7	12	7	897	515	9	251	129	61	48	15	2	0		
4	1	7	12	8	791	482	8	247	102	52	54	17	2	0		
4	1	7	12	9	711	502	18	168	108	112	79	12	5	0		
4	1	7	12	10	848	497	4	197	86	95	79	33	3	0		
4	1	7	12	11	590	426	5	213	78	38	66	22	4	0		
4	1	7	12	12	538	394	2	185	58	54	74	20	1	0		
4	1	7	12	13	506	271	7	168	59	8	20	7	2	0		
4	1	7	12	14	655	404	10	238	70	31	44	7	4	0		
4	1	7	12	15	718	420	8	220	102	33	47	9	1	0		
4	1	7	12	16	504	300	2	139	51	41	55	10	2	0		
4	1	7	12	17	492	265	7	107	43	65	34	5	4	0		
4	1	7	12	18	765	430	5	221	107	56	33	6	2	0		
4	1	7	12	19	936	590	8	297	146	65	53	14	7	0		
4	1	7	12	20	861	538	13	257	134	74	42	16	2	0		
4	1	7	12	21	829	495	6	294	112	26	40	15	2	0		
4	1	7	12	22	807	471	3	198	104	89	63	12	2	0		
4	1	7	12	23	744	518	7	300	82	60	49	17	3	0		
4	1	7	12	24	738	484	9	218	105	70	64	13	5	0		
4	1	7	12	25	708	438	7	199	103	70	43	15	1	0		
4	1	7	12	26	660	410	8	214	91	56	26	13	2	0		
4	1	7	12	27	739	480	8	293	94	50	24	8	3	0		
4	1	7	12	28	522	315	3	141	78	32	47	11	3	0		
4	1	7	12	29	772	513	4	190	101	111	86	18	3	0		
4	1	7	12	30	687	425	3	175	89	90	50	16	2	0		
4	1	7	12	31	666	477	3	219	109	98	37	10	1	0		
4	1	7	12	32	634	382	4	159	70	66	59	21	3	0		
4	1	7	12	33	834	821	17	369	163	155	88	25	4	0		
4	1	7	12	34	673	420	11	156	93	65	84	10	1	0		
4	1	7	12	35	728	452	1	165	85	98	83	19	1	0		
4	1	7	12	36	703	464	6	151	71	129	89	17	1	0		
4	1	7	12	37	590	416	2	142	86	91	77	17	1	0		
4	1	7	12	38	557	318	10	83	60	103	45	16	1	0		
4	1	7	12	39	785	490	5	177	90	86	112	18	2	0		
4	1	7	12	40	766	475	5	220	95	87	46	20	2	0		
4	1	7	12	41	784	482	10	260	120	38	36	14	4	0		
4	1	7	12	42	786	441	6	255	105	25	27	18	5	0		
4	1	7	12	43	718	452	27	241	116	43	16	6	3	0		
4	1	7	12	44	640	479	4	227	84	100	45	18	1	0		
4	1	7	12	45	532	330	3	179	78	31	30	6	3	0		
4	1	7	12	46	559	409	4	235	60	51	35	21	3	0		
4	1	7	12	47	716	476	5	197	103	97	55	19	0	0		
4	1	7	12	48	850	575	3	242	119	118	63	28	2	0		
4	1	7	12	49	918	639	8	218	129	168	87	24	5	0		
4	1	7	12	50	815	542	15	170	100	152	72	33	0	0		
4	1	7	12	51	857	606	11	234	107	120	104	24	6	0		
4	1	7	12	52	682	489	5	145	119	131	67	18	4	0		
4	1	7	12	53	622	403	12	162	80	83	47	18	1	0		
4	1	7	12	54	690	522	13	269	95	59	68	13	5	0		
4	1	7	12	55	678	511	6	291	85	39	68	17	5	0		
4	1	7	12	56	298	235	23	136	37	36	2	1	0	0		
4	1	7	12	57	643	470	11	220	84	72	69	13	1	0		
4	1	7	12	58	663	430	15	205	93	65	35	14	3	0		
4	1	7	12	59	595	405	2	186	84	68	49	16	0	0		
4	1	7	12	60	677	428	10	198	80	75	50	13	2	0		
4	1	7	12	61	809	579	3	291	102	89	69	22	3	0		
4	1	7	12	62	695	423	5	182	114	72	39	8	3	0		
4	1	7	12	63	446	300	3	176	77	9	25	8	2	0		
4	1	7	12	64	699	411	10	212	83	60	30	13	3	0		
4	1	7	12	65	808	447	8	256	93	41	34	10	5	0		
4	1	7	12	66	713	408	2	246	99	25	22	11	3	0		
4	1	7	12	67	698	444	27	270	91	28	24	2	2	0		
4	1	7	12	68	730	415	6	254	93	19	30	9	4	0		
4	1	7	12	69	684	385	3	252	88	14	17	9	2	0		
4	1	7	12	70	671	389	2	252	93	20	16	5	1	0		
4	1	7	12	71	621	343	15	216	79	8	22	2	1	0		
4	1	7	12	72	789	512	17	284	103	55	36	13	4	0		
4	1	7	12	73	755	500	6	284	128	45	24	11	2	0		
4	1	7	12	74	530	397	1	256	81	36	19	3	1	0		
4	1	7	12	75	510	318	2	198	65	26	20	5	2	0		
4	1	7	12	76	772	424	5	248	114	20	25	10	2	0		
4	1	7	12	77	820	476	8	273	114	22	40	12	7	0		
4	1	7	12	78	790	447	3	282	96	22	33	9	2	0		
4	1	7	12	79	616	379	2	230	97	18	24	3	5	0		
4	1	8	13	0	0	346	10	159	48	80	43	5	1	0		
4	1	8	13	1	612	421	6	122	85	140	46	20	2	0		
4	1	8	13	2	618	388	5	128	88	106	35	24	2	0		
4	1	8	13	3	617	434	1	102	75	169	64	21	2	0		
4	1	8	13	4	537	353	3	46	69	156	62	17	0	0		
4	1	8	13	5	631	446	24	108	61	146	83	23	1	0		
4	1	8	13	6	672	630	13	255	134	156	61	6	5	0		
4	1	8	13	7	639	424	8	159	70	105	63	18	1	0		
4	1	8	13	8	646	466	1	74	96	209	61	25	0	0		
4	1	8	13	9	615	437	7	90	70	166	71	33	0	0		
4	1	8	13	10	439	330	6	61	63	125	52	23	0	0		
4	1	8	13	11	476	321	1	104	47	117	33	15	4	0		
4	1	8	13	12	595	396	7	75	74	142	70	24	4	0		
4	1	8	13	13	551	402	3	109	67	147	62	11	3	0		
4	1	8	13	14	725	522	7	198	87	127	80	19	4	0		
4	1	8	13	15	583	425	4	155	95	86	54	27	4	0		
4	1	8	13	16	607	383	15	121	74	95	60	16	2	0		
4	1	8	13	17	555	380	6	80	68	131	66	25	4	0		
4	1	8	13	18	565	441	7	116	81	163	57	14	3	0		
4	1	8	13	19	694	474	8	153	81	144	72	15	1	0		
4	1	8	13	20	622	452	3	201	87	108	28	24	1	0		
4	1	8	13	21	556	397	2	133	69	123	51	17	2	0		
4	1	8	13	22	550	428	7	168	56	142	35	19	1	0		
4	1	8	13	23	494	348	0	69	69	138	43	28	1	0		
4	1	8	13	24	574	441	9	79	87	153	71	41	1	0		
4	1	8	13	25	641	486	1	98	87	189	79	31	1	0		
4	1	8	13	26	602	428	2	188	52	89	83	11	3	0		
4	1	8	13	27	512	338	9	89	46	134	49	10	1	0		
4	1	8	13	28	607	438	5	184	72	99	56	20	2	0		
4	1	8	13	29	516	353	9	85	59	135	48	16	1	0		
4	1	8	13	30	573	399	6	90	59	158	64	22	0	0		
4	1	8	13	31	669	480	6	131	100	160	56	25	2	0		
4	1	8	13	32	637	449	4	88	69	207	59	20	2	0		
4	1	8	13	33	612	404	7	112	81	143	42	17	2	0		
4	1	8	13	34	690	453	4	151	85	144	42	22	5	0		
4	1	8	13	35	526	378	2	141	80	94	44	13	4	0		
4	1	8	13	36	605	435	9	177	93	104	37	14	1	0		
4	1	8	13	37	474	295	2	117	75	57	31	13	0	0		
4	1	8	13	38	198	73	6	51	9	7	0	0	0	0		
4	1	8	13	39	543	406	14	53	84	151	56	40	8	0		
4	1	8	13	40	546	399	1	112	71	126	64	23	2	0		
4	1	8	13	41	569	380	9	172	59	84	41	12	3	0		
4	1	8	13	42	674	492	13	296	87	48	34	12	2	0		
4	1	8	13	43	598	421	7	255	72	36	35	13	3	0		
4	1	8	13	44	655	475	8	115	82	175	78	17	0	0		
4	1	8	13	45	746	501	6	172	104	125	75	17	2	0		
4	1	8	13	46	590	406	9	169	51	88	68	21	0	0		
4	1	8	13	47	572	426	2	193	56	91	67	14	3	0		
4	1	8	13	48	391	274	5	147	53	33	24	11	1	0		
4	1	8	13	49	696	511	8	288	94	74	36	11	0	0		
4	1	8	13	50	656	505	3	152	98	172	58	21	1	0		
4	1	8	13	51	724	546	19	124	102	183	72	43	3	0		
4	1	8	13	52	645	483	7	120	106	176	54	20	0	0		
4	1	8	13	53	700	537	8	159	111	180	56	22	1	0		
4	1	8	13	54	650	473	6	156	92	128	60	30	1	0		
4	1	8	13	55	360	260	8	137	43	58	10	2	2	0		
4	1	8	13	56	381	279	4	173	46	26	24	6	0	0		
4	1	8	13	57	590	451	14	194	85	108	35	14	1	0		
4	1	8	13	58	827	594	3	188	118	184	74	25	2	0		
4	1	8	13	59	763	561	8	158	118	168	77	29	3	0		
4	1	8	13	60	573	357	0	210	79	43	17	5	3	0		
4	1	8	13	61	646	439	6	155	96	97	58	24	3	0		
4	1	8	13	62	676	454	2	212	85	91	44	18	2	0		
4	1	8	13	63	732	506	3	175	99	121	77	27	4	0		
4	1	8	13	64	610	404	3	112	63	142	53	29	2	0		
4	1	8	13	65	609	419	7	190	86	71	46	17	2	0		
4	1	8	13	66	234	139	46	68	10	10	3	0	2	0		
4	1	8	13	67	222	171	29	101	17	18	4	1	1	0		
4	1	8	13	68	403	175	11	111	18	32	2	0	1	0		
4	1	8	13	69	227	110	10	69	9	17	2	1	2	0		
4	1	8	13	70	234	113	14	77	6	15	0	1	0	0		
4	1	8	13	71	294	126	11	78	9	22	5	1	0	0		
4	1	8	13	72	186	92	4	57	10	18	3	0	0	0		
4	1	8	13	73	203	86	31	43	1	9	0	0	2	0		
4	1	8	13	74	203	105	41	43	8	12	1	0	0	0		
4	1	8	13	75	0	0	0	0	0	0	0	0	0	0		
4	1	8	13	76	0	0	0	0	0	0	0	0	0	0		
4	1	8	13	77	0	6	0	3	2	0	1	0	0	0		
4	1	8	13	78	0	59	3	8	6	41	1	0	0	0		
4	1	8	13	79	0	0	0	0	0	0	0	0	0	0		
4	1	8	13	80	0	29	0	21	2	5	1	0	0	0		
4	1	8	13	81	0	15	0	6	5	4	0	0	0	0		
4	1	9	14	0	0	567	25	308	75	85	54	17	3	0		
4	1	9	14	1	662	636	12	241	129	161	75	14	4	0		
4	1	9	14	2	667	445	2	139	80	130	73	21	0	0		
4	1	9	14	3	682	435	3	149	65	111	86	20	1	0		
4	1	9	14	4	605	373	5	95	67	113	70	22	1	0		
4	1	9	14	5	692	461	8	129	98	130	79	14	3	0		
4	1	9	14	6	742	443	17	187	66	90	67	14	2	0		
4	1	9	14	7	682	437	3	173	63	113	66	18	1	0		
4	1	9	14	8	574	339	5	189	68	26	32	16	3	0		
4	1	9	14	9	633	458	2	150	84	115	76	30	1	0		
4	1	9	14	10	687	442	5	209	81	75	59	10	3	0		
4	1	9	14	11	665	405	11	147	81	76	73	14	3	0		
4	1	9	14	12	631	390	20	185	76	50	53	6	0	0		
4	1	9	14	13	481	291	5	156	78	24	19	9	0	0		
4	1	9	14	14	592	327	9	181	80	19	28	8	2	0		
4	1	9	14	15	604	339	3	205	91	15	17	7	1	0		
4	1	9	14	16	623	410	3	215	85	31	65	10	1	0		
4	1	9	14	17	522	344	5	120	71	48	87	13	0	0		
4	1	9	14	18	544	323	2	128	82	61	38	9	3	0		
4	1	9	14	19	518	345	5	148	62	55	56	18	1	0		
4	1	9	14	20	591	333	3	198	71	31	19	9	2	0		
4	1	9	14	21	562	362	2	159	86	68	35	10	2	0		
4	1	9	14	22	679	476	6	234	87	98	38	13	0	0		
4	1	9	14	23	621	316	7	148	80	34	39	7	1	0		
4	1	9	14	24	583	333	7	161	68	48	39	7	3	0		
4	1	9	14	25	637	330	7	177	90	16	34	5	1	0		
4	1	9	14	26	397	237	5	124	45	35	26	2	0	0		
4	1	9	14	27	580	306	4	117	77	43	51	12	2	0		
4	1	9	14	28	751	546	10	219	105	110	80	21	1	0		
4	1	9	14	29	598	374	4	163	71	74	50	7	5	0		
4	1	9	14	30	665	441	6	157	92	88	77	19	2	0		
4	1	9	14	31	514	365	12	168	61	58	51	15	0	0		
4	1	9	14	32	792	586	5	259	107	129	61	21	4	0		
4	1	9	14	33	578	364	5	127	98	85	36	13	0	0		
4	1	9	14	34	562	328	7	200	67	19	28	4	3	0		
4	1	9	14	35	539	340	4	181	62	39	39	10	5	0		
4	1	9	14	36	586	373	6	183	77	60	38	8	1	0		
4	1	9	14	37	254	192	3	126	27	30	3	2	1	0		
4	1	9	14	38	617	354	4	163	79	35	56	15	2	0		
4	1	9	14	39	1451	939	21	478	140	130	130	39	1	0		
4	1	9	14	40	654	378	3	202	72	49	38	13	1	0		
4	1	9	14	41	519	328	5	190	94	19	8	10	2	0		
4	1	9	14	42	743	519	8	256	99	78	51	24	3	0		
4	1	9	14	43	668	397	3	211	111	34	28	8	2	0		
4	1	9	14	44	635	471	3	209	95	101	44	16	3	0		
4	1	9	14	45	617	479	4	269	84	60	45	11	6	0		
4	1	9	14	46	595	436	6	231	60	73	36	26	4	0		
4	1	9	14	47	587	404	4	197	92	58	47	6	0	0		
4	1	9	14	48	558	400	22	181	75	83	27	11	1	0		
4	1	9	14	49	619	352	3	208	87	27	21	5	1	0		
4	1	9	14	50	664	429	7	198	77	77	52	17	1	0		
4	1	9	14	51	576	374	3	153	66	80	52	20	0	0		
4	1	9	14	52	659	426	23	241	85	29	28	18	2	0		
4	1	9	14	53	653	441	15	226	104	51	38	6	1	0		
4	1	9	14	54	725	459	10	183	110	84	51	18	3	0		
4	1	9	14	55	302	228	19	135	29	35	6	1	3	0		
4	1	9	14	56	781	536	6	257	76	70	103	23	1	0		
4	1	9	14	57	99	54	4	39	2	5	3	1	0	0		
4	1	9	14	58	663	383	4	162	102	65	40	9	1	0		
4	1	9	14	59	751	500	6	207	89	91	78	27	2	0		
4	1	9	14	60	733	569	12	220	88	129	87	31	2	0		
4	1	9	14	61	625	416	5	167	76	93	57	14	4	0		
4	1	9	14	62	642	445	9	185	89	107	38	12	5	0		
4	1	9	14	63	650	423	6	226	82	53	45	11	0	0		
4	1	9	14	64	616	369	8	223	91	15	25	6	1	0		
4	1	9	14	65	614	417	7	211	87	45	42	21	4	0		
4	1	9	14	66	823	536	12	232	107	109	55	17	4	0		
4	1	9	14	67	593	427	2	127	109	94	62	33	0	0		
4	1	9	14	68	747	531	3	214	80	118	92	22	2	0		
4	1	9	14	69	104	48	1	28	4	5	8	1	1	0		
4	1	9	14	70	678	416	5	194	91	74	42	9	1	0		
4	1	9	14	71	667	472	3	150	127	113	65	10	4	0		
4	1	9	14	72	723	481	6	195	76	102	69	29	4	0		
4	1	9	14	73	614	407	5	94	84	130	70	19	5	0		
4	1	9	14	74	688	482	10	147	118	92	87	26	2	0		
4	1	9	14	75	427	315	4	95	64	83	51	18	0	0		
4	1	9	14	76	721	535	21	222	122	88	50	28	4	0		
4	1	9	14	77	702	538	25	193	106	105	90	19	0	0		
4	1	9	14	78	823	626	6	203	140	153	91	28	5	0		
4	1	9	14	79	745	524	5	199	94	114	94	15	3	0		
4	1	9	14	80	692	513	14	171	117	118	77	15	1	0		
4	1	9	14	81	540	395	2	156	79	100	38	18	2	0		
4	1	9	14	82	585	419	5	150	96	97	46	24	1	0		
4	1	9	14	83	769	575	9	175	115	169	73	31	3	0		
4	1	9	14	84	793	570	10	192	69	169	105	24	1	0		
4	1	9	14	85	575	403	7	125	91	102	64	13	1	0		
4	1	9	14	86	673	484	8	201	87	113	58	17	0	0		
4	1	9	14	87	626	449	5	145	93	110	68	24	4	0		
4	1	9	14	88	601	426	5	150	74	95	76	24	2	0		
4	1	9	14	89	620	431	6	164	76	89	71	22	3	0		
4	1	9	14	90	556	390	3	232	60	41	39	14	1	0		
4	1	9	14	91	518	349	2	233	60	28	21	4	1	0		
4	1	9	14	92	461	264	7	167	56	13	17	3	1	0		
4	1	9	14	93	231	171	1	45	32	48	36	9	0	0		
4	1	9	14	94	161	53	1	34	8	8	0	0	2	0		
4	1	9	14	95	115	51	7	31	4	6	3	0	0	0		
4	1	9	14	96	147	82	16	45	7	11	2	0	1	0		
4	1	9	14	97	130	74	8	43	6	14	2	0	1	0		
4	1	9	14	98	178	74	1	61	4	8	0	0	0	0		
4	1	9	14	99	113	63	1	46	7	8	1	0	0	0		
4	1	9	14	100	223	142	12	89	17	20	2	0	2	0		
4	1	9	14	101	0	74	2	48	13	4	4	2	1	0		
4	1	9	14	102	0	12	1	3	3	4	1	0	0	0		
4	1	9	14	103	0	3	1	2	0	0	0	0	0	0		
4	1	10	15	0	0	387	7	213	71	45	43	7	1	0		
4	1	10	15	1	431	300	5	196	55	19	18	6	1	0		
4	1	10	15	2	456	282	8	175	64	12	16	6	1	0		
4	1	10	15	3	566	374	9	247	60	37	9	7	5	0		
4	1	10	15	4	681	483	9	264	96	59	43	11	1	0		
4	1	10	15	5	556	327	11	130	74	60	43	7	2	0		
4	1	10	15	6	730	401	8	207	92	47	37	10	0	0		
4	1	10	15	7	463	320	5	200	55	27	29	1	3	0		
4	1	10	15	8	555	336	2	178	71	30	39	13	3	0		
4	1	10	15	9	579	339	4	211	67	19	27	8	3	0		
4	1	10	15	10	410	275	3	127	80	34	26	5	0	0		
4	1	10	15	11	343	222	1	133	42	19	20	3	4	0		
4	1	10	15	12	309	198	5	76	37	36	36	8	0	0		
4	1	10	15	13	486	283	10	157	50	22	34	5	5	0		
4	1	10	15	14	638	430	4	165	101	87	55	14	4	0		
4	1	10	15	15	804	430	11	235	107	31	37	7	2	0		
4	1	10	15	16	844	510	5	273	125	42	57	6	2	0		
4	1	10	15	17	857	539	13	214	86	71	119	30	6	0		
4	1	10	15	18	529	299	15	134	62	41	38	5	4	0		
4	1	10	15	19	410	258	8	107	56	40	34	12	1	0		
4	1	10	15	20	565	333	2	164	84	30	40	11	2	0		
4	1	10	15	21	470	322	2	107	67	56	74	16	0	0		
4	1	10	15	22	358	203	3	100	48	14	29	5	4	0		
4	1	10	15	23	396	216	16	105	42	23	26	2	2	0		
4	1	10	15	24	569	332	3	127	72	47	70	8	5	0		
4	1	10	15	25	437	250	4	83	63	32	50	13	5	0		
4	1	10	15	26	694	440	3	195	92	48	79	19	4	0		
4	1	10	15	27	638	369	4	140	77	56	75	12	5	0		
4	1	10	15	28	604	403	4	164	78	66	71	19	1	0		
4	1	10	15	29	543	305	6	148	64	24	54	7	2	0		
4	1	10	15	30	375	224	2	84	49	48	32	9	0	0		
4	1	10	15	31	422	255	4	95	33	54	58	8	3	0		
4	1	10	15	32	338	319	8	143	58	44	52	11	3	0		
4	1	10	15	33	363	203	10	52	38	54	41	4	4	0		
4	1	10	15	34	404	221	0	128	47	20	22	2	2	0		
4	1	10	15	35	648	409	14	164	71	75	69	15	1	0		
4	1	10	15	36	424	227	10	103	39	29	35	7	4	0		
4	1	10	15	37	609	314	2	113	65	59	63	11	1	0		
4	1	10	15	38	730	404	9	183	94	58	43	14	3	0		
4	1	10	15	39	706	449	5	219	95	63	56	9	2	0		
4	1	10	15	40	676	439	2	216	118	41	48	8	6	0		
4	1	10	15	41	522	294	12	155	56	25	31	12	3	0		
4	1	10	15	42	398	249	4	125	50	24	38	6	2	0		
4	1	10	15	43	544	323	14	134	77	45	39	13	1	0		
4	1	10	15	44	516	300	14	103	83	39	52	8	1	0		
4	1	10	15	45	374	245	4	90	61	38	39	10	3	0		
4	1	10	15	46	526	341	2	171	90	41	34	2	1	0		
4	1	10	15	47	442	316	3	187	63	44	17	1	1	0		
4	1	10	15	48	622	418	3	206	93	59	45	9	3	0		
4	1	10	15	49	747	482	16	206	129	78	43	9	1	0		
4	1	10	15	50	503	324	5	160	80	44	27	8	0	0		
4	1	10	15	51	571	384	12	165	72	77	40	14	4	0		
4	1	10	15	52	805	437	3	209	93	41	73	17	1	0		
4	1	10	15	53	419	244	2	121	47	32	33	9	0	0		
4	1	10	15	54	448	263	1	100	47	37	67	8	3	0		
4	1	10	15	55	360	193	0	78	54	22	36	2	1	0		
4	1	10	15	56	457	274	1	134	47	37	46	8	1	0		
4	1	10	15	57	349	194	3	91	39	22	30	8	1	0		
4	1	10	15	58	768	536	28	254	116	57	62	17	2	0		
4	1	10	15	59	370	228	2	101	58	22	38	5	2	0		
4	1	10	15	60	464	296	3	138	44	44	53	13	1	0		
4	1	10	15	61	434	256	3	107	58	49	25	11	3	0		
4	1	10	15	62	487	297	19	163	60	22	26	4	3	0		
4	1	10	15	63	507	268	2	108	57	36	58	7	0	0		
4	1	10	15	64	464	296	24	174	44	14	25	14	1	0		
4	1	10	15	65	428	228	4	98	61	20	33	11	1	0		
4	1	10	15	66	539	357	4	180	79	36	42	15	1	0		
4	1	10	15	67	414	276	4	144	51	37	33	7	0	0		
4	1	10	15	68	580	355	1	171	71	57	36	19	0	0		
4	1	10	15	69	439	243	4	121	59	31	17	9	2	0		
4	1	10	15	70	461	256	3	142	47	18	37	7	2	0		
4	1	10	15	71	701	423	18	200	73	52	66	13	1	0		
4	1	10	15	72	401	242	3	91	48	53	35	8	4	0		
4	1	10	15	73	362	195	2	81	45	28	32	5	2	0		
4	1	10	15	74	492	312	3	126	67	46	53	13	4	0		
4	1	10	15	75	547	374	7	216	71	30	36	13	1	0		
4	1	10	15	76	0	23	1	12	6	2	2	0	0	0		
4	1	10	15	77	0	15	0	8	3	0	3	1	0	0		
4	1	10	15	78	0	19	0	10	2	1	4	0	2	0		
4	1	11	16	0	0	594	10	308	80	96	82	14	4	0		
4	1	11	16	1	425	250	2	108	59	31	40	7	3	0		
4	1	11	16	2	386	244	2	134	47	29	23	8	1	0		
4	1	11	16	3	335	187	2	86	34	21	39	3	2	0		
4	1	11	16	4	428	287	4	130	62	32	50	8	1	0		
4	1	11	16	5	563	360	0	136	85	68	58	12	1	0		
4	1	11	16	6	444	272	4	97	70	46	47	7	1	0		
4	1	11	16	7	418	258	0	118	55	33	36	12	4	0		
4	1	11	16	8	461	255	7	116	50	19	58	3	2	0		
4	1	11	16	9	450	272	1	105	58	43	55	8	2	0		
4	1	11	16	10	398	278	7	120	56	35	50	8	2	0		
4	1	11	16	11	417	266	2	128	46	37	43	6	4	0		
4	1	11	16	12	367	226	2	96	51	33	39	5	0	0		
4	1	11	16	13	384	252	1	134	65	18	25	7	2	0		
4	1	11	16	14	429	264	11	96	71	35	45	4	2	0		
4	1	11	16	15	442	261	2	130	45	35	42	5	2	0		
4	1	11	16	16	345	193	3	76	51	30	28	5	0	0		
4	1	11	16	17	366	245	3	103	46	33	45	12	3	0		
4	1	11	16	18	439	276	12	120	57	34	45	5	3	0		
4	1	11	16	19	457	290	6	125	49	45	57	7	1	0		
4	1	11	16	20	445	251	10	111	58	31	37	4	0	0		
4	1	11	16	21	453	301	15	110	66	48	53	9	0	0		
4	1	11	16	22	429	233	6	86	52	23	52	9	5	0		
4	1	11	16	23	374	220	3	110	46	25	31	4	1	0		
4	1	11	16	24	341	162	4	81	32	15	25	5	0	0		
4	1	11	16	25	402	231	9	122	44	20	25	8	3	0		
4	1	11	16	26	500	523	7	322	76	55	44	18	1	0		
4	1	11	16	27	461	318	4	136	74	32	55	13	4	0		
4	1	11	16	28	562	319	3	146	71	32	54	10	3	0		
4	1	11	16	29	531	343	14	146	82	45	45	9	2	0		
4	1	11	16	30	462	308	4	112	61	53	61	9	8	0		
4	1	11	16	31	618	416	5	240	73	45	35	14	4	0		
4	1	11	16	32	437	279	8	139	50	38	35	9	0	0		
4	1	11	16	33	412	223	2	123	52	21	17	7	1	0		
4	1	11	16	34	336	229	13	85	61	43	20	4	3	0		
4	1	11	16	35	279	166	0	76	43	17	22	4	4	0		
4	1	11	16	36	359	219	3	147	34	11	19	3	2	0		
4	1	11	16	37	354	181	9	90	39	14	26	3	0	0		
4	1	11	16	38	335	203	0	72	42	50	36	2	1	0		
4	1	11	16	39	482	312	3	168	90	25	23	1	2	0		
4	1	11	16	40	377	281	6	189	60	21	3	1	1	0		
4	1	11	16	41	316	208	4	116	62	21	3	1	1	0		
4	1	11	16	42	357	224	1	114	55	18	28	7	1	0		
4	1	11	16	43	435	288	3	139	67	32	35	8	4	0		
4	1	11	16	44	518	333	8	145	78	48	41	11	2	0		
4	1	11	16	45	442	263	9	120	41	36	38	13	6	0		
4	1	11	16	46	437	297	3	142	67	36	34	14	1	0		
4	1	11	16	47	293	177	4	84	44	17	20	4	4	0		
4	1	11	16	48	351	238	6	117	62	23	22	7	1	0		
4	1	11	16	49	564	293	1	178	65	16	23	4	6	0		
4	1	11	16	50	474	293	4	162	68	43	12	3	1	0		
4	1	11	16	51	487	297	28	173	67	10	15	3	1	0		
4	1	11	16	52	629	390	10	238	81	29	20	9	3	0		
4	1	11	16	53	513	334	3	128	133	48	17	4	1	0		
4	1	11	16	54	400	263	4	162	50	18	23	4	2	0		
4	1	11	16	55	558	324	7	154	77	43	32	10	1	0		
4	1	11	16	56	611	415	4	228	81	46	38	14	4	0		
4	1	11	16	57	457	278	1	137	37	43	52	8	0	0		
4	1	11	16	58	606	386	6	193	79	47	39	21	1	0		
4	1	11	16	59	445	265	8	126	63	29	30	7	2	0		
4	1	11	16	60	472	296	7	132	73	39	30	14	1	0		
4	1	11	16	61	439	290	2	147	56	35	37	10	3	0		
4	1	11	16	62	388	224	1	121	37	19	37	7	2	0		
4	1	11	16	63	429	295	16	108	50	61	36	21	3	0		
4	1	11	16	64	357	220	26	86	47	25	31	4	1	0		
4	1	11	16	65	605	407	10	181	80	70	53	10	3	0		
4	1	11	16	66	496	325	7	141	64	45	56	10	2	0		
4	1	11	16	67	490	336	5	151	76	53	38	11	2	0		
4	1	11	16	68	485	330	4	191	70	24	27	9	5	0		
4	1	11	16	69	327	203	4	141	42	5	6	5	0	0		
4	1	11	16	70	415	242	2	149	65	14	7	3	2	0		
4	1	11	16	71	716	490	14	269	95	40	57	14	1	0		
4	1	11	16	72	555	385	1	183	91	45	51	13	1	0		
4	1	11	16	73	519	308	15	200	60	18	13	1	1	0		
4	1	11	16	74	568	410	8	261	50	43	39	7	2	0		
4	1	11	16	75	410	250	9	128	56	40	13	3	1	0		
4	1	11	16	76	445	297	10	121	87	34	32	10	3	0		
4	1	11	16	77	512	319	18	169	60	37	24	9	2	0		
4	1	11	16	78	426	274	4	140	70	37	17	5	1	0		
4	1	11	16	79	339	223	2	127	37	26	26	4	1	0		
4	1	11	16	80	430	293	3	135	54	50	44	4	3	0		
4	1	11	16	81	454	289	3	149	64	32	30	7	4	0		
4	1	11	16	82	429	273	4	126	82	38	13	5	5	0		
4	1	11	16	83	392	237	3	110	46	22	47	8	1	0		
4	1	11	16	84	424	294	1	147	41	39	50	11	5	0		
4	1	11	16	85	550	385	0	209	82	61	23	9	1	0		
4	1	11	16	86	435	285	12	150	49	30	33	9	2	0		
4	1	11	16	87	612	376	4	207	89	31	35	10	0	0		
4	1	11	16	88	407	249	12	122	46	35	23	10	1	0		
4	1	11	16	89	456	335	7	109	92	74	42	6	5	0		
4	1	11	16	90	540	302	5	165	53	37	29	12	1	0		
4	1	11	16	91	500	307	2	134	54	46	58	12	1	0		
4	1	11	16	92	508	342	8	168	70	50	35	8	3	0		
4	1	11	16	93	405	254	1	123	39	46	32	11	2	0		
4	1	11	16	94	426	263	5	131	53	33	28	12	1	0		
4	1	11	16	95	407	222	0	137	45	20	16	3	1	0		
4	1	11	16	96	359	231	5	108	43	30	34	10	1	0		
4	1	11	16	97	526	356	2	186	78	48	32	10	0	0		
4	1	11	16	98	608	391	2	246	69	31	38	5	0	0		
4	1	11	16	99	549	352	5	221	83	11	26	5	1	0		
4	1	11	16	100	525	351	4	204	78	20	33	8	4	0		
4	1	11	16	101	699	485	9	259	91	40	57	18	11	0		
4	1	11	16	102	462	349	2	245	60	23	13	5	1	0		
4	1	11	16	103	636	462	4	142	95	127	73	18	3	0		
4	1	11	16	104	676	509	5	226	88	102	61	26	1	0		
4	1	11	16	105	540	391	6	146	72	113	39	13	2	0		
4	1	11	16	106	586	441	3	278	95	42	16	3	4	0		
4	1	11	16	107	350	213	2	111	27	23	41	9	0	0		
4	1	11	16	108	622	457	7	216	103	75	41	12	3	0		
4	1	11	16	109	585	426	10	201	78	81	41	14	1	0		
4	1	11	16	110	575	400	2	255	71	32	33	5	2	0		
4	1	11	16	111	445	303	0	216	53	17	13	4	0	0		
4	1	11	16	112	632	464	6	146	97	142	43	26	4	0		
4	1	11	16	113	796	623	12	175	105	189	100	39	3	0		
4	1	11	16	114	655	478	26	172	73	109	71	25	2	0		
4	1	11	16	115	788	579	6	255	90	113	89	24	2	0		
4	1	11	16	116	502	359	2	188	66	51	42	8	2	0		
4	1	11	16	117	562	370	10	187	59	28	69	16	1	0		
4	1	11	16	118	351	240	1	87	36	23	75	12	6	0		
4	1	11	16	119	0	22	1	15	3	2	1	0	0	0		
4	1	11	16	120	0	0	0	0	0	0	0	0	0	0		
4	1	11	16	121	0	0	0	0	0	0	0	0	0	0		
4	1	11	16	122	0	19	1	16	1	1	0	0	0	0		
4	1	11	16	123	0	0	0	0	0	0	0	0	0	0		
4	1	12	17	0	0	407	5	209	73	64	41	13	2	0		
4	1	12	17	1	687	412	1	202	101	43	51	10	4	0		
4	1	12	17	2	790	470	4	171	97	83	86	25	4	0		
4	1	12	17	3	514	326	9	120	73	61	48	13	2	0		
4	1	12	17	4	675	395	11	148	94	48	76	14	4	0		
4	1	12	17	5	543	347	6	130	73	61	63	12	2	0		
4	1	12	17	6	716	466	5	164	82	102	84	27	2	0		
4	1	12	17	7	697	416	5	144	78	73	101	12	3	0		
4	1	12	17	8	914	609	7	250	146	104	82	18	2	0		
4	1	12	17	9	869	586	5	275	106	102	67	30	1	0		
4	1	12	17	10	711	489	2	174	111	108	74	16	4	0		
4	1	12	17	11	684	486	1	241	93	67	65	13	6	0		
4	1	12	17	12	716	432	0	243	94	31	47	14	3	0		
4	1	12	17	13	660	437	1	234	75	58	49	18	2	0		
4	1	12	17	14	787	499	10	180	99	88	104	15	3	0		
4	1	12	17	15	617	424	6	168	85	92	62	10	1	0		
4	1	12	17	16	573	370	6	106	93	88	64	12	1	0		
4	1	12	17	17	797	526	3	224	114	87	77	20	1	0		
4	1	12	17	18	601	368	5	132	88	65	60	11	7	0		
4	1	12	17	19	551	310	9	155	71	32	32	8	3	0		
4	1	12	17	20	697	413	6	177	79	55	64	29	3	0		
4	1	12	17	21	823	545	2	206	130	87	94	22	4	0		
4	1	12	17	22	799	488	27	176	114	81	75	11	4	0		
4	1	12	17	23	790	494	9	223	90	75	75	21	1	0		
4	1	12	17	24	529	353	4	177	71	49	39	12	1	0		
4	1	12	17	25	671	401	3	212	80	52	41	8	5	0		
4	1	12	17	26	473	328	4	114	93	50	47	17	3	0		
4	1	12	17	27	530	348	4	177	57	53	40	15	2	0		
4	1	12	17	28	750	451	10	164	119	75	62	20	1	0		
4	1	12	17	29	955	656	6	233	134	170	89	20	4	0		
4	1	12	17	30	700	423	5	183	95	71	46	17	6	0		
4	1	12	17	31	474	342	4	228	66	17	22	4	1	0		
4	1	12	17	32	831	498	19	250	104	60	48	15	2	0		
4	1	12	17	33	811	551	4	177	154	104	93	18	1	0		
4	1	12	17	34	484	306	7	183	60	28	20	6	2	0		
4	1	12	17	35	824	595	5	226	94	195	48	26	1	0		
4	1	12	17	36	862	569	3	259	115	103	61	26	2	0		
4	1	12	17	37	985	675	9	244	134	165	81	36	6	0		
4	1	12	17	38	936	645	9	214	128	166	103	21	4	0		
4	1	12	17	39	685	511	2	152	104	154	71	27	1	0		
4	1	12	17	40	597	453	5	165	93	101	59	27	3	0		
4	1	12	17	41	649	469	0	88	98	197	62	23	1	0		
4	1	12	17	42	829	588	7	183	112	178	76	30	2	0		
4	1	12	17	43	855	617	18	189	132	171	81	24	2	0		
4	1	12	17	44	651	450	13	131	78	134	66	24	4	0		
4	1	12	17	45	0	0	0	0	0	0	0	0	0	0		
4	1	12	17	46	0	0	0	0	0	0	0	0	0	0		
4	1	13	18	0	0	380	17	134	65	100	49	12	3	0		
4	1	13	18	1	540	321	2	129	73	53	52	12	0	0		
4	1	13	18	2	612	383	2	146	69	68	81	15	2	0		
4	1	13	18	3	704	441	3	174	79	73	97	13	2	0		
4	1	13	18	4	685	424	2	136	98	86	83	17	2	0		
4	1	13	18	5	555	331	3	133	60	48	77	9	1	0		
4	1	13	18	6	686	437	5	175	72	80	81	20	4	0		
4	1	13	18	7	531	348	4	128	64	55	74	22	1	0		
4	1	13	18	8	638	267	1	96	41	63	55	10	1	0		
4	1	13	18	9	493	291	13	137	42	42	45	9	3	0		
4	1	13	18	10	509	316	5	99	66	62	70	11	3	0		
4	1	13	18	11	534	360	0	125	61	65	89	16	4	0		
4	1	13	18	12	502	334	5	86	61	88	74	17	3	0		
4	1	13	18	13	553	326	14	103	51	85	58	12	3	0		
4	1	13	18	14	677	576	13	196	107	159	83	17	1	0		
4	1	13	18	15	607	336	2	115	59	61	77	17	5	0		
4	1	13	18	16	757	484	17	149	64	85	127	40	2	0		
4	1	13	18	17	665	471	3	151	62	145	85	23	2	0		
4	1	13	18	18	737	469	5	283	89	27	50	13	2	0		
4	1	13	18	19	557	385	2	102	76	100	78	23	4	0		
4	1	13	18	20	552	382	17	107	81	97	61	17	2	0		
4	1	13	18	21	510	328	5	55	40	158	51	18	1	0		
4	1	13	18	22	570	360	3	124	76	77	58	21	1	0		
4	1	13	18	23	823	503	4	182	91	99	107	16	4	0		
4	1	13	18	24	645	441	8	116	70	137	92	15	3	0		
4	1	13	18	25	639	457	5	91	80	186	73	21	1	0		
4	1	13	18	26	660	436	2	132	73	130	77	21	1	0		
4	1	13	18	27	817	449	11	109	82	124	93	27	3	0		
4	1	13	18	28	727	530	2	116	75	219	84	30	4	0		
4	1	13	18	29	675	478	6	94	85	186	84	23	0	0		
4	1	13	18	30	718	466	5	185	100	77	79	16	4	0		
4	1	13	18	31	686	465	0	86	84	182	91	17	5	0		
4	1	13	18	32	708	485	6	258	94	70	46	9	2	0		
4	1	13	18	33	520	339	3	73	54	105	77	25	2	0		
4	1	13	18	34	475	330	3	58	72	118	56	22	1	0		
4	1	13	18	35	861	563	7	228	123	112	66	26	1	0		
4	1	13	18	36	655	436	13	97	76	147	79	23	1	0		
4	1	13	18	37	638	457	8	113	63	149	97	25	2	0		
4	1	13	18	38	617	403	10	161	91	74	51	16	0	0		
4	1	13	18	39	568	455	13	111	86	122	96	25	2	0		
4	1	13	18	40	566	347	2	108	54	97	63	17	6	0		
4	1	13	18	41	332	268	9	124	46	79	8	2	0	0		
4	1	13	18	42	691	523	4	207	85	141	59	26	1	0		
4	1	13	18	43	717	529	4	94	76	208	116	26	5	0		
4	1	13	18	44	593	390	2	152	96	85	47	8	0	0		
4	1	13	18	45	754	510	5	122	73	173	99	4	34	0		
4	1	13	18	46	543	386	0	79	74	147	62	23	1	0		
4	1	13	18	47	391	294	3	58	62	106	51	13	1	0		
4	1	13	18	48	723	509	4	130	62	206	74	32	1	0		
4	1	13	18	49	522	379	7	71	42	169	71	19	0	0		
4	1	13	18	50	568	424	2	93	67	180	64	17	1	0		
4	1	13	18	51	505	353	12	60	69	154	36	22	0	0		
4	1	13	18	52	488	314	4	71	53	127	41	15	3	0		
4	1	13	18	53	0	158	16	6	7	125	4	0	0	0		
4	1	13	18	54	0	0	0	0	0	0	0	0	0	0		
4	1	13	18	55	0	0	0	0	0	0	0	0	0	0		
4	1	13	18	56	0	18	1	13	0	3	1	0	0	0		
4	1	13	18	57	0	28	0	16	3	9	0	0	0	0		
4	1	14	19	0	0	480	10	242	63	99	38	23	5	0		
4	1	14	19	1	667	426	5	227	87	59	37	7	4	0		
4	1	14	19	2	528	307	13	95	75	65	45	13	1	0		
4	1	14	19	3	554	337	7	138	64	63	48	12	5	0		
4	1	14	19	4	360	251	2	132	46	42	25	3	1	0		
4	1	14	19	5	700	441	6	189	82	82	52	27	3	0		
4	1	14	19	6	664	420	3	202	68	72	59	13	3	0		
4	1	14	19	7	504	312	6	147	76	47	23	10	3	0		
4	1	14	19	8	588	394	8	138	79	72	72	25	0	0		
4	1	14	19	9	675	480	1	83	73	198	91	34	0	0		
4	1	14	19	10	578	377	3	93	56	142	63	18	2	0		
4	1	14	19	11	502	339	3	104	62	103	48	16	3	0		
4	1	14	19	12	623	417	3	73	64	162	83	30	2	0		
4	1	14	19	13	196	181	5	35	30	105	5	1	0	0		
4	1	14	19	14	698	462	7	132	74	139	84	23	3	0		
4	1	14	19	15	608	456	9	149	86	143	55	13	1	0		
4	1	14	19	16	316	420	11	145	65	151	34	13	1	0		
4	1	14	19	17	570	398	2	93	55	154	76	17	1	0		
4	1	14	19	18	661	433	5	163	86	113	49	16	1	0		
4	1	14	19	19	712	504	8	89	80	221	85	19	2	0		
4	1	14	19	20	562	391	7	90	52	158	64	16	4	0		
4	1	14	19	21	540	411	9	151	69	136	26	17	3	0		
4	1	14	19	22	709	479	6	125	83	155	87	23	0	0		
4	1	14	19	23	442	320	3	58	58	134	41	26	0	0		
4	1	14	19	24	551	403	11	114	69	132	66	8	3	0		
4	1	14	19	25	538	365	16	159	86	74	26	4	0	0		
4	1	14	19	26	657	427	3	152	78	116	53	23	2	0		
4	1	14	19	27	341	213	4	100	58	25	17	9	0	0		
4	1	14	19	28	720	499	17	155	101	134	67	24	1	0		
4	1	14	19	29	438	254	4	154	59	13	15	7	2	0		
4	1	14	19	30	409	255	2	160	51	14	19	8	1	0		
4	1	14	19	31	501	349	3	209	68	35	26	6	2	0		
4	1	14	19	32	502	350	2	218	72	32	14	3	9	0		
4	1	14	19	33	746	507	7	325	98	44	22	8	3	0		
4	1	14	19	34	623	470	4	230	90	79	48	18	1	0		
4	1	14	19	35	485	319	3	188	61	33	26	5	3	0		
4	1	14	19	36	434	317	3	158	52	58	34	10	2	0		
4	1	14	19	37	540	348	4	162	72	67	35	7	1	0		
4	1	14	19	38	618	396	5	203	73	66	36	12	1	0		
4	1	14	19	39	513	322	2	149	63	64	33	11	0	0		
4	1	14	19	40	744	506	4	171	93	129	81	25	3	0		
4	1	14	19	41	296	218	0	104	47	42	22	0	3	0		
4	1	14	19	42	662	462	5	139	95	143	51	28	1	0		
4	1	14	19	43	644	483	1	90	95	213	55	28	1	0		
4	1	14	19	44	452	335	6	84	50	121	54	20	0	0		
4	1	14	19	45	689	449	4	150	67	128	77	19	4	0		
4	1	14	19	46	466	338	2	72	50	157	32	24	1	0		
4	1	14	19	47	732	525	4	176	94	157	71	21	2	0		
4	1	14	19	48	679	425	13	220	83	58	37	12	2	0		
4	1	14	19	49	597	369	8	158	74	84	27	15	3	0		
4	1	14	19	50	773	551	6	163	97	212	47	25	1	0		
4	1	14	19	51	523	411	13	80	77	166	58	17	0	0		
4	1	14	19	52	556	391	4	66	78	174	56	12	1	0		
4	1	14	19	53	796	549	5	167	92	198	62	24	1	0		
4	1	14	19	54	725	503	5	94	95	210	69	26	4	0		
4	1	14	19	55	713	524	6	247	97	93	59	22	0	0		
4	1	14	19	56	582	389	3	92	64	153	55	22	0	0		
4	1	14	19	57	651	456	6	135	97	124	69	22	3	0		
4	1	14	19	58	674	473	9	153	72	159	60	18	2	0		
4	1	14	19	59	639	431	3	197	107	68	36	17	3	0		
4	1	14	19	60	577	388	3	116	72	135	50	11	1	0		
4	1	14	19	61	566	365	4	169	80	55	39	18	0	0		
4	1	14	19	62	703	466	35	188	98	90	49	6	0	0		
4	1	14	19	63	601	382	3	146	93	71	56	11	2	0		
4	1	14	19	64	553	363	5	111	69	109	48	17	4	0		
4	1	14	19	65	681	475	4	214	73	101	60	22	1	0		
4	1	14	19	66	629	435	8	188	44	119	49	27	0	0		
4	1	14	19	67	433	345	6	161	75	89	8	6	0	0		
4	1	14	19	68	684	477	3	262	95	64	40	9	4	0		
4	1	14	19	69	763	541	2	240	106	112	54	24	3	0		
4	1	14	19	70	582	427	2	236	85	61	29	10	4	0		
4	1	14	19	71	503	370	7	167	82	70	28	15	1	0		
4	1	14	19	72	634	477	1	206	70	109	67	23	1	0		
4	1	14	19	73	410	333	1	118	33	100	59	19	3	0		
4	1	14	19	74	829	579	7	328	82	62	80	17	3	0		
4	1	14	19	75	862	621	3	190	93	240	64	28	3	0		
4	1	14	19	76	601	434	3	72	94	171	63	31	0	0		
4	1	14	19	77	574	411	2	78	82	172	47	28	2	0		
4	1	14	19	78	673	478	3	181	90	136	49	19	0	0		
4	1	14	19	79	581	408	7	85	91	139	64	20	2	0		
4	1	14	19	80	576	430	3	145	79	122	48	31	2	0		
4	1	14	19	81	614	459	7	138	72	156	66	20	0	0		
4	1	14	19	82	656	468	12	111	103	162	55	24	1	0		
4	1	14	19	83	512	366	4	81	62	150	46	23	0	0		
4	1	14	19	84	139	88	0	24	18	17	16	12	1	0		
4	1	14	19	85	0	0	0	0	0	0	0	0	0	0		
4	1	14	19	86	0	0	0	0	0	0	0	0	0	0		
4	1	14	19	87	0	0	0	0	0	0	0	0	0	0		
4	1	15	20	0	0	561	7	338	98	60	45	9	4	0		
4	1	15	20	1	664	381	2	147	87	50	73	15	7	0		
4	1	15	20	2	711	410	3	144	89	50	104	13	7	0		
4	1	15	20	3	727	418	8	211	114	34	39	10	2	0		
4	1	15	20	4	520	340	6	147	86	39	38	16	8	0		
4	1	15	20	5	520	322	14	128	74	41	51	9	5	0		
4	1	15	20	6	582	341	6	155	83	50	33	12	2	0		
4	1	15	20	7	716	431	19	191	80	50	70	15	6	0		
4	1	15	20	8	565	329	12	122	93	51	37	12	2	0		
4	1	15	20	9	586	393	7	177	104	37	50	14	4	0		
4	1	15	20	10	546	357	2	212	78	34	22	4	5	0		
4	1	15	20	11	581	347	7	202	85	19	20	12	2	0		
4	1	15	20	12	535	313	2	151	73	33	39	13	2	0		
4	1	15	20	13	763	523	13	283	128	36	46	16	1	0		
4	1	15	20	14	529	392	8	166	87	75	32	18	6	0		
4	1	15	20	15	595	406	5	194	110	50	37	9	1	0		
4	1	15	20	16	533	337	5	184	60	48	34	5	1	0		
4	1	15	20	17	726	515	4	304	130	44	22	8	3	0		
4	1	15	20	18	508	294	17	160	50	28	30	8	1	0		
4	1	15	20	19	748	517	24	294	118	40	26	12	3	0		
4	1	15	20	20	578	361	4	228	90	17	16	5	1	0		
4	1	15	20	21	664	441	2	193	66	73	73	33	1	0		
4	1	15	20	22	621	454	10	270	115	40	13	5	1	0		
4	1	15	20	23	192	97	1	56	14	8	12	4	2	0		
4	1	15	20	24	628	441	6	279	107	23	19	4	3	0		
4	1	15	20	25	761	537	6	325	98	57	32	15	4	0		
4	1	15	20	26	651	443	4	222	83	46	70	15	3	0		
4	1	15	20	27	704	417	2	260	89	20	39	7	0	0		
4	1	15	20	28	388	268	3	131	38	36	50	9	1	0		
4	1	15	20	29	440	303	2	148	46	25	64	17	1	0		
4	1	15	20	30	851	546	6	360	123	21	23	9	4	0		
4	1	15	20	31	841	532	8	328	138	31	19	4	4	0		
4	1	15	20	32	606	348	11	228	76	13	15	3	2	0		
4	1	15	20	33	791	501	13	275	118	60	21	13	1	0		
4	1	15	20	34	151	125	1	30	22	53	14	5	0	0		
4	1	15	20	35	644	426	6	227	69	39	66	18	1	0		
4	1	15	20	36	693	423	4	207	114	39	42	16	1	0		
4	1	15	20	37	739	455	3	306	104	25	9	6	2	0		
4	1	15	20	38	791	560	12	347	117	42	25	8	9	0		
4	1	15	20	39	632	443	6	252	106	39	26	9	5	0		
4	1	15	20	40	540	307	7	177	64	29	17	9	4	0		
4	1	15	20	41	655	372	2	243	88	19	12	6	2	0		
4	1	15	20	42	590	341	13	193	86	21	19	7	2	0		
4	1	15	20	43	489	340	5	183	77	31	31	8	5	0		
4	1	15	20	44	448	287	6	146	85	28	16	5	1	0		
4	1	15	20	45	531	348	9	209	66	31	18	15	0	0		
4	1	15	20	46	604	330	6	199	82	13	19	7	4	0		
4	1	15	20	47	420	243	3	113	28	24	58	15	2	0		
4	1	15	20	48	527	324	1	150	80	27	49	16	1	0		
4	1	15	20	49	735	340	8	195	82	18	27	4	6	0		
4	1	15	20	50	645	335	2	193	88	21	22	7	2	0		
4	1	15	20	51	546	303	5	175	77	24	14	5	3	0		
4	1	15	20	52	620	397	4	184	74	49	61	18	7	0		
4	1	15	20	53	601	394	3	190	66	46	70	16	3	0		
4	1	15	20	54	402	257	2	113	65	45	17	13	2	0		
4	1	15	20	55	541	353	13	166	95	46	26	5	2	0		
4	1	15	20	56	551	318	7	165	80	29	28	7	2	0		
4	1	15	20	57	605	407	5	151	116	77	40	17	1	0		
4	1	15	20	58	587	360	6	167	79	36	59	12	1	0		
4	1	15	20	59	546	311	1	186	57	23	33	10	1	0		
4	1	15	20	60	627	347	12	171	74	31	42	13	4	0		
4	1	15	20	61	512	352	8	176	79	42	30	14	3	0		
4	1	15	20	62	529	356	2	164	78	59	37	15	1	0		
4	1	15	20	63	563	359	7	176	70	49	38	15	4	0		
4	1	15	20	64	496	339	2	211	63	31	21	11	0	0		
4	1	15	20	65	571	379	1	207	84	27	43	13	4	0		
4	1	15	20	66	560	364	3	168	95	63	22	11	2	0		
4	1	15	20	67	329	174	0	94	21	13	30	12	4	0		
4	1	15	20	68	312	83	1	44	26	4	2	4	2	0		
4	1	15	20	69	655	401	5	219	95	41	29	8	4	0		
4	1	15	20	70	722	453	13	266	102	35	24	10	3	0		
4	1	15	20	71	704	480	9	265	113	45	35	9	4	0		
4	1	15	20	72	681	451	5	215	83	77	42	25	4	0		
4	1	15	20	73	544	338	7	189	62	31	33	16	0	0		
4	1	15	20	74	718	478	23	191	119	72	59	12	2	0		
4	1	15	20	75	601	380	6	173	101	49	42	6	3	0		
4	1	15	20	76	704	655	59	375	110	47	54	5	5	0		
4	1	15	20	77	648	422	5	203	84	66	50	12	2	0		
4	1	15	20	78	517	299	0	125	79	29	45	17	4	0		
4	1	15	20	79	536	363	18	158	74	52	38	18	5	0		
4	1	15	20	80	655	416	12	228	93	38	34	6	5	0		
4	1	15	20	81	651	375	13	198	79	24	47	11	3	0		
4	1	15	20	82	395	255	1	107	52	29	58	6	2	0		
4	1	15	20	83	643	378	4	154	78	54	66	19	3	0		
4	1	15	20	84	495	332	2	122	87	53	54	10	4	0		
4	1	15	20	85	0	0	0	0	0	0	0	0	0	0		
4	1	16	21	0	0	732	14	443	102	87	67	16	3	0		
4	1	16	21	1	593	406	5	162	96	95	37	10	1	0		
4	1	16	21	2	456	276	1	147	59	41	20	5	3	0		
4	1	16	21	3	529	340	8	150	70	62	38	10	2	0		
4	1	16	21	4	565	336	3	217	73	18	17	6	2	0		
4	1	16	21	5	557	348	0	176	69	59	36	6	2	0		
4	1	16	21	6	461	306	5	152	53	39	35	20	2	0		
4	1	16	21	7	530	338	5	173	60	52	30	13	5	0		
4	1	16	21	8	470	347	2	243	46	35	13	6	2	0		
4	1	16	21	9	659	444	9	267	84	40	25	18	1	0		
4	1	16	21	10	613	419	16	174	99	68	44	15	3	0		
4	1	16	21	11	377	266	8	101	63	71	13	9	1	0		
4	1	16	21	12	522	402	6	202	92	49	40	10	3	0		
4	1	16	21	13	451	293	10	151	74	38	13	5	2	0		
4	1	16	21	14	535	311	5	216	50	13	17	5	5	0		
4	1	16	21	15	586	440	4	239	98	57	31	10	1	0		
4	1	16	21	16	450	266	7	175	53	15	11	4	1	0		
4	1	16	21	17	572	397	5	216	77	37	47	12	3	0		
4	1	16	21	18	461	291	9	161	48	31	29	11	2	0		
4	1	16	21	19	438	268	4	114	67	47	28	6	2	0		
4	1	16	21	20	441	257	2	109	60	56	26	1	3	0		
4	1	16	21	21	547	359	7	145	87	81	26	12	1	0		
4	1	16	21	22	493	330	4	153	71	43	46	11	2	0		
4	1	16	21	23	619	482	2	300	74	62	34	9	1	0		
4	1	16	21	24	428	324	9	145	75	60	25	7	3	0		
4	1	16	21	25	1082	692	6	278	118	86	178	22	4	0		
4	1	16	21	26	637	421	4	221	95	46	42	11	2	0		
4	1	16	21	27	513	362	4	190	74	51	29	13	1	0		
4	1	16	21	28	697	465	25	197	124	84	25	7	3	0		
4	1	16	21	29	678	436	6	277	76	46	21	9	1	0		
4	1	16	21	30	552	329	2	228	60	18	16	5	0	0		
4	1	16	21	31	540	335	7	186	67	39	27	9	0	0		
4	1	16	21	32	450	262	7	142	59	32	11	5	6	0		
4	1	16	21	33	860	560	11	273	106	71	78	19	2	0		
4	1	16	21	34	637	411	8	200	100	46	37	13	7	0		
4	1	16	21	35	579	379	5	157	97	69	33	15	3	0		
4	1	16	21	36	432	295	6	114	76	63	28	5	3	0		
4	1	16	21	37	607	380	6	184	73	57	39	18	3	0		
4	1	16	21	38	504	310	5	160	58	60	19	6	2	0		
4	1	16	21	39	636	318	9	193	63	15	28	7	3	0		
4	1	16	21	40	739	356	3	234	74	15	21	7	2	0		
4	1	16	21	41	368	264	0	165	36	30	19	11	3	0		
4	1	16	21	42	482	311	1	162	60	44	35	5	4	0		
4	1	16	21	43	633	392	7	165	97	61	46	16	0	0		
4	1	16	21	44	657	400	17	240	73	36	24	6	4	0		
4	1	16	21	45	389	224	7	140	47	16	11	2	1	0		
4	1	16	21	46	509	324	22	203	62	21	11	4	1	0		
4	1	16	21	47	619	359	4	225	67	28	26	7	2	0		
4	1	16	21	48	542	353	5	204	69	36	27	10	2	0		
4	1	16	21	49	553	378	7	194	85	46	34	10	2	0		
4	1	16	21	50	504	344	8	196	58	43	29	8	2	0		
4	1	16	21	51	346	181	15	107	30	10	14	4	1	0		
4	1	16	21	52	378	193	5	122	41	7	13	4	1	0		
4	1	16	21	53	428	244	1	158	58	10	12	5	0	0		
4	1	16	21	54	442	275	11	180	54	6	16	6	2	0		
4	1	16	21	55	730	490	12	240	91	65	64	18	0	0		
4	1	16	21	56	511	345	3	217	82	27	6	8	2	0		
4	1	16	21	57	601	347	3	227	68	22	17	9	1	0		
4	1	16	21	58	578	366	7	213	97	19	21	5	4	0		
4	1	16	21	59	480	329	3	218	64	26	14	1	3	0		
4	1	16	21	60	684	504	12	217	69	88	84	29	5	0		
4	1	16	21	61	657	465	8	190	97	76	74	19	1	0		
4	1	16	21	62	448	299	14	137	52	46	38	11	1	0		
4	1	16	21	63	491	314	12	195	57	21	13	15	1	0		
4	1	16	21	64	530	330	5	166	60	61	29	6	3	0		
4	1	16	21	65	472	352	6	288	32	9	11	3	3	0		
4	1	16	21	66	220	515	12	318	66	92	20	4	3	0		
4	1	16	21	67	611	387	4	256	64	26	32	4	1	0		
4	1	16	21	68	541	362	7	210	63	46	22	11	3	0		
4	1	16	21	69	564	319	2	210	77	11	13	4	2	0		
4	1	16	21	70	516	267	2	171	66	15	9	1	3	0		
4	1	16	21	71	458	279	9	175	62	14	13	4	2	0		
4	1	16	21	72	594	350	3	208	101	18	12	6	2	0		
4	1	16	21	73	809	473	4	288	89	30	50	9	3	0		
4	1	16	21	74	581	381	8	247	75	35	12	3	1	0		
4	1	16	21	75	602	408	3	240	80	48	29	7	1	0		
4	1	16	21	76	540	403	6	206	64	51	46	19	11	0		
4	1	16	21	77	448	248	6	144	46	21	21	10	0	0		
4	1	16	21	78	875	567	8	281	110	75	62	22	9	0		
4	1	16	21	79	731	474	12	199	95	72	69	22	5	0		
4	1	16	21	80	644	477	3	213	75	143	31	11	1	0		
4	1	16	21	81	567	365	7	184	92	35	32	12	3	0		
4	1	16	21	82	537	331	10	193	87	18	15	5	3	0		
4	1	16	21	83	578	338	3	200	107	16	6	3	3	0		
4	1	16	21	84	574	371	4	206	105	33	15	6	2	0		
4	1	16	21	85	525	332	1	202	84	23	15	7	0	0		
4	1	16	21	86	522	298	3	174	85	16	9	8	3	0		
4	1	16	21	87	553	392	8	199	74	57	37	13	4	0		
4	1	16	21	88	531	346	2	210	90	20	18	5	1	0		
4	1	16	21	89	598	432	18	279	68	45	14	4	4	0		
4	1	16	21	90	533	340	0	226	62	27	17	8	0	0		
4	1	16	21	91	517	348	4	207	65	37	25	8	2	0		
4	1	16	21	92	405	278	1	162	77	19	11	5	3	0		
4	1	16	21	93	444	255	2	162	60	13	9	6	3	0		
4	1	16	21	94	570	351	2	219	84	23	14	6	3	0		
4	1	16	21	95	560	393	2	235	94	34	18	8	2	0		
4	1	16	21	96	504	355	7	219	58	44	23	3	1	0		
4	1	16	21	97	702	444	7	274	93	39	19	9	3	0		
4	1	16	21	98	526	329	9	192	85	22	15	6	0	0		
4	1	16	21	99	442	296	2	173	62	32	18	7	2	0		
4	1	16	21	100	507	309	3	182	75	25	18	5	1	0		
4	1	16	21	101	414	269	7	159	46	32	21	4	0	0		
4	1	16	21	102	492	316	1	200	70	19	14	10	2	0		
4	1	16	21	103	469	282	16	168	57	20	16	3	2	0		
4	1	16	21	104	539	284	4	179	69	14	16	2	0	0		
4	1	16	21	105	512	308	5	195	48	12	33	9	6	0		
4	1	16	21	106	751	552	6	333	100	43	47	18	5	0		
4	1	16	21	107	530	394	2	210	79	62	35	4	2	0		
4	1	16	21	108	621	448	11	234	98	70	20	15	0	0		
4	1	16	21	109	453	288	6	152	68	34	14	12	2	0		
4	1	16	21	110	386	268	5	167	54	14	17	8	3	0		
4	1	16	21	111	605	445	4	215	62	61	75	28	0	0		
4	1	16	21	112	580	360	3	244	73	21	11	5	3	0		
4	1	16	21	113	474	321	1	223	63	18	8	5	3	0		
4	1	16	21	114	385	223	0	163	46	7	5	2	0	0		
4	1	16	21	115	398	212	1	144	47	5	11	2	2	0		
4	1	16	21	116	433	278	4	183	65	13	8	4	1	0		
4	1	16	21	117	484	319	4	211	64	17	12	8	3	0		
4	1	16	21	118	447	254	3	140	76	14	12	6	3	0		
4	1	16	21	119	360	211	3	128	57	6	11	6	0	0		
4	1	16	21	120	517	298	3	195	70	9	13	7	1	0		
4	1	16	21	121	553	293	4	177	78	16	12	4	2	0		
4	1	16	21	122	560	327	4	236	62	7	8	5	5	0		
4	1	16	21	123	348	178	2	101	40	13	16	3	3	0		
4	1	16	21	124	452	255	3	140	59	30	14	6	3	0		
4	1	16	21	125	331	186	2	103	47	11	16	5	2	0		
4	1	16	21	126	430	273	4	155	65	13	28	8	0	0		
4	1	16	21	127	415	271	3	150	54	19	35	8	2	0		
4	1	16	21	128	392	220	0	126	54	18	15	7	0	0		
4	1	16	21	129	783	603	6	267	98	134	74	22	2	0		
4	1	16	21	130	683	523	3	202	101	129	65	19	4	0		
4	1	16	21	131	372	284	1	146	77	41	12	6	1	0		
4	1	16	21	132	680	517	6	279	65	65	77	25	0	0		
4	1	16	21	133	715	467	8	265	89	51	41	13	0	0		
4	1	16	21	134	533	364	8	206	57	40	32	20	1	0		
4	1	16	21	135	551	396	1	160	88	93	37	14	3	0		
4	1	16	21	136	612	414	5	248	84	36	35	4	2	0		
4	1	16	21	137	878	550	9	306	116	60	38	18	3	0		
4	1	16	21	138	507	379	5	228	79	38	22	5	2	0		
4	1	16	21	139	531	381	1	256	79	18	16	6	5	0		
4	1	16	21	140	577	407	16	246	78	38	17	9	3	0		
4	1	16	21	141	370	245	7	100	63	37	29	8	1	0		
4	1	16	21	142	683	482	14	219	79	79	50	36	5	0		
4	1	16	21	143	668	481	4	224	105	86	42	18	2	0		
4	1	16	21	144	741	531	5	270	105	78	54	16	3	0		
4	1	16	21	145	516	395	1	200	94	55	32	13	0	0		
4	1	16	21	146	355	239	5	166	47	6	8	2	5	0		
4	1	16	21	147	312	216	4	159	21	26	6	0	0	0		
4	1	16	21	148	589	404	3	228	96	51	20	6	0	0		
4	1	16	21	149	608	424	3	235	89	63	20	7	7	0		
4	1	16	21	150	762	548	15	242	96	103	69	20	3	0		
4	1	16	21	151	572	358	11	228	78	20	13	4	4	0		
4	1	16	21	152	586	377	4	234	84	30	18	7	0	0		
4	1	16	21	153	603	428	5	262	100	32	16	10	3	0		
4	1	16	21	154	571	373	4	215	77	52	17	7	1	0		
4	1	16	21	155	601	449	4	110	113	147	58	17	0	0		
4	1	16	21	156	637	494	7	163	100	162	50	11	1	0		
4	1	16	21	157	663	502	15	215	85	90	71	21	5	0		
4	1	16	21	158	436	290	5	134	62	50	24	14	1	0		
4	1	16	21	159	838	596	5	267	95	104	91	29	5	0		
4	1	16	21	160	542	376	9	229	60	24	43	10	1	0		
4	1	16	21	161	374	245	3	94	43	53	39	11	2	0		
4	1	16	21	162	343	214	1	108	43	35	19	8	0	0		
4	1	16	21	163	409	287	11	124	36	75	28	11	2	0		
4	1	16	21	164	362	304	1	131	42	68	45	16	1	0		
4	1	16	21	165	436	295	5	143	55	41	38	12	1	0		
4	1	16	21	166	556	416	8	196	69	67	58	16	2	0		
4	1	16	21	167	633	370	3	204	76	41	35	10	1	0		
4	1	16	21	168	522	352	7	171	83	36	40	14	1	0		
4	1	16	21	169	495	302	3	163	48	25	47	14	2	0		
4	1	16	21	170	543	326	3	167	67	32	41	12	4	0		
4	1	16	21	171	292	181	2	110	46	7	13	3	0	0		
4	1	16	21	172	862	491	5	264	110	45	43	21	3	0		
4	1	16	21	173	824	545	6	271	88	57	93	30	0	0		
4	1	16	21	174	543	348	2	179	59	42	43	23	0	0		
4	1	16	21	175	155	83	4	39	16	12	10	2	0	0		
4	1	16	21	176	703	440	8	245	45	35	95	10	2	0		
4	1	16	21	177	512	343	1	160	48	27	92	13	2	0		
4	1	16	21	178	0	46	6	26	9	3	1	1	0	0		
4	1	17	22	0	0	781	9	510	102	79	65	13	3	0		
4	1	17	22	1	795	525	11	226	59	84	106	37	2	0		
4	1	17	22	2	685	397	1	182	58	45	79	31	1	0		
4	1	17	22	3	763	435	2	168	61	63	101	37	3	0		
4	1	17	22	4	596	450	4	202	63	50	98	30	3	0		
4	1	17	22	5	704	474	3	291	110	38	26	3	3	0		
4	1	17	22	6	832	525	10	309	115	41	37	9	4	0		
4	1	17	22	7	579	353	4	187	87	39	19	12	5	0		
4	1	17	22	8	549	368	5	263	70	10	14	3	3	0		
4	1	17	22	9	621	342	2	189	75	22	40	11	3	0		
4	1	17	22	10	609	413	2	156	67	109	60	15	4	0		
4	1	17	22	11	689	455	6	268	100	37	27	12	5	0		
4	1	17	22	12	779	518	2	247	107	83	59	19	1	0		
4	1	17	22	13	695	453	2	200	83	90	52	20	6	0		
4	1	17	22	14	632	441	6	200	94	63	53	19	6	0		
4	1	17	22	15	744	546	7	268	84	75	94	15	3	0		
4	1	17	22	16	910	608	7	310	121	84	74	11	1	0		
4	1	17	22	17	647	391	2	219	66	62	32	8	2	0		
4	1	17	22	18	673	413	22	259	60	23	34	10	5	0		
4	1	17	22	19	878	625	9	329	117	97	53	16	4	0		
4	1	17	22	20	783	535	24	301	107	47	42	12	2	0		
4	1	17	22	21	975	603	14	362	130	40	39	16	2	0		
4	1	17	22	22	650	439	5	244	114	39	21	14	2	0		
4	1	17	22	23	489	372	19	208	72	41	20	12	0	0		
4	1	17	22	24	801	567	23	309	136	61	32	4	2	0		
4	1	17	22	25	644	441	2	232	112	51	29	14	1	0		
4	1	17	22	26	710	457	6	191	85	97	63	11	4	0		
4	1	17	22	27	867	562	6	276	95	75	85	22	3	0		
4	1	17	22	28	502	356	2	187	67	60	30	9	1	0		
4	1	17	22	29	654	365	4	230	78	14	27	9	3	0		
4	1	17	22	30	562	376	12	207	91	30	22	11	3	0		
4	1	17	22	31	698	482	15	264	91	57	43	8	4	0		
4	1	17	22	32	852	573	6	251	139	108	51	16	2	0		
4	1	17	22	33	945	615	18	326	93	75	82	20	1	0		
4	1	17	22	34	888	638	13	287	111	102	91	31	3	0		
4	1	17	22	35	607	394	11	208	98	41	24	10	2	0		
4	1	17	22	36	588	430	7	241	99	40	23	13	7	0		
4	1	17	22	37	781	542	3	236	106	114	55	25	3	0		
4	1	17	22	38	697	502	12	297	117	40	21	11	4	0		
4	1	17	22	39	221	357	12	228	41	44	24	7	1	0		
4	1	17	22	40	695	477	4	247	112	48	39	21	6	0		
4	1	17	22	41	777	595	15	325	121	53	66	8	7	0		
4	1	17	22	42	542	404	3	222	87	47	39	5	1	0		
4	1	17	22	43	735	427	4	212	84	74	36	15	2	0		
4	1	17	22	44	823	563	13	339	113	59	31	7	1	0		
4	1	17	22	45	766	532	3	323	115	36	34	10	11	0		
4	1	17	22	46	742	496	7	286	106	38	35	22	2	0		
4	1	17	22	47	594	382	9	236	72	23	28	10	4	0		
4	1	17	22	48	637	458	17	224	110	68	28	8	3	0		
4	1	17	22	49	718	464	7	274	106	44	22	9	2	0		
4	1	17	22	50	624	405	4	233	95	30	35	7	1	0		
4	1	17	22	51	576	414	12	221	94	41	32	9	5	0		
4	1	17	22	52	900	596	8	305	133	90	40	17	3	0		
4	1	17	22	53	790	481	5	325	89	18	29	8	7	0		
4	1	17	22	54	777	428	5	271	102	16	28	6	0	0		
4	1	17	22	55	537	291	9	172	71	22	15	2	0	0		
4	1	17	22	56	508	292	6	173	81	13	18	0	1	0		
4	1	17	22	57	790	520	8	284	98	79	32	17	2	0		
4	1	17	22	58	742	472	8	286	83	38	44	11	2	0		
4	1	17	22	59	928	581	2	371	112	42	34	14	6	0		
4	1	17	22	60	941	571	7	331	117	52	47	14	3	0		
4	1	17	22	61	862	552	6	324	98	55	58	9	2	0		
4	1	17	22	62	759	388	8	231	99	25	12	9	4	0		
4	1	17	22	63	735	356	7	248	69	17	9	4	2	0		
4	1	17	22	64	809	447	10	267	116	22	18	10	4	0		
4	1	17	22	65	667	372	1	224	97	22	14	11	3	0		
4	1	17	22	66	360	200	1	132	51	5	10	0	1	0		
4	1	17	22	67	778	413	3	254	100	25	23	7	1	0		
4	1	17	22	68	826	511	7	274	119	60	32	17	2	0		
4	1	17	22	69	500	346	6	194	72	40	20	10	4	0		
4	1	17	22	70	654	458	5	312	85	27	19	9	1	0		
4	1	17	22	71	831	522	20	228	131	92	36	12	3	0		
4	1	17	22	72	764	492	7	221	102	92	46	22	2	0		
4	1	17	22	73	743	475	3	325	97	22	17	7	4	0		
4	1	17	22	74	665	409	3	261	79	31	23	11	1	0		
4	1	17	22	75	533	356	6	156	78	66	35	14	1	0		
4	1	17	22	76	338	209	0	133	51	14	5	6	0	0		
4	1	17	22	77	416	332	23	171	67	34	27	7	3	0		
4	1	17	22	78	654	440	5	244	71	48	52	17	3	0		
4	1	17	22	79	671	487	5	248	55	69	86	20	4	0		
4	1	17	22	80	506	391	4	177	71	65	52	20	2	0		
4	1	17	22	81	895	630	34	288	92	90	103	21	2	0		
4	1	17	22	82	873	658	11	311	179	84	54	15	4	0		
4	1	17	22	83	535	362	8	239	65	25	20	2	3	0		
4	1	17	22	84	549	413	9	272	68	35	15	4	10	0		
4	1	17	22	85	593	386	2	251	93	17	12	7	4	0		
4	1	17	22	86	542	300	4	201	62	11	18	4	0	0		
4	1	17	22	87	788	542	4	355	97	38	24	11	13	0		
4	1	17	22	88	216	113	2	98	5	6	1	0	1	0		
4	1	17	22	89	176	89	0	71	6	9	0	0	3	0		
4	1	17	22	90	765	501	6	293	60	49	68	24	1	0		
4	1	17	22	91	845	478	6	268	88	36	60	20	0	0		
4	1	17	22	92	799	466	10	277	72	28	53	18	8	0		
4	1	17	22	93	866	539	4	273	81	72	85	21	3	0		
4	1	17	22	94	673	449	11	251	74	42	53	18	0	0		
4	1	17	22	95	407	311	3	135	57	74	32	10	0	0		
4	1	17	22	96	696	416	7	234	76	27	48	21	3	0		
4	1	17	22	97	564	343	3	197	65	38	30	9	1	0		
4	1	17	22	98	968	634	5	345	99	88	72	24	1	0		
4	1	17	22	99	755	571	3	355	81	62	40	26	4	0		
4	1	17	22	100	712	460	5	242	96	65	40	10	2	0		
4	1	17	22	101	746	444	0	240	117	43	29	13	2	0		
4	1	17	22	102	599	409	3	219	63	56	40	25	3	0		
4	1	17	22	103	483	351	4	167	80	66	26	3	5	0		
4	1	17	22	104	806	578	4	272	96	99	92	15	0	0		
4	1	17	22	105	733	460	14	246	80	68	35	16	1	0		
4	1	17	22	106	788	476	7	243	74	68	51	32	1	0		
4	1	17	22	107	974	617	9	326	113	72	76	17	4	0		
4	1	17	22	108	1050	744	6	406	137	104	59	31	1	0		
4	1	17	22	109	946	660	25	344	127	68	65	29	2	0		
4	1	17	22	110	954	681	4	353	125	97	74	26	2	0		
4	1	17	22	111	545	431	1	247	60	52	51	20	0	0		
4	1	17	22	112	807	489	3	256	110	57	52	11	0	0		
4	1	17	22	113	852	581	8	306	134	87	31	14	1	0		
4	1	17	22	114	704	442	3	223	86	54	57	18	1	0		
4	1	17	22	115	815	586	6	252	155	89	59	23	2	0		
4	1	17	22	116	759	498	16	251	75	65	64	25	2	0		
4	1	17	22	117	831	568	10	267	140	93	37	14	7	0		
4	1	17	22	118	612	372	13	189	74	37	37	22	0	0		
4	1	17	22	119	645	424	2	209	80	71	38	22	2	0		
4	1	17	22	120	947	611	24	305	136	72	46	23	5	0		
4	1	17	22	121	927	632	12	338	142	81	39	18	2	0		
4	1	17	22	122	640	437	6	193	94	95	25	17	7	0		
4	1	17	22	123	808	544	7	254	139	78	47	19	0	0		
4	1	17	22	124	818	587	7	341	107	60	47	11	14	0		
4	1	17	22	125	777	568	13	254	79	95	92	34	1	0		
4	1	17	22	126	652	459	6	236	61	71	55	27	3	0		
4	1	17	22	127	735	509	5	243	103	70	54	33	1	0		
4	1	17	22	128	603	458	5	264	91	44	34	9	11	0		
4	1	17	22	129	773	507	12	317	82	57	25	9	5	0		
4	1	17	22	130	818	514	4	276	98	66	50	15	5	0		
4	1	17	22	131	826	439	6	263	94	33	33	8	2	0		
4	1	17	22	132	849	550	7	326	140	34	24	13	6	0		
4	1	17	22	133	1034	665	10	330	149	85	57	30	4	0		
4	1	17	22	134	845	509	28	294	112	43	22	7	3	0		
4	1	17	22	135	650	447	8	257	124	23	21	10	4	0		
4	1	17	22	136	505	336	6	197	98	18	10	6	1	0		
4	1	17	22	137	688	436	6	259	100	35	19	11	6	0		
4	1	17	22	138	704	422	4	240	119	32	13	12	2	0		
4	1	17	22	139	573	393	9	180	88	68	30	16	2	0		
4	1	17	22	140	447	329	6	133	54	85	35	14	2	0		
4	1	17	22	141	661	501	4	284	64	78	52	15	4	0		
4	1	17	22	142	0	18	0	8	6	3	0	1	0	0		
4	1	17	22	143	0	23	0	17	3	1	1	1	0	0		
4	1	17	22	144	0	20	0	15	1	0	3	0	1	0		
4	1	18	23	0	0	570	13	325	95	76	52	7	2	0		
4	1	18	23	1	716	471	11	264	88	56	39	9	4	0		
4	1	18	23	2	721	495	16	258	88	80	39	8	6	0		
4	1	18	23	3	707	513	9	296	76	70	42	18	2	0		
4	1	18	23	4	691	504	5	263	85	86	48	16	1	0		
4	1	18	23	5	571	420	12	201	70	73	48	15	1	0		
4	1	18	23	6	599	425	4	208	84	63	49	15	2	0		
4	1	18	23	7	621	468	22	225	62	78	55	23	3	0		
4	1	18	23	8	578	431	5	199	84	77	55	9	2	0		
4	1	18	23	9	675	500	6	244	93	71	56	25	5	0		
4	1	18	23	10	664	452	4	221	91	72	46	17	1	0		
4	1	18	23	11	623	424	0	203	75	53	68	24	1	0		
4	1	18	23	12	721	510	8	195	102	101	73	26	5	0		
4	1	18	23	13	750	829	19	355	122	231	78	17	7	0		
4	1	18	23	14	185	94	5	61	6	16	2	1	3	0		
4	1	18	23	15	658	448	4	220	77	78	47	19	3	0		
4	1	18	23	16	761	491	5	261	87	65	46	25	2	0		
4	1	18	23	17	729	507	9	233	90	88	69	17	1	0		
4	1	18	23	18	748	487	8	158	89	112	94	23	3	0		
4	1	18	23	19	737	511	5	200	80	122	74	29	1	0		
4	1	18	23	20	532	363	4	140	71	86	46	14	2	0		
4	1	18	23	21	497	335	2	130	73	68	47	12	3	0		
4	1	18	23	22	668	437	0	172	100	102	47	13	3	0		
4	1	18	23	23	788	523	12	283	88	53	62	17	8	0		
4	1	18	23	24	694	508	5	211	97	113	64	15	3	0		
4	1	18	23	25	586	406	14	152	79	87	56	15	3	0		
4	1	18	23	26	643	458	6	93	120	160	62	17	0	0		
4	1	18	23	27	773	555	9	199	132	138	59	17	1	0		
4	1	18	23	28	600	434	7	176	64	111	53	20	3	0		
4	1	18	23	29	703	477	5	201	81	99	69	18	4	0		
4	1	18	23	30	697	494	1	116	85	171	99	20	2	0		
4	1	18	23	31	646	502	4	116	109	158	88	26	1	0		
4	1	18	23	32	598	440	5	143	81	120	68	20	3	0		
4	1	18	23	33	656	449	17	138	103	120	49	19	3	0		
4	1	18	23	34	503	385	2	153	64	109	43	14	0	0		
4	1	18	23	35	812	559	16	183	91	163	80	24	2	0		
4	1	18	23	36	650	471	1	186	106	109	45	23	1	0		
4	1	18	23	37	592	401	20	244	75	38	17	5	2	0		
4	1	18	23	38	726	549	6	183	87	167	71	33	2	0		
4	1	18	23	39	697	478	9	219	94	100	40	14	2	0		
4	1	18	23	40	850	657	13	257	96	163	108	18	2	0		
4	1	18	23	41	664	493	3	264	86	56	58	21	5	0		
4	1	18	23	42	695	491	4	252	140	49	28	14	4	0		
4	1	18	23	43	263	204	23	136	23	19	3	0	0	0		
4	1	18	23	44	719	483	4	235	100	78	48	16	2	0		
4	1	18	23	45	801	540	4	294	78	78	66	19	1	0		
4	1	18	23	46	725	522	6	317	105	56	29	6	3	0		
4	1	18	23	47	784	533	2	274	85	85	70	15	2	0		
4	1	18	23	48	590	372	10	186	101	41	19	10	5	0		
4	1	18	23	49	572	374	2	225	98	38	7	1	3	0		
4	1	18	23	50	806	573	8	355	90	69	33	13	5	0		
4	1	18	23	51	777	597	22	239	120	136	67	13	0	0		
4	1	18	23	52	546	398	6	220	73	48	37	11	3	0		
4	1	18	23	53	571	387	3	262	82	15	12	11	2	0		
4	1	18	23	54	612	402	6	234	75	49	25	9	4	0		
4	1	18	23	55	689	427	11	178	73	96	46	19	4	0		
4	1	18	23	56	781	555	5	306	97	88	37	20	2	0		
4	1	18	23	57	401	286	3	121	83	54	20	4	1	0		
4	1	18	23	58	750	545	5	291	107	90	40	12	0	0		
4	1	18	23	59	736	518	4	278	110	66	41	16	3	0		
4	1	18	23	60	701	491	8	260	116	52	40	8	7	0		
4	1	18	23	61	763	591	3	252	139	126	51	20	0	0		
4	1	18	23	62	716	516	5	269	105	75	46	11	5	0		
4	1	18	23	63	721	453	35	187	119	65	34	11	2	0		
4	1	18	23	64	776	521	3	277	97	68	41	31	4	0		
4	1	18	23	65	776	532	4	252	124	91	52	6	3	0		
4	1	18	23	66	916	584	6	301	127	73	52	22	3	0		
4	1	18	23	67	803	592	12	402	73	52	41	12	0	0		
4	1	18	23	68	808	562	5	259	110	98	66	20	4	0		
4	1	18	23	69	671	449	5	245	86	71	30	7	5	0		
4	1	18	23	70	881	553	15	293	82	75	64	21	3	0		
4	1	18	23	71	711	500	6	284	76	60	51	18	5	0		
4	1	18	23	72	583	415	10	195	91	63	42	12	2	0		
4	1	18	23	73	572	396	6	247	89	30	15	7	2	0		
4	1	18	23	74	633	420	3	240	98	41	26	9	3	0		
4	1	18	23	75	602	383	36	205	93	25	20	4	0	0		
4	1	18	23	76	767	544	6	215	97	111	88	20	7	0		
4	1	18	23	77	754	560	3	181	97	182	70	26	1	0		
4	1	18	23	78	728	518	3	287	112	64	33	19	0	0		
4	1	18	23	79	701	535	17	167	106	147	65	32	1	0		
4	1	18	23	80	733	502	17	282	101	57	33	10	2	0		
4	1	18	23	81	751	545	15	274	80	68	83	22	3	0		
4	1	18	23	82	807	569	10	315	103	58	66	16	1	0		
4	1	18	23	83	823	495	8	304	100	43	31	6	3	0		
4	1	18	23	84	844	477	9	283	111	29	29	13	3	0		
4	1	18	23	85	777	517	13	319	98	38	35	10	4	0		
4	1	18	23	86	606	428	12	247	103	26	33	6	1	0		
4	1	18	23	87	686	445	4	225	83	68	46	17	2	0		
4	1	18	23	88	439	322	26	156	67	51	15	6	1	0		
4	1	18	23	89	751	478	9	283	104	31	32	9	10	0		
4	1	18	23	90	691	463	4	287	107	29	27	5	4	0		
4	1	18	23	91	552	318	5	146	50	45	55	13	4	0		
4	1	18	23	92	722	499	11	251	81	49	85	20	2	0		
4	1	18	23	93	204	137	15	88	12	15	6	1	0	0		
4	1	18	23	94	720	410	3	234	83	31	43	14	2	0		
4	1	18	23	95	278	177	2	76	36	30	25	8	0	0		
4	1	18	23	96	566	361	5	167	66	40	57	25	1	0		
4	1	18	23	97	127	81	1	34	14	10	18	4	0	0		
4	1	18	23	98	323	216	2	113	44	16	26	13	2	0		
