T	WV	WK	BZ	SPR	WBER  	 ABG.   	UNG.   	SPOE   	FPOE   	OEVP   	GRUE   	KPOE   	Sonstige	Typ	Jahr
4	9	1	3	1	431	324	2	113	23	97	76	6	7	Nationalrat	2002
4	9	1	3	2	531	355	2	114	15	120	95	1	8		
4	9	1	3	3	386	252	1	59	32	81	71	4	4		
4	9	1	3	4	332	267	1	78	12	75	97	3	1		
4	9	1	3	5	561	372	5	98	32	125	106	1	5		
4	9	1	3	6	491	340	3	127	28	126	51	2	3		
4	9	1	3	7	417	268	1	98	26	69	67	2	5		
4	9	1	3	8	445	312	2	95	28	92	90	1	4		
4	9	1	3	9	638	456	6	128	35	171	102	0	14		
4	9	1	3	10	667	465	0	126	29	186	119	0	5		
4	9	1	3	11	530	376	1	135	24	114	93	3	6		
4	9	1	3	12	473	345	1	118	19	114	83	2	8		
4	9	1	3	13	582	449	2	125	17	177	122	3	3		
4	9	1	3	14	801	586	8	166	45	207	147	1	12		
4	9	1	3	15	504	352	2	109	14	128	92	1	6		
4	9	1	3	16	436	289	2	103	17	82	78	1	6		
4	9	1	3	17	581	475	1	180	35	183	69	3	4		
4	9	1	3	18	546	386	2	108	16	160	93	3	4		
4	9	1	3	19	503	315	1	87	19	140	62	1	5		
4	9	1	3	20	455	363	4	93	23	147	79	2	15		
4	9	1	3	21	473	343	2	174	20	97	44	2	4		
4	9	1	3	22	450	333	2	97	28	127	69	1	9		
4	9	1	3	23	782	591	8	175	46	186	163	1	12		
4	9	1	3	24	493	343	0	114	17	106	99	0	7		
4	9	1	3	25	352	246	2	92	11	77	59	0	5		
4	9	1	3	26	811	576	2	151	30	221	150	8	14		
4	9	1	3	27	518	358	2	159	32	90	66	2	7		
4	9	1	3	28	304	202	2	60	16	79	40	1	4		
4	9	1	3	29	258	197	2	92	10	49	39	0	5		
4	9	1	3	30	351	249	2	92	20	79	47	2	7		
4	9	1	3	31	714	452	7	227	25	98	80	6	9		
4	9	1	3	32	723	512	2	215	40	164	82	3	6		
4	9	1	3	33	438	326	1	171	28	61	60	3	2		
4	9	1	3	34	507	362	2	150	18	103	79	5	5		
4	9	1	3	35	479	315	3	172	30	57	45	1	7		
4	9	1	3	36	515	360	9	181	24	92	47	3	4		
4	9	1	3	37	817	516	9	251	45	117	81	4	9		
4	9	1	3	38	456	351	4	207	38	61	35	0	6		
4	9	1	3	39	434	308	1	182	41	40	36	4	4		
4	9	1	3	40	590	389	8	239	42	54	33	4	9		
4	9	1	3	41	516	317	6	124	28	84	62	3	10		
4	9	1	3	42	504	374	3	192	27	90	50	8	4		
4	9	1	3	43	404	250	0	132	18	67	31	1	1		
4	9	1	3	44	447	289	4	147	22	69	34	6	7		
4	9	1	3	45	771	488	5	283	61	73	51	2	13		
4	9	1	3	46	455	292	3	170	31	48	33	4	3		
4	9	1	3	47	561	401	5	236	37	66	42	6	9		
4	9	1	3	48	506	347	5	200	32	67	27	5	11		
4	9	1	3	49	440	323	5	127	23	106	50	2	10		
4	9	1	3	50	441	299	4	90	23	94	79	0	9		
4	9	1	3	51	520	375	4	123	28	133	77	3	7		
4	9	1	3	52	507	339	7	144	17	103	56	4	8		
4	9	1	3	53	612	396	3	154	29	117	85	2	6		
4	9	1	3	54	549	389	9	256	28	63	12	6	15		
4	9	1	3	55	417	278	3	148	25	58	35	2	7		
4	9	1	3	56	743	491	2	207	37	137	93	2	13		
4	9	1	3	57	640	417	2	247	46	69	39	4	10		
4	9	1	3	58	502	372	1	90	24	176	78	0	3		
4	9	1	3	59	463	367	1	114	27	126	92	1	6		
4	9	1	3	60	543	414	3	99	29	168	103	2	10		
4	9	1	3	61	346	257	0	63	26	119	45	0	4		
4	9	1	3	62	549	397	7	140	30	111	100	3	6		
4	9	1	3	63	362	586	4	253	33	211	79	4	2		
4	9	1	3	64	473	318	0	106	26	133	47	0	6		
4	9	1	3	65	482	336	1	97	19	130	81	2	6		
4	9	1	3	66	589	393	3	151	35	134	60	2	8		
4	9	1	3	67	441	315	3	97	28	111	70	2	4		
4	9	1	3	68	579	438	5	149	34	171	72	1	6		
4	9	1	3	69	488	356	2	90	32	130	91	3	8		
4	9	1	3	70	657	450	4	139	14	175	107	2	9		
4	9	1	3	71	449	357	5	115	18	125	88	1	5		
4	9	1	3	72	564	392	5	151	20	134	75	3	4		
4	9	1	3	73	462	317	5	112	15	109	66	4	6		
4	9	1	3	74	440	346	6	111	22	131	67	2	7		
4	9	1	3	75	600	398	7	138	47	123	65	5	13		
4	9	1	3	76	342	237	2	68	10	115	39	2	1		
4	9	1	3	77	290	210	3	74	15	68	40	4	6		
4	9	1	3	78	557	390	4	132	32	117	92	4	9		
4	9	1	3	79	528	356	1	139	28	111	65	4	8		
4	9	1	3	80	367	219	1	78	19	81	33	1	6		
4	9	1	3	81	515	363	4	77	19	159	98	1	5		
4	9	1	3	82	476	311	0	73	23	157	50	2	6		
4	9	1	3	83	420	302	1	164	31	73	26	2	5		
4	9	1	3	84	607	430	4	93	27	186	114	3	3		
4	9	1	3	85	631	435	3	129	29	180	89	0	5		
4	9	1	3	86	566	377	4	96	22	180	69	1	5		
4	9	1	3	87	511	387	1	91	20	181	87	1	6		
4	9	1	3	88	516	388	1	102	26	166	85	4	4		
4	9	1	3	89	470	316	5	138	37	81	44	3	8		
4	9	1	3	90	522	379	2	98	31	175	62	1	10		
4	9	1	3	91	578	394	2	137	38	123	87	3	4		
4	9	1	3	92	481	309	5	142	14	79	57	2	10		
4	9	1	3	93	370	256	2	85	22	62	80	2	3		
4	9	1	3	94	485	312	2	153	31	86	33	1	6		
4	9	1	3	95	509	364	5	109	30	142	70	1	7		
4	9	1	3	96	659	456	4	188	31	136	87	5	5		
4	9	1	3	97	440	319	5	118	23	105	64	0	4		
4	9	1	3	98	637	395	4	166	29	102	92	0	2		
4	9	1	3	99	509	357	5	127	32	109	66	3	15		
4	9	1	3	100	403	284	2	71	22	129	48	4	8		
4	9	1	3	101	540	349	2	203	47	58	24	4	11		
4	9	1	3	102	452	261	7	160	31	39	18	1	5		
4	9	1	3	103	480	298	6	181	31	43	26	3	8		
4	9	1	3	104	464	342	1	137	39	115	39	3	8		
4	9	1	3	105	428	298	4	174	33	56	12	4	15		
4	9	1	3	106	285	122	1	71	11	24	10	2	3		
4	9	1	3	107	439	343	3	93	24	151	62	1	9		
4	9	1	3	108	422	333	6	99	26	160	36	1	5		
4	9	1	3	109	439	362	5	71	32	206	45	1	2		
4	9	1	3	110	590	421	6	183	12	110	102	2	6		
4	9	1	3	111	277	224	2	87	12	65	53	0	5		
4	9	1	3	112	544	430	3	131	27	125	136	3	5		
4	9	1	3	113	0	38	0	9	1	26	2	0	0		
4	9	1	3	114	0	85	1	45	5	16	17	0	1		
4	9	1	3	115	0	27	0	4	4	17	2	0	0		
4	9	1	3	116	0	46	1	11	2	28	4	0	0		
4	9	1	4	1	666	464	3	100	33	234	91	0	3		
4	9	1	4	2	572	465	1	120	22	168	143	2	9		
4	9	1	4	3	562	380	3	110	28	127	104	2	6		
4	9	1	4	4	579	408	2	125	14	123	130	4	10		
4	9	1	4	5	662	488	4	167	30	147	130	5	5		
4	9	1	4	6	490	393	2	97	24	133	122	2	13		
4	9	1	4	7	629	444	3	124	27	161	120	3	6		
4	9	1	4	8	574	407	0	126	26	114	133	3	5		
4	9	1	4	9	624	446	2	127	24	138	144	2	9		
4	9	1	4	10	583	416	3	99	37	175	93	2	7		
4	9	1	4	11	776	556	4	128	33	246	134	3	8		
4	9	1	4	12	671	476	5	136	33	172	123	1	6		
4	9	1	4	13	613	447	4	146	27	140	123	2	5		
4	9	1	4	14	514	348	2	160	30	89	57	2	8		
4	9	1	4	15	509	345	1	150	31	97	58	4	4		
4	9	1	4	16	613	433	3	136	38	157	90	1	8		
4	9	1	4	17	516	470	7	182	32	152	83	4	10		
4	9	1	4	18	586	412	7	155	23	129	89	4	5		
4	9	1	4	19	661	474	7	123	40	178	117	4	5		
4	9	1	4	20	565	442	3	95	29	187	122	3	3		
4	9	1	4	21	740	536	6	157	34	190	139	1	9		
4	9	1	4	22	719	486	5	179	43	169	80	3	7		
4	9	1	4	23	792	549	4	203	37	173	108	4	20		
4	9	1	4	24	653	470	2	120	27	199	111	1	10		
4	9	1	4	25	789	552	8	185	28	185	134	0	12		
4	9	1	4	26	548	358	2	167	24	98	58	3	6		
4	9	1	4	27	789	571	3	166	39	188	158	2	15		
4	9	1	4	28	579	417	2	109	27	156	111	3	9		
4	9	1	4	29	735	555	6	198	36	152	150	4	9		
4	9	1	4	30	562	417	7	125	20	143	110	4	8		
4	9	1	4	31	621	456	5	137	37	178	87	2	10		
4	9	1	4	32	767	534	3	123	28	236	128	5	11		
4	9	1	4	33	692	528	6	108	32	239	130	1	12		
4	9	1	5	1	570	404	2	105	25	123	134	4	11		
4	9	1	5	2	591	433	7	145	14	126	131	3	7		
4	9	1	5	3	609	415	4	116	20	122	136	3	14		
4	9	1	5	4	740	517	6	170	41	156	130	1	13		
4	9	1	5	5	720	511	4	179	26	138	152	6	6		
4	9	1	5	6	612	609	23	204	35	158	172	5	12		
4	9	1	5	7	644	443	1	172	36	106	122	2	4		
4	9	1	5	8	591	429	2	147	38	133	98	5	6		
4	9	1	5	9	630	455	3	168	39	124	108	4	9		
4	9	1	5	10	613	402	9	127	45	105	97	3	16		
4	9	1	5	11	454	300	0	96	32	87	84	0	1		
4	9	1	5	12	478	330	4	103	24	96	94	0	9		
4	9	1	5	13	582	389	4	187	25	90	68	3	12		
4	9	1	5	14	589	430	5	219	33	100	59	3	11		
4	9	1	5	15	562	403	4	214	35	75	58	4	13		
4	9	1	5	16	510	328	3	146	27	78	69	1	4		
4	9	1	5	17	726	517	5	251	37	146	52	8	18		
4	9	1	5	18	602	408	4	228	40	69	44	9	14		
4	9	1	5	19	508	369	8	145	33	114	62	1	6		
4	9	1	5	20	450	289	3	107	23	87	57	1	11		
4	9	1	5	21	795	525	5	219	53	124	103	5	16		
4	9	1	5	22	654	425	4	216	41	95	66	1	2		
4	9	1	5	23	691	470	2	163	38	124	135	3	5		
4	9	1	5	24	685	459	2	140	43	138	118	6	12		
4	9	1	5	25	770	542	5	185	49	157	136	4	6		
4	9	1	5	26	542	430	5	136	28	153	96	6	6		
4	9	1	5	27	533	381	5	127	23	117	102	2	5		
4	9	1	5	28	770	539	2	192	41	156	134	3	11		
4	9	1	5	29	564	411	2	120	28	132	116	5	8		
4	9	1	5	30	666	451	5	118	40	182	93	3	10		
4	9	1	5	31	784	522	5	159	40	142	166	1	9		
4	9	1	5	32	413	256	5	85	25	73	64	0	4		
4	9	1	5	33	358	250	1	97	22	56	71	1	2		
4	9	1	5	34	402	266	3	116	21	63	57	0	6		
4	9	1	5	35	374	252	3	96	15	71	59	3	5		
4	9	1	5	36	438	311	2	118	34	84	63	3	7		
4	9	1	5	37	524	355	2	133	26	98	88	2	6		
4	9	1	5	38	559	371	3	144	29	104	80	4	7		
4	9	1	5	39	384	260	4	111	24	72	41	1	7		
4	9	1	5	40	572	401	0	152	28	114	100	2	5		
4	9	1	5	41	526	355	3	141	18	99	79	4	11		
4	9	1	5	42	507	333	1	162	30	78	47	4	11		
4	9	1	5	43	737	476	3	219	48	123	76	4	3		
4	9	1	5	44	542	348	3	192	40	68	32	1	12		
4	9	1	5	45	569	343	1	218	18	49	47	1	9		
4	9	1	5	46	863	570	9	330	78	96	38	6	13		
4	9	1	5	47	466	327	1	202	33	54	28	2	7		
4	9	1	5	48	576	385	5	217	60	65	20	2	16		
4	9	1	5	49	611	419	3	190	33	127	52	5	9		
4	9	1	5	50	456	292	7	127	24	77	51	1	5		
4	9	1	5	51	506	328	3	142	36	89	47	2	9		
4	9	1	5	52	596	387	4	173	35	100	67	3	5		
4	9	1	5	53	533	361	3	135	19	117	76	2	9		
4	9	1	5	54	569	397	1	156	30	110	85	5	10		
4	9	1	5	55	478	349	1	135	35	109	58	2	9		
4	9	1	5	56	448	346	2	118	25	118	70	3	10		
4	9	1	5	57	0	47	0	9	4	32	2	0	0		
4	9	1	91	1	0	811	7	334	33	303	126	1	7		
4	9	1	91	2	0	206	0	43	14	86	54	0	9		
4	9	1	91	3	0	2817	16	830	206	1315	418	8	24		
4	9	1	91	4	0	368	1	75	18	145	118	1	10		
4	9	1	91	5	0	197	2	32	5	96	58	2	2		
4	9	1	91	6	0	536	1	120	37	230	137	2	9		
4	9	1	91	7	0	122	0	19	3	48	48	2	2		
4	9	1	91	8	0	41	0	4	0	13	23	0	1		
4	9	1	91	9	0	1453	22	577	91	469	260	12	22		
4	9	1	91	10	0	1479	4	346	36	564	509	3	17		
4	9	2	1	1	894	654	5	167	56	320	97	1	8		
4	9	2	1	2	794	553	4	189	45	200	106	3	6		
4	9	2	1	3	776	554	6	166	34	218	115	3	12		
4	9	2	1	4	377	265	3	41	23	151	45	0	2		
4	9	2	1	5	885	601	3	136	51	323	77	1	10		
4	9	2	1	6	656	428	1	92	25	231	72	0	7		
4	9	2	1	7	710	467	2	119	28	249	65	0	4		
4	9	2	1	8	614	431	4	87	33	233	70	0	4		
4	9	2	1	9	852	627	1	178	46	260	130	5	7		
4	9	2	1	10	854	600	2	184	39	221	146	1	7		
4	9	2	1	11	540	391	2	81	23	213	64	1	7		
4	9	2	1	12	16508	556	6	95	42	311	94	0	8		
4	9	2	1	13	711	475	3	95	27	252	87	3	8		
4	9	2	1	14	639	476	5	101	25	235	102	0	8		
4	9	2	1	15	881	630	2	159	32	283	144	1	9		
4	9	2	1	16	605	425	4	88	26	207	94	4	2		
4	9	2	1	17	892	619	5	158	43	248	153	5	7		
4	9	2	1	18	706	488	2	108	39	237	90	2	10		
4	9	2	6	1	643	483	7	153	25	153	139	1	5		
4	9	2	6	2	718	514	4	152	37	187	122	2	10		
4	9	2	6	3	784	545	5	168	35	183	141	5	8		
4	9	2	6	4	694	500	5	157	34	164	130	2	8		
4	9	2	6	5	602	376	2	159	30	101	76	1	7		
4	9	2	6	6	663	416	1	130	33	125	118	3	6		
4	9	2	6	7	681	477	10	151	30	120	153	1	12		
4	9	2	6	8	618	455	0	124	20	201	99	2	9		
4	9	2	6	9	638	457	6	142	34	159	104	3	9		
4	9	2	6	10	562	391	4	126	19	134	102	2	4		
4	9	2	6	11	695	457	6	117	28	176	121	1	8		
4	9	2	6	12	384	279	0	91	9	56	118	1	4		
4	9	2	6	13	554	387	4	113	33	116	110	4	7		
4	9	2	6	14	717	535	8	193	32	175	106	7	14		
4	9	2	6	15	454	315	1	99	18	99	88	5	5		
4	9	2	6	16	421	334	2	106	23	116	82	1	4		
4	9	2	6	17	765	551	4	183	38	166	150	6	4		
4	9	2	6	18	657	471	7	130	36	149	137	3	9		
4	9	2	6	19	742	536	1	139	26	193	168	0	9		
4	9	2	6	20	732	507	4	132	41	157	160	2	11		
4	9	2	6	21	622	432	0	95	31	161	140	0	5		
4	9	2	6	22	510	361	1	102	12	131	102	1	12		
4	9	2	6	23	579	405	5	92	22	142	132	2	10		
4	9	2	6	24	514	409	5	111	20	157	109	0	7		
4	9	2	6	25	673	507	2	160	25	148	164	1	7		
4	9	2	6	26	583	442	2	175	25	119	115	2	4		
4	9	2	6	27	529	392	4	128	23	108	117	2	10		
4	9	2	6	28	576	428	2	104	19	136	154	2	11		
4	9	2	6	29	762	528	7	132	32	162	182	0	13		
4	9	2	6	30	672	460	3	148	27	129	145	0	8		
4	9	2	6	31	628	407	3	156	32	95	113	2	6		
4	9	2	6	32	602	448	4	139	35	176	78	2	14		
4	9	2	6	33	0	18	0	3	4	8	3	0	0		
4	9	2	7	1	726	538	6	134	39	186	163	2	8		
4	9	2	7	2	516	389	0	115	17	111	131	7	8		
4	9	2	7	3	648	453	2	114	26	172	132	1	6		
4	9	2	7	4	516	398	1	100	28	133	130	1	5		
4	9	2	7	5	552	368	3	98	22	115	118	4	8		
4	9	2	7	6	748	528	1	151	30	160	177	3	6		
4	9	2	7	7	1002	740	4	174	38	203	302	9	10		
4	9	2	7	8	824	588	5	152	36	157	221	7	10		
4	9	2	7	9	904	636	0	145	36	202	236	5	12		
4	9	2	7	10	542	391	4	120	19	113	124	4	7		
4	9	2	7	11	569	412	1	117	27	143	111	5	8		
4	9	2	7	12	708	658	9	222	39	196	182	4	6		
4	9	2	7	13	789	579	4	162	37	147	217	4	8		
4	9	2	7	14	766	574	2	313	28	105	121	2	3		
4	9	2	7	15	611	461	8	178	27	139	88	4	17		
4	9	2	7	16	540	381	3	129	42	76	126	1	4		
4	9	2	7	17	659	496	4	140	36	133	170	5	8		
4	9	2	7	18	666	498	4	113	24	184	164	1	8		
4	9	2	7	19	778	560	0	148	32	195	165	6	14		
4	9	2	7	20	651	442	2	121	25	132	151	3	8		
4	9	2	7	21	1013	727	8	214	41	216	237	0	11		
4	9	2	7	22	848	567	4	169	31	186	164	3	10		
4	9	2	7	23	795	552	10	158	31	180	164	1	8		
4	9	2	7	24	753	493	3	187	43	113	138	3	6		
4	9	2	7	25	841	577	1	172	35	178	177	1	13		
4	9	2	7	26	821	570	5	201	31	182	141	4	6		
4	9	2	7	27	937	670	9	200	43	191	212	7	8		
4	9	2	7	28	212	151	0	28	10	64	47	0	2		
4	9	2	8	1	549	444	1	104	35	186	113	2	3		
4	9	2	8	2	616	448	8	108	38	171	118	1	4		
4	9	2	8	3	522	384	1	127	35	120	94	2	5		
4	9	2	8	4	856	637	4	160	29	266	160	6	12		
4	9	2	8	5	750	503	2	114	30	213	134	4	6		
4	9	2	8	6	721	541	3	126	33	239	129	2	9		
4	9	2	8	7	752	549	6	158	34	198	148	0	5		
4	9	2	8	8	743	529	4	133	27	204	152	3	6		
4	9	2	8	9	954	658	5	164	52	219	205	4	9		
4	9	2	8	10	669	485	2	135	19	170	150	4	5		
4	9	2	8	11	864	587	4	157	48	213	150	4	11		
4	9	2	8	12	586	511	4	141	26	199	128	2	11		
4	9	2	8	13	550	411	1	126	31	145	105	0	3		
4	9	2	8	14	838	650	1	136	48	285	163	2	15		
4	9	2	8	15	794	613	1	154	40	253	157	1	7		
4	9	2	8	16	713	552	3	156	32	214	135	3	9		
4	9	2	8	17	716	490	3	136	45	180	120	2	4		
4	9	2	8	18	700	523	2	131	31	203	139	6	11		
4	9	2	8	19	637	477	1	144	29	186	112	0	5		
4	9	2	8	20	820	608	4	140	30	239	180	4	11		
4	9	2	8	21	590	436	2	152	22	135	117	3	5		
4	9	2	8	22	557	415	2	124	25	135	113	5	11		
4	9	2	8	23	625	450	4	139	25	145	123	5	9		
4	9	2	9	1	769	536	5	137	24	213	149	2	6		
4	9	2	9	2	710	529	2	115	24	217	157	5	9		
4	9	2	9	3	879	621	3	237	40	153	171	5	12		
4	9	2	9	4	779	589	6	171	37	206	152	4	13		
4	9	2	9	5	677	480	4	144	38	145	139	3	7		
4	9	2	9	6	759	561	6	154	31	212	148	1	9		
4	9	2	9	7	791	607	7	233	39	211	111	0	6		
4	9	2	9	8	859	610	4	197	30	199	162	4	14		
4	9	2	9	9	739	499	5	145	29	164	141	6	9		
4	9	2	9	10	641	459	2	111	22	183	135	0	6		
4	9	2	9	11	684	465	4	273	29	87	63	2	7		
4	9	2	9	12	854	568	2	155	36	213	152	1	9		
4	9	2	9	13	610	442	3	203	36	104	76	6	14		
4	9	2	9	14	660	474	3	198	34	129	99	2	9		
4	9	2	9	15	643	453	7	194	42	111	77	9	13		
4	9	2	9	16	553	382	3	160	22	107	81	2	7		
4	9	2	9	17	716	468	5	144	34	147	125	7	6		
4	9	2	9	18	760	485	1	161	44	129	144	1	5		
4	9	2	9	19	735	474	4	158	31	146	117	4	14		
4	9	2	9	20	800	539	1	183	34	182	128	1	10		
4	9	2	9	21	788	522	5	185	25	144	152	3	8		
4	9	2	9	22	754	541	9	148	37	190	151	1	5		
4	9	2	9	23	829	580	4	159	38	199	164	4	12		
4	9	2	9	24	876	757	0	225	76	282	163	2	9		
4	9	2	9	25	832	593	2	162	38	208	173	2	8		
4	9	2	9	26	828	599	4	172	36	201	179	2	5		
4	9	2	9	27	704	514	1	110	27	213	148	4	11		
4	9	2	9	28	749	545	1	116	26	235	153	1	13		
4	9	2	9	29	918	655	4	165	50	263	155	8	10		
4	9	2	9	30	803	584	6	146	27	237	154	6	8		
4	9	2	9	31	809	560	0	114	33	257	146	2	8		
4	9	2	9	32	846	597	7	112	43	306	120	3	6		
4	9	2	9	33	778	565	5	173	43	226	105	1	12		
4	9	2	9	34	638	428	8	138	27	131	114	3	7		
4	9	2	9	35	536	356	5	112	30	100	99	2	8		
4	9	2	9	36	628	441	4	156	27	141	101	6	6		
4	9	2	9	37	139	84	0	39	3	16	23	0	3		
4	9	2	9	38	0	0	0	0	0	0	0	0	0		
4	9	2	9	39	0	0	0	0	0	0	0	0	0		
4	9	2	9	40	0	0	0	0	0	0	0	0	0		
4	9	2	9	41	0	21	0	9	0	9	3	0	0		
4	9	2	9	42	0	20	0	8	0	5	6	0	1		
4	9	2	9	43	0	0	0	0	0	0	0	0	0		
4	9	2	9	44	0	0	0	0	0	0	0	0	0		
4	9	2	9	45	0	0	0	0	0	0	0	0	0		
4	9	2	9	46	0	87	0	25	7	28	26	1	0		
4	9	2	92	1	0	554	2	193	30	225	93	2	9		
4	9	2	92	2	0	253	1	43	18	107	81	1	2		
4	9	2	92	3	0	2637	15	641	157	1346	444	5	29		
4	9	2	92	4	0	504	0	81	21	184	205	5	8		
4	9	2	92	5	0	251	1	27	12	121	85	4	1		
4	9	2	92	6	0	547	1	88	30	263	160	0	5		
4	9	2	92	7	0	150	2	16	6	70	53	1	2		
4	9	2	92	8	0	68	0	8	0	31	29	0	0		
4	9	2	92	9	0	1444	20	471	99	544	286	7	17		
4	9	2	92	10	0	7213	11	1984	309	2811	1970	24	104		
4	9	3	2	1	395	284	2	81	17	74	105	3	2		
4	9	3	2	2	669	427	3	152	40	108	111	5	8		
4	9	3	2	3	340	258	2	158	26	55	10	3	4		
4	9	3	2	4	399	330	7	128	22	82	83	4	4		
4	9	3	2	5	667	485	3	189	38	120	127	5	3		
4	9	3	2	6	225	160	4	61	10	53	27	0	5		
4	9	3	2	7	679	500	4	179	29	146	133	2	7		
4	9	3	2	8	483	333	5	176	25	76	38	4	9		
4	9	3	2	9	515	348	2	140	27	117	60	0	2		
4	9	3	2	10	571	385	2	119	30	130	99	2	3		
4	9	3	2	11	364	266	5	100	17	78	54	2	10		
4	9	3	2	12	289	190	2	61	12	57	49	3	6		
4	9	3	2	13	402	274	2	126	21	72	45	1	7		
4	9	3	2	14	472	359	4	214	38	66	27	6	4		
4	9	3	2	15	192	147	0	55	9	42	40	0	1		
4	9	3	2	16	295	219	6	136	20	38	12	1	6		
4	9	3	2	17	399	301	4	202	24	42	23	0	6		
4	9	3	2	18	657	426	7	202	43	92	68	7	7		
4	9	3	2	19	415	260	2	77	30	61	84	2	4		
4	9	3	2	20	493	399	3	189	21	92	87	0	7		
4	9	3	2	21	521	332	3	140	22	92	67	1	7		
4	9	3	2	22	415	300	2	95	24	99	71	3	6		
4	9	3	2	23	313	219	2	65	14	76	61	0	1		
4	9	3	2	24	600	404	0	141	27	121	102	3	10		
4	9	3	2	25	549	402	4	224	41	96	29	4	4		
4	9	3	2	26	327	552	4	297	54	123	65	2	7		
4	9	3	2	27	464	349	1	83	29	169	57	4	6		
4	9	3	2	28	476	318	1	113	31	79	86	3	5		
4	9	3	2	29	369	275	1	80	16	98	76	2	2		
4	9	3	2	30	245	223	0	90	14	74	42	0	3		
4	9	3	2	31	458	320	3	117	17	110	66	2	5		
4	9	3	2	32	511	383	3	252	24	65	33	4	2		
4	9	3	2	33	347	220	2	41	14	82	78	2	1		
4	9	3	2	34	445	291	3	95	18	91	82	0	2		
4	9	3	2	35	411	274	1	155	20	60	31	4	3		
4	9	3	2	36	492	318	0	146	22	98	48	1	3		
4	9	3	2	37	426	280	4	132	22	79	30	7	6		
4	9	3	2	38	495	358	6	223	34	63	24	1	7		
4	9	3	2	39	400	281	4	165	30	56	20	1	5		
4	9	3	2	40	265	194	1	70	7	66	46	1	3		
4	9	3	2	41	423	308	3	152	25	69	49	1	9		
4	9	3	2	42	240	163	0	44	13	66	34	2	4		
4	9	3	2	43	620	424	5	140	27	124	117	3	8		
4	9	3	2	44	457	325	5	186	25	73	27	2	7		
4	9	3	2	45	393	265	1	106	14	64	73	2	5		
4	9	3	2	46	413	312	3	112	29	99	65	3	1		
4	9	3	2	47	372	255	4	96	22	66	57	4	6		
4	9	3	2	48	347	224	1	71	25	81	43	0	3		
4	9	3	2	49	448	322	2	145	34	83	50	2	6		
4	9	3	2	50	399	306	6	137	28	82	51	0	2		
4	9	3	2	51	247	166	2	64	21	42	30	0	7		
4	9	3	2	52	569	419	5	165	33	121	84	4	7		
4	9	3	2	53	332	250	1	149	23	52	20	3	2		
4	9	3	2	54	628	448	7	191	31	95	113	2	9		
4	9	3	2	55	524	370	6	130	31	115	80	2	6		
4	9	3	2	56	417	294	5	152	37	63	35	0	2		
4	9	3	2	57	328	203	2	86	16	52	40	1	6		
4	9	3	2	58	309	234	4	151	17	25	36	0	1		
4	9	3	2	59	568	386	6	131	44	115	81	3	6		
4	9	3	2	60	649	451	7	213	40	118	68	2	3		
4	9	3	2	61	257	163	1	60	16	59	22	0	5		
4	9	3	2	62	297	202	2	86	16	63	28	1	6		
4	9	3	2	63	518	344	1	142	21	87	85	1	7		
4	9	3	2	64	390	308	4	132	23	108	40	0	1		
4	9	3	2	65	590	450	5	205	44	113	76	2	5		
4	9	3	2	66	584	417	2	268	42	71	25	1	8		
4	9	3	2	67	619	451	4	216	32	120	64	5	10		
4	9	3	2	68	261	198	3	107	11	35	36	2	4		
4	9	3	2	69	333	215	2	127	20	31	28	2	5		
4	9	3	2	70	497	333	1	154	24	82	66	3	3		
4	9	3	2	71	432	319	1	176	26	65	37	5	9		
4	9	3	2	72	515	385	7	226	36	77	27	6	6		
4	9	3	2	73	404	271	3	105	32	63	51	5	12		
4	9	3	2	74	526	363	2	162	27	85	76	3	8		
4	9	3	2	75	355	290	2	193	19	58	10	2	6		
4	9	3	2	76	560	394	2	184	35	90	69	1	13		
4	9	3	2	77	479	333	6	144	32	70	69	4	8		
4	9	3	2	78	212	135	1	73	9	27	20	1	4		
4	9	3	2	79	604	418	5	164	29	120	91	2	7		
4	9	3	2	80	550	381	5	136	31	96	101	3	9		
4	9	3	2	81	563	358	2	223	34	57	24	5	13		
4	9	3	2	82	400	252	5	106	26	60	49	3	3		
4	9	3	2	83	597	403	6	208	30	77	73	2	7		
4	9	3	2	84	375	250	1	129	20	59	36	1	4		
4	9	3	2	85	433	280	1	139	28	58	49	1	4		
4	9	3	2	86	379	242	1	133	26	41	37	2	2		
4	9	3	2	87	699	501	3	225	57	148	55	2	11		
4	9	3	2	88	462	297	2	143	15	70	61	2	4		
4	9	3	2	89	578	372	4	135	45	117	60	1	10		
4	9	3	2	90	294	204	6	97	15	51	26	3	6		
4	9	3	2	91	333	248	3	97	11	47	78	6	6		
4	9	3	2	92	519	361	3	221	43	58	25	3	8		
4	9	3	2	93	664	464	4	179	39	140	97	0	5		
4	9	3	2	94	643	457	2	137	38	176	92	2	10		
4	9	3	2	95	486	334	3	152	31	102	37	2	7		
4	9	3	2	96	352	230	1	126	36	40	19	4	4		
4	9	3	2	97	518	363	0	184	33	79	54	3	10		
4	9	3	2	98	428	323	1	117	28	113	52	6	6		
4	9	3	2	99	498	345	4	137	11	101	84	2	6		
4	9	3	2	100	482	346	4	101	23	113	94	3	8		
4	9	3	2	101	559	415	1	136	37	124	101	4	12		
4	9	3	2	102	598	391	1	115	30	147	90	5	3		
4	9	3	2	103	491	360	7	213	36	72	18	3	11		
4	9	3	2	104	364	272	2	151	24	66	24	1	4		
4	9	3	2	105	220	154	1	57	19	48	24	1	4		
4	9	3	2	106	613	410	10	228	35	90	36	1	10		
4	9	3	2	107	406	304	2	182	39	59	14	2	6		
4	9	3	2	108	367	265	0	172	24	48	14	0	7		
4	9	3	2	109	496	329	1	132	38	81	64	3	10		
4	9	3	2	110	505	299	3	171	37	47	30	3	8		
4	9	3	2	111	565	370	2	190	37	74	52	2	13		
4	9	3	2	112	449	371	4	131	25	150	53	1	7		
4	9	3	2	113	274	188	0	110	17	38	19	3	1		
4	9	3	2	114	225	154	1	56	16	48	27	0	6		
4	9	3	2	115	374	239	4	112	21	58	38	1	5		
4	9	3	2	116	428	272	4	125	20	75	43	3	2		
4	9	3	2	117	667	413	5	190	43	117	49	2	7		
4	9	3	2	118	585	374	2	158	49	89	68	2	6		
4	9	3	2	119	405	310	0	113	18	108	63	2	6		
4	9	3	2	120	408	308	10	175	36	63	16	1	7		
4	9	3	2	121	226	142	0	69	20	31	17	3	2		
4	9	3	2	122	563	386	3	135	39	122	71	6	10		
4	9	3	2	123	556	372	0	155	40	104	65	3	5		
4	9	3	2	124	563	406	8	161	46	92	85	3	11		
4	9	3	2	125	473	338	4	151	35	87	50	3	8		
4	9	3	2	126	533	365	5	112	37	131	71	4	5		
4	9	3	2	127	0	46	1	20	3	20	2	0	0		
4	9	3	20	1	654	434	1	147	38	106	130	7	5		
4	9	3	20	2	712	483	1	183	37	128	121	5	8		
4	9	3	20	3	724	447	5	209	56	105	58	9	5		
4	9	3	20	4	513	371	4	176	39	88	50	7	7		
4	9	3	20	5	515	344	2	139	25	105	68	1	4		
4	9	3	20	6	573	365	1	152	41	103	58	3	7		
4	9	3	20	7	742	489	8	219	36	121	89	6	10		
4	9	3	20	8	573	361	3	135	54	113	47	3	6		
4	9	3	20	9	584	418	4	192	47	106	60	4	5		
4	9	3	20	10	524	353	0	199	41	74	29	4	6		
4	9	3	20	11	670	459	6	244	42	100	54	5	8		
4	9	3	20	12	536	349	4	157	40	86	52	1	9		
4	9	3	20	13	754	524	10	289	52	106	55	3	9		
4	9	3	20	14	514	403	3	154	42	140	53	3	8		
4	9	3	20	15	592	404	8	193	48	107	40	3	5		
4	9	3	20	16	527	357	3	183	30	79	47	4	11		
4	9	3	20	17	715	515	6	290	70	108	29	4	8		
4	9	3	20	18	499	330	3	185	30	68	34	2	8		
4	9	3	20	19	742	519	9	298	51	112	36	4	9		
4	9	3	20	20	554	360	8	234	46	49	19	0	4		
4	9	3	20	21	743	564	2	225	27	176	122	2	10		
4	9	3	20	22	613	495	4	303	56	98	27	0	7		
4	9	3	20	23	246	156	1	82	8	35	26	2	2		
4	9	3	20	24	604	449	3	282	41	86	26	2	9		
4	9	3	20	25	769	595	4	344	43	141	49	3	11		
4	9	3	20	26	660	516	1	216	40	159	85	4	11		
4	9	3	20	27	687	437	5	272	41	58	49	3	9		
4	9	3	20	28	443	364	6	172	14	88	76	1	7		
4	9	3	20	29	491	379	0	165	14	99	96	1	4		
4	9	3	20	30	834	562	7	345	55	98	30	4	23		
4	9	3	20	31	820	568	6	354	70	92	28	4	14		
4	9	3	20	32	640	396	5	241	43	63	35	3	6		
4	9	3	20	33	835	553	7	295	65	133	39	1	13		
4	9	3	20	34	254	195	3	68	13	68	38	2	3		
4	9	3	20	35	674	461	4	223	30	94	92	4	14		
4	9	3	20	36	661	434	7	208	56	103	48	3	9		
4	9	3	20	37	720	486	4	312	58	81	21	2	8		
4	9	3	20	38	786	618	6	364	47	138	39	9	15		
4	9	3	20	39	606	417	5	229	39	103	27	6	8		
4	9	3	20	40	533	367	5	190	31	89	29	9	14		
4	9	3	20	41	640	391	4	242	51	63	22	2	7		
4	9	3	20	42	573	338	5	194	45	57	28	5	4		
4	9	3	20	43	501	371	5	198	30	95	28	3	12		
4	9	3	20	44	470	341	3	167	28	95	36	4	8		
4	9	3	20	45	509	355	2	213	35	65	31	2	7		
4	9	3	20	46	601	356	7	203	30	57	41	9	9		
4	9	3	20	47	493	354	3	147	13	101	79	1	10		
4	9	3	20	48	550	366	1	162	38	92	62	2	9		
4	9	3	20	49	725	389	4	226	42	59	39	9	10		
4	9	3	20	50	624	363	6	202	45	72	28	5	5		
4	9	3	20	51	532	349	8	177	34	94	25	2	9		
4	9	3	20	52	645	446	3	182	30	110	109	5	7		
4	9	3	20	53	626	469	8	211	30	123	90	1	6		
4	9	3	20	54	388	274	5	121	28	88	24	2	6		
4	9	3	20	55	536	382	3	179	45	107	40	2	6		
4	9	3	20	56	544	332	4	157	41	92	29	2	7		
4	9	3	20	57	599	452	5	176	32	178	55	2	4		
4	9	3	20	58	586	389	3	178	32	95	71	4	6		
4	9	3	20	59	547	344	4	202	28	64	38	2	6		
4	9	3	20	60	615	385	6	202	32	89	45	1	10		
4	9	3	20	61	489	373	6	182	35	112	30	2	6		
4	9	3	20	62	532	378	10	180	25	115	37	2	9		
4	9	3	20	63	551	339	3	174	21	92	35	4	10		
4	9	3	20	64	475	355	0	205	20	85	32	2	11		
4	9	3	20	65	575	391	9	206	33	90	44	4	5		
4	9	3	20	66	562	386	2	175	33	140	29	2	5		
4	9	3	20	67	353	240	1	124	9	49	48	2	7		
4	9	3	20	68	281	73	1	44	6	13	5	3	1		
4	9	3	20	69	633	409	3	220	41	85	49	2	9		
4	9	3	20	70	695	688	7	460	54	122	36	6	3		
4	9	3	20	71	690	509	7	271	47	122	46	4	12		
4	9	3	20	72	650	483	6	223	43	155	43	3	10		
4	9	3	20	73	536	363	2	207	31	73	41	1	8		
4	9	3	20	74	713	488	7	179	49	169	73	0	11		
4	9	3	20	75	577	406	8	188	36	111	51	3	9		
4	9	3	20	76	722	525	11	268	41	110	70	9	16		
4	9	3	20	77	620	435	11	205	32	127	46	3	11		
4	9	3	20	78	508	350	6	143	44	79	71	2	5		
4	9	3	20	79	521	369	2	160	40	110	46	3	8		
4	9	3	20	80	658	439	4	241	51	90	44	3	6		
4	9	3	20	81	677	430	4	216	29	91	73	3	14		
4	9	3	20	82	385	279	1	106	29	74	62	4	3		
4	9	3	20	83	613	418	2	153	36	109	105	5	8		
4	9	3	20	84	493	360	4	129	31	113	76	2	5		
4	9	3	20	85	0	16	0	7	2	5	2	0	0		
4	9	3	93	1	0	606	1	291	28	223	53	3	7		
4	9	3	93	2	0	131	1	44	13	41	30	0	2		
4	9	3	93	3	0	2399	13	935	161	978	271	11	30		
4	9	3	93	4	0	274	1	44	21	101	99	2	6		
4	9	3	93	5	0	104	0	27	6	33	35	3	0		
4	9	3	93	6	0	383	3	107	30	157	82	3	1		
4	9	3	93	7	0	64	0	7	3	24	27	2	1		
4	9	3	93	8	0	22	0	3	1	7	10	0	1		
4	9	3	93	9	0	1486	28	757	112	349	197	19	24		
4	9	3	93	10	0	761	15	234	32	199	269	3	9		
4	9	4	10	1	512	329	4	145	28	103	41	1	7		
4	9	4	10	2	461	373	2	190	7	88	76	0	10		
4	9	4	10	3	434	338	3	204	22	66	37	2	4		
4	9	4	10	4	812	526	9	225	43	148	87	4	10		
4	9	4	10	5	731	544	9	261	54	163	48	1	8		
4	9	4	10	6	538	422	4	251	44	82	17	5	19		
4	9	4	10	7	466	331	1	123	26	118	58	1	4		
4	9	4	10	8	282	197	1	93	24	41	34	2	2		
4	9	4	10	9	335	241	0	86	20	92	35	3	5		
4	9	4	10	10	490	382	3	234	27	89	19	2	8		
4	9	4	10	11	507	397	9	147	29	157	45	3	7		
4	9	4	10	12	645	412	5	224	34	86	52	5	6		
4	9	4	10	13	474	353	3	218	28	79	14	3	8		
4	9	4	10	14	542	741	7	468	49	160	38	8	11		
4	9	4	10	15	359	282	1	132	25	79	36	2	7		
4	9	4	10	16	546	376	2	193	43	89	42	2	5		
4	9	4	10	17	458	357	5	205	53	68	18	2	6		
4	9	4	10	18	747	493	9	287	43	90	47	4	13		
4	9	4	10	19	586	439	4	276	43	87	19	1	9		
4	9	4	10	20	681	427	1	188	38	151	39	1	9		
4	9	4	10	21	342	238	2	147	24	31	26	1	7		
4	9	4	10	22	718	494	3	286	36	111	48	2	8		
4	9	4	10	23	515	371	8	208	33	82	23	6	11		
4	9	4	10	24	317	223	3	110	21	62	20	4	3		
4	9	4	10	25	401	270	1	128	27	60	39	4	11		
4	9	4	10	26	601	389	5	219	40	86	30	3	6		
4	9	4	10	27	534	401	1	228	48	94	20	3	7		
4	9	4	10	28	366	215	1	122	22	39	24	2	5		
4	9	4	10	29	385	286	1	125	43	75	31	1	10		
4	9	4	10	30	426	278	4	178	24	39	21	4	8		
4	9	4	10	31	648	442	7	183	54	128	61	4	5		
4	9	4	10	32	533	388	6	247	40	65	20	2	8		
4	9	4	10	33	401	286	4	96	33	114	36	1	2		
4	9	4	10	34	397	292	1	112	17	117	39	0	6		
4	9	4	10	35	488	289	3	139	14	92	32	3	6		
4	9	4	10	36	542	461	2	226	21	142	61	0	9		
4	9	4	10	37	535	348	5	150	34	106	44	3	6		
4	9	4	10	38	529	335	2	199	39	60	29	3	3		
4	9	4	10	39	267	204	2	111	15	38	32	2	4		
4	9	4	10	40	560	339	2	196	45	63	19	5	9		
4	9	4	10	41	608	354	4	204	43	54	31	7	11		
4	9	4	10	42	495	388	5	245	38	79	17	1	3		
4	9	4	10	43	467	311	4	189	33	47	18	5	15		
4	9	4	10	44	436	269	6	168	28	42	16	3	6		
4	9	4	10	45	551	344	4	160	27	97	47	0	9		
4	9	4	10	46	445	360	3	228	37	68	15	2	7		
4	9	4	10	47	683	455	7	245	42	100	51	4	6		
4	9	4	10	48	452	272	1	176	19	43	22	2	9		
4	9	4	10	49	720	518	8	304	41	122	29	6	8		
4	9	4	10	50	572	442	6	218	49	126	30	0	13		
4	9	4	10	51	500	336	5	159	31	94	34	3	10		
4	9	4	10	52	378	271	3	169	35	46	15	0	3		
4	9	4	10	53	715	419	2	245	36	88	36	4	8		
4	9	4	10	54	640	502	2	241	41	143	63	1	11		
4	9	4	10	55	416	293	3	151	33	66	31	3	6		
4	9	4	10	56	598	431	3	233	37	97	47	2	12		
4	9	4	10	57	612	446	2	189	45	142	54	3	11		
4	9	4	10	58	373	253	4	157	22	47	16	2	5		
4	9	4	10	59	639	465	3	276	56	87	26	3	14		
4	9	4	10	60	723	607	3	217	80	235	64	1	7		
4	9	4	10	61	355	217	1	100	30	54	26	2	4		
4	9	4	10	62	893	724	4	315	44	257	81	1	22		
4	9	4	10	63	602	341	4	154	40	106	32	2	3		
4	9	4	10	64	388	235	2	119	14	64	29	2	5		
4	9	4	10	65	727	453	4	208	41	139	50	5	6		
4	9	4	10	66	1133	853	6	297	76	351	102	1	20		
4	9	4	10	67	613	450	8	229	32	93	77	2	9		
4	9	4	10	68	718	440	3	196	34	140	55	4	8		
4	9	4	10	69	756	587	8	227	49	206	84	2	11		
4	9	4	10	70	668	468	5	257	51	106	39	3	7		
4	9	4	10	71	579	482	1	169	38	227	42	1	4		
4	9	4	10	72	562	389	3	187	26	120	44	2	7		
4	9	4	10	73	546	362	3	165	31	115	44	0	4		
4	9	4	10	74	576	411	4	195	36	118	47	3	8		
4	9	4	10	75	557	432	6	235	45	112	23	6	5		
4	9	4	10	76	510	348	0	186	27	93	27	4	11		
4	9	4	10	77	522	367	6	202	35	86	32	2	4		
4	9	4	10	78	540	372	6	176	32	117	29	3	9		
4	9	4	10	79	403	269	5	114	29	90	26	2	3		
4	9	4	10	80	460	331	4	206	44	56	18	2	1		
4	9	4	10	81	454	271	6	165	35	45	13	1	6		
4	9	4	10	82	328	201	2	125	18	33	16	1	6		
4	9	4	10	83	339	214	2	142	15	29	18	3	5		
4	9	4	10	84	604	422	4	229	36	103	38	3	9		
4	9	4	10	85	518	380	4	201	32	111	26	4	2		
4	9	4	10	86	523	379	2	160	31	127	45	5	9		
4	9	4	10	87	354	247	1	144	20	44	28	3	7		
4	9	4	10	88	398	231	4	118	22	54	28	2	3		
4	9	4	10	89	461	298	2	158	22	72	35	4	5		
4	9	4	10	90	731	603	11	373	62	104	33	4	16		
4	9	4	10	91	517	380	4	222	28	83	22	5	16		
4	9	4	10	92	746	580	8	205	62	220	69	3	13		
4	9	4	10	93	659	450	5	180	46	140	72	3	4		
4	9	4	10	94	460	327	7	193	39	62	18	2	6		
4	9	4	10	95	615	416	5	257	34	79	25	4	12		
4	9	4	10	96	387	255	1	161	18	40	23	0	12		
4	9	4	10	97	679	457	3	269	62	84	26	2	11		
4	9	4	10	98	661	518	5	279	44	136	48	2	4		
4	9	4	10	99	338	228	2	96	35	71	19	0	5		
4	9	4	10	100	445	268	2	138	23	74	23	2	6		
4	9	4	10	101	435	256	0	142	36	53	18	2	5		
4	9	4	10	102	457	230	0	143	18	46	15	3	5		
4	9	4	10	103	741	454	6	219	55	122	42	3	7		
4	9	4	10	104	484	367	2	149	32	128	50	3	3		
4	9	4	10	105	501	388	3	232	29	79	35	2	8		
4	9	4	10	106	561	407	2	221	48	100	32	0	4		
4	9	4	10	107	788	558	6	237	49	190	58	4	14		
4	9	4	10	108	545	338	2	191	41	63	27	2	12		
4	9	4	10	109	410	305	2	139	27	82	41	4	10		
4	9	4	10	110	455	304	1	174	43	58	20	0	8		
4	9	4	10	111	714	539	12	332	46	97	44	4	4		
4	9	4	10	112	789	489	5	273	59	96	45	3	8		
4	9	4	10	113	526	377	2	242	29	71	22	4	7		
4	9	4	10	114	424	317	5	169	42	74	20	3	4		
4	9	4	10	115	522	383	8	207	26	93	39	3	7		
4	9	4	10	116	438	324	1	122	28	135	29	5	4		
4	9	4	10	117	486	326	1	180	21	97	24	0	3		
4	9	4	10	118	527	381	4	204	51	97	17	3	5		
4	9	4	10	119	469	365	3	240	32	51	31	0	8		
4	9	4	10	120	377	266	1	140	24	77	11	3	10		
4	9	4	10	121	624	425	5	197	31	117	66	2	7		
4	9	4	10	122	718	532	10	314	54	116	32	3	3		
4	9	4	10	123	662	400	5	213	26	107	37	5	7		
4	9	4	10	124	402	291	2	110	32	107	34	0	6		
4	9	4	10	125	590	460	2	254	48	86	39	8	23		
4	9	4	10	126	428	246	2	150	17	48	22	3	4		
4	9	4	10	127	511	353	3	196	29	67	45	7	6		
4	9	4	10	128	690	485	7	233	42	141	44	3	15		
4	9	4	10	129	377	283	1	158	22	64	33	2	3		
4	9	4	10	130	633	449	7	261	46	98	20	5	12		
4	9	4	10	131	668	491	4	314	66	78	18	2	9		
4	9	4	10	132	409	263	1	137	42	58	15	2	8		
4	9	4	10	133	565	477	6	321	24	80	33	3	10		
4	9	4	10	134	441	341	2	182	21	96	28	3	9		
4	9	4	10	135	593	401	6	237	36	78	39	0	5		
4	9	4	10	136	332	258	3	124	13	83	28	1	6		
4	9	4	10	137	296	179	1	83	14	51	26	0	4		
4	9	4	10	138	542	384	3	194	28	106	41	8	4		
4	9	4	10	139	576	449	5	262	45	89	37	5	6		
4	9	4	10	140	542	404	5	204	51	92	33	5	14		
4	9	4	10	141	625	436	2	256	42	93	38	0	5		
4	9	4	10	142	538	369	3	223	46	66	19	3	9		
4	9	4	10	143	632	437	3	229	45	110	34	8	8		
4	9	4	10	144	498	341	1	203	36	71	19	3	8		
4	9	4	10	145	376	204	0	135	17	36	11	2	3		
4	9	4	10	146	441	249	5	169	22	34	13	1	5		
4	9	4	10	147	418	226	2	125	30	50	14	1	4		
4	9	4	10	148	698	384	2	259	38	50	16	3	16		
4	9	4	10	149	635	417	4	235	49	76	38	5	10		
4	9	4	10	150	543	372	5	223	42	64	27	1	10		
4	9	4	10	151	455	309	5	113	18	119	45	4	5		
4	9	4	10	152	504	331	1	150	24	104	38	5	9		
4	9	4	10	153	761	561	8	308	55	117	62	3	8		
4	9	4	10	154	1088	744	14	340	57	224	82	3	24		
4	9	4	10	155	530	368	3	198	35	99	22	4	7		
4	9	4	10	156	411	314	2	150	26	81	48	2	5		
4	9	4	10	157	792	621	7	332	39	166	59	9	9		
4	9	4	10	158	522	388	5	235	34	86	21	2	5		
4	9	4	10	159	654	476	8	259	44	115	37	2	11		
4	9	4	10	160	550	399	2	220	44	97	31	0	5		
4	9	4	10	161	567	388	4	232	46	66	34	2	4		
4	9	4	10	162	615	473	4	266	53	106	32	3	9		
4	9	4	10	163	457	346	3	206	43	65	24	1	4		
4	9	4	10	164	746	400	4	249	57	59	23	2	6		
4	9	4	10	165	519	376	4	240	46	50	20	3	13		
4	9	4	10	166	599	468	6	303	40	83	30	2	4		
4	9	4	10	167	523	437	3	255	32	95	31	4	17		
4	9	4	10	168	483	360	10	210	28	66	38	4	4		
4	9	4	10	169	699	588	3	299	55	163	54	5	9		
4	9	4	10	170	608	506	5	201	49	181	58	1	11		
4	9	4	10	171	694	479	4	311	41	89	22	3	9		
4	9	4	10	172	407	318	1	226	23	42	21	0	5		
4	9	4	10	173	378	305	3	198	29	43	25	3	4		
4	9	4	10	174	521	387	5	204	38	93	37	2	8		
4	9	4	10	175	405	297	3	174	33	52	25	2	8		
4	9	4	10	176	442	324	6	180	25	65	38	4	6		
4	9	4	10	177	337	255	3	162	27	42	17	1	3		
4	9	4	10	178	359	263	9	136	22	67	24	0	5		
4	9	4	10	179	384	303	1	168	32	68	27	2	5		
4	9	4	10	180	648	392	3	237	44	62	36	1	9		
4	9	4	10	181	655	494	9	255	27	139	50	2	12		
4	9	4	10	182	689	395	6	236	49	62	22	6	14		
4	9	4	10	183	492	292	1	175	26	58	25	1	6		
4	9	4	10	184	516	382	5	239	41	77	11	2	7		
4	9	4	10	185	671	500	4	279	63	100	43	1	10		
4	9	4	10	186	489	376	2	203	44	83	35	1	8		
4	9	4	10	187	435	342	7	216	30	52	23	4	10		
4	9	4	10	188	438	324	3	189	41	73	12	0	6		
4	9	4	10	189	406	271	2	163	29	49	20	2	6		
4	9	4	10	190	381	299	2	187	26	53	21	1	9		
4	9	4	10	191	313	238	1	126	19	56	26	3	7		
4	9	4	10	192	411	279	1	178	36	43	14	1	6		
4	9	4	10	193	381	284	2	177	36	49	12	1	7		
4	9	4	10	194	383	294	2	166	34	56	28	2	6		
4	9	4	10	195	646	501	4	289	73	87	34	5	9		
4	9	4	10	196	706	529	4	257	44	141	67	4	12		
4	9	4	10	197	553	411	5	257	41	73	22	3	10		
4	9	4	10	198	445	337	4	204	39	60	19	3	8		
4	9	4	10	199	506	336	8	184	31	73	28	1	11		
4	9	4	10	200	0	41	0	30	2	8	1	0	0		
4	9	4	10	201	0	68	7	38	8	9	4	0	2		
4	9	4	10	202	0	47	2	32	2	6	4	1	0		
4	9	4	10	203	0	33	0	13	2	17	1	0	0		
4	9	4	10	204	0	53	0	30	7	9	6	0	1		
4	9	4	10	205	0	40	0	18	5	9	6	0	2		
4	9	4	11	1	536	347	3	221	32	62	14	4	11		
4	9	4	11	2	597	473	6	341	28	65	17	4	12		
4	9	4	11	3	460	343	5	194	21	84	31	2	6		
4	9	4	11	4	682	431	4	248	53	91	21	5	9		
4	9	4	11	5	491	311	3	165	26	87	23	1	6		
4	9	4	11	6	564	368	5	212	40	67	29	6	9		
4	9	4	11	7	744	510	12	307	39	93	51	2	6		
4	9	4	11	8	767	531	2	344	37	102	33	7	6		
4	9	4	11	9	574	370	5	241	28	56	31	0	9		
4	9	4	11	10	813	552	6	317	51	113	53	2	10		
4	9	4	11	11	665	493	5	285	47	92	49	7	8		
4	9	4	11	12	445	337	1	154	23	103	44	2	10		
4	9	4	11	13	455	300	6	188	23	54	21	2	6		
4	9	4	11	14	702	434	9	266	55	65	30	3	6		
4	9	4	11	15	764	576	8	326	45	155	30	2	10		
4	9	4	11	16	594	382	8	162	35	133	31	4	9		
4	9	4	11	17	726	485	7	223	43	135	65	2	10		
4	9	4	11	18	279	451	5	305	24	79	28	3	7		
4	9	4	11	19	619	450	7	285	38	84	27	0	9		
4	9	4	11	20	752	520	7	296	50	99	54	7	7		
4	9	4	11	21	761	563	6	366	26	115	36	3	11		
4	9	4	11	22	383	272	2	146	14	77	26	2	5		
4	9	4	11	23	914	752	2	561	41	76	48	7	17		
4	9	4	11	24	737	458	4	307	40	54	37	9	7		
4	9	4	11	25	402	264	4	179	31	29	11	6	4		
4	9	4	11	26	718	455	1	248	59	91	42	3	11		
4	9	4	11	27	1048	622	9	320	77	144	59	0	13		
4	9	4	11	28	517	362	4	212	26	88	24	4	4		
4	9	4	11	29	937	668	10	401	46	134	48	10	19		
4	9	4	11	30	654	439	4	264	39	96	30	4	2		
4	9	4	11	31	751	571	7	318	37	131	59	3	16		
4	9	4	11	32	767	552	6	211	64	194	68	4	5		
4	9	4	11	33	556	499	3	259	28	108	94	2	5		
4	9	4	11	34	668	499	8	217	25	199	41	2	7		
4	9	4	11	35	586	449	7	271	36	99	26	3	7		
4	9	4	11	36	631	498	3	224	61	162	40	5	3		
4	9	4	11	37	755	499	5	328	48	77	26	4	11		
4	9	4	11	38	640	427	6	301	26	53	18	9	14		
4	9	4	11	39	737	453	7	276	41	66	45	5	13		
4	9	4	11	40	876	600	8	327	64	117	70	1	13		
4	9	4	11	41	1040	752	8	389	63	228	55	2	7		
4	9	4	11	42	610	456	6	226	52	121	43	0	8		
4	9	4	11	43	527	351	2	210	43	73	16	2	5		
4	9	4	11	44	492	366	3	223	35	77	14	6	8		
4	9	4	11	45	662	469	11	277	43	93	29	5	11		
4	9	4	11	46	942	671	4	382	74	170	26	4	11		
4	9	4	11	47	845	680	11	393	57	144	64	2	9		
4	9	4	11	48	611	488	3	240	33	117	85	1	9		
4	9	4	11	49	736	524	9	321	54	109	17	7	7		
4	9	4	11	50	941	687	9	430	70	126	25	7	20		
4	9	4	11	51	608	472	7	226	38	151	40	3	7		
4	9	4	11	52	669	510	7	211	43	173	64	3	9		
4	9	4	11	53	840	654	10	336	49	170	77	3	9		
4	9	4	11	54	618	511	6	276	45	130	34	6	14		
4	9	4	11	55	414	337	3	143	25	117	42	0	7		
4	9	4	11	56	990	744	4	439	51	158	71	6	15		
4	9	4	11	57	1095	833	11	442	58	232	67	4	19		
4	9	4	11	58	598	421	6	262	50	78	20	2	3		
4	9	4	11	59	509	395	8	270	27	77	7	3	3		
4	9	4	11	60	810	584	11	384	45	110	19	4	11		
4	9	4	11	61	699	478	12	287	36	116	14	4	9		
4	9	4	11	62	788	561	8	368	49	97	21	4	14		
4	9	4	11	63	624	458	4	154	16	113	147	10	14		
4	9	4	11	64	1116	893	6	353	67	384	69	5	9		
4	9	4	11	65	1207	803	7	392	72	234	85	4	9		
4	9	4	11	66	778	565	7	253	49	161	75	3	17		
4	9	4	11	67	1110	717	6	401	68	182	36	8	16		
4	9	4	11	68	948	704	7	406	85	159	27	2	18		
4	9	4	11	69	889	665	6	411	52	134	40	9	13		
4	9	4	11	70	967	690	13	363	45	177	69	2	21		
4	9	4	11	71	1027	773	6	332	76	265	85	2	7		
4	9	4	11	72	1038	798	11	401	56	212	95	2	21		
4	9	4	11	73	1113	679	9	417	59	118	56	3	17		
4	9	4	11	74	1156	734	11	382	88	168	64	4	17		
4	9	4	11	75	1077	669	9	364	45	150	81	3	17		
4	9	4	12	1	775	539	4	235	49	171	70	1	9		
4	9	4	12	2	795	577	3	269	57	160	77	4	7		
4	9	4	12	3	647	363	6	190	33	74	49	3	8		
4	9	4	12	4	546	377	4	155	37	98	71	4	8		
4	9	4	12	5	513	378	0	157	36	111	65	8	1		
4	9	4	12	6	640	380	7	234	36	57	41	0	5		
4	9	4	12	7	886	565	2	285	65	126	74	4	9		
4	9	4	12	8	834	543	4	253	55	141	77	2	11		
4	9	4	12	9	737	534	4	170	36	210	97	1	16		
4	9	4	12	10	805	548	8	201	39	172	109	7	12		
4	9	4	12	11	586	476	5	214	43	120	86	1	7		
4	9	4	12	12	513	423	2	174	35	118	89	1	4		
4	9	4	12	13	503	285	1	181	32	39	24	2	6		
4	9	4	12	14	622	406	9	225	32	68	61	3	8		
4	9	4	12	15	696	403	5	206	27	97	54	5	9		
4	9	4	12	16	522	365	5	167	30	97	58	4	4		
4	9	4	12	17	467	289	5	95	15	109	47	3	15		
4	9	4	12	18	744	453	6	217	46	121	47	5	11		
4	9	4	12	19	887	607	5	316	58	141	66	5	16		
4	9	4	12	20	1135	773	14	367	73	203	97	2	17		
4	9	4	12	21	813	517	5	287	62	83	69	4	7		
4	9	4	12	22	785	514	5	232	40	151	72	3	11		
4	9	4	12	23	722	550	3	310	54	119	53	6	5		
4	9	4	12	24	727	526	1	239	46	148	78	5	9		
4	9	4	12	25	695	472	5	201	44	146	69	3	4		
4	9	4	12	26	652	457	4	235	38	114	54	2	10		
4	9	4	12	27	730	531	5	297	47	122	46	1	13		
4	9	4	12	28	520	329	2	154	30	74	61	2	6		
4	9	4	12	29	789	552	8	205	44	185	92	10	8		
4	9	4	12	30	668	478	2	191	47	149	77	4	8		
4	9	4	12	31	664	521	5	230	59	174	44	0	9		
4	9	4	12	32	662	438	4	173	37	123	84	3	14		
4	9	4	12	33	818	938	19	453	71	289	87	3	16		
4	9	4	12	34	655	461	6	178	37	139	91	5	5		
4	9	4	12	35	756	532	3	178	39	178	122	5	7		
4	9	4	12	36	700	491	3	146	31	198	109	1	3		
4	9	4	12	37	603	461	4	150	38	165	97	2	5		
4	9	4	12	38	573	350	2	88	24	165	65	0	6		
4	9	4	12	39	810	513	4	186	37	157	113	6	10		
4	9	4	12	40	736	509	10	205	41	170	67	0	16		
4	9	4	12	41	770	525	3	303	53	107	46	3	10		
4	9	4	12	42	775	490	5	269	60	93	52	3	8		
4	9	4	12	43	708	461	6	267	57	93	25	2	11		
4	9	4	12	44	629	513	3	222	43	168	64	1	12		
4	9	4	12	45	511	359	8	186	42	78	38	4	3		
4	9	4	12	46	535	406	5	217	28	99	43	3	11		
4	9	4	12	47	724	553	3	217	45	181	90	6	11		
4	9	4	12	48	842	630	1	243	43	237	87	6	13		
4	9	4	12	49	884	657	7	208	41	283	97	6	15		
4	9	4	12	50	799	581	10	192	37	240	91	4	7		
4	9	4	12	51	863	681	1	252	55	220	139	3	11		
4	9	4	12	52	672	538	5	147	47	250	80	3	6		
4	9	4	12	53	624	442	6	172	45	144	57	4	14		
4	9	4	12	54	680	578	2	319	37	130	76	7	7		
4	9	4	12	55	663	537	5	276	24	127	83	6	16		
4	9	4	12	56	306	234	3	132	13	62	11	1	12		
4	9	4	12	57	635	514	4	255	35	145	66	1	8		
4	9	4	12	58	665	514	3	262	54	139	43	6	7		
4	9	4	12	59	578	427	4	189	30	140	51	0	13		
4	9	4	12	60	660	471	11	182	21	171	73	3	10		
4	9	4	12	61	794	641	8	303	47	187	82	2	12		
4	9	4	12	62	960	685	3	277	64	217	102	5	17		
4	9	4	12	63	440	319	7	170	41	59	34	5	3		
4	9	4	12	64	682	473	16	234	32	118	59	5	9		
4	9	4	12	65	825	507	9	283	51	112	43	3	6		
4	9	4	12	66	702	419	6	262	52	54	36	5	4		
4	9	4	12	67	697	462	3	282	60	75	28	4	10		
4	9	4	12	68	699	431	6	284	41	65	22	2	11		
4	9	4	12	69	668	424	5	265	43	67	31	6	7		
4	9	4	12	70	657	423	7	253	50	69	22	7	15		
4	9	4	12	71	617	366	5	219	31	65	30	1	15		
4	9	4	12	72	798	551	12	306	34	125	51	3	20		
4	9	4	12	73	739	554	12	297	71	124	31	7	12		
4	9	4	12	74	536	428	0	260	32	96	30	4	6		
4	9	4	12	75	507	358	2	210	25	72	31	3	15		
4	9	4	12	76	743	503	9	282	64	97	41	1	9		
4	9	4	12	77	773	504	11	299	42	88	43	12	9		
4	9	4	12	78	762	495	7	302	55	76	37	5	13		
4	9	4	12	79	594	411	8	246	44	68	34	3	8		
4	9	4	94	1	0	1707	7	909	101	547	120	5	18		
4	9	4	94	2	0	265	1	107	29	76	49	0	3		
4	9	4	94	3	0	3598	22	1546	258	1428	298	11	35		
4	9	4	94	4	0	342	0	133	19	108	78	1	3		
4	9	4	94	5	0	167	1	65	6	69	23	0	3		
4	9	4	94	6	0	676	2	286	44	227	103	2	12		
4	9	4	94	7	0	82	0	25	5	31	18	0	3		
4	9	4	94	8	0	49	0	16	3	15	15	0	0		
4	9	4	94	9	0	2360	57	1389	168	476	222	14	34		
4	9	4	94	10	0	1144	4	471	47	340	257	3	22		
4	9	5	13	1	599	413	3	106	37	196	60	2	9		
4	9	5	13	2	604	410	3	139	41	160	59	2	6		
4	9	5	13	3	641	503	4	100	26	284	82	4	3		
4	9	5	13	4	533	392	8	52	30	227	68	1	6		
4	9	5	13	5	622	467	4	118	27	224	87	2	5		
4	9	5	13	6	648	702	9	288	66	254	76	3	6		
4	9	5	13	7	638	476	2	160	26	188	91	0	9		
4	9	5	13	8	653	509	2	65	23	341	74	1	3		
4	9	5	13	9	629	491	5	76	33	268	106	0	3		
4	9	5	13	10	443	369	3	55	18	239	50	0	4		
4	9	5	13	11	468	354	2	108	19	171	41	4	9		
4	9	5	13	12	616	485	7	114	29	226	97	2	10		
4	9	5	13	13	554	422	0	106	21	196	93	1	5		
4	9	5	13	14	709	534	1	203	34	194	90	5	7		
4	9	5	13	15	577	442	3	157	30	176	65	2	9		
4	9	5	13	16	624	424	7	114	28	178	82	3	12		
4	9	5	13	17	556	445	2	93	21	245	80	1	3		
4	9	5	13	18	561	454	7	117	23	235	60	2	10		
4	9	5	13	19	677	522	7	166	25	227	85	2	10		
4	9	5	13	20	621	495	3	198	45	196	45	4	4		
4	9	5	13	21	564	427	2	121	33	197	65	1	8		
4	9	5	13	22	561	451	5	163	22	213	40	2	6		
4	9	5	13	23	490	402	2	66	22	239	67	1	5		
4	9	5	13	24	583	468	1	79	33	259	84	2	10		
4	9	5	13	25	631	478	0	90	20	266	95	0	7		
4	9	5	13	26	606	482	8	186	17	167	91	4	9		
4	9	5	13	27	479	369	6	98	12	183	62	0	8		
4	9	5	13	28	579	457	3	177	27	163	76	3	8		
4	9	5	13	29	522	411	3	90	22	216	72	4	4		
4	9	5	13	30	578	460	1	99	33	241	84	0	2		
4	9	5	13	31	694	528	4	139	31	275	61	6	12		
4	9	5	13	32	640	512	1	95	29	297	81	3	6		
4	9	5	13	33	610	470	4	133	19	250	58	2	4		
4	9	5	13	34	666	470	2	148	37	218	59	2	4		
4	9	5	13	35	507	399	5	138	29	154	64	3	6		
4	9	5	13	36	604	463	1	170	40	197	52	0	3		
4	9	5	13	37	471	327	2	126	28	125	41	1	4		
4	9	5	13	38	565	51	2	36	2	3	1	2	5		
4	9	5	13	39	533	431	1	59	24	262	78	1	6		
4	9	5	13	40	568	456	2	116	37	204	86	2	9		
4	9	5	13	41	559	424	2	176	29	162	45	3	7		
4	9	5	13	42	669	522	8	307	47	100	53	3	4		
4	9	5	13	43	588	446	2	240	37	99	53	5	10		
4	9	5	13	44	634	518	7	128	31	254	91	2	5		
4	9	5	13	45	719	514	7	166	42	199	88	1	11		
4	9	5	13	46	587	440	2	159	28	158	86	0	7		
4	9	5	13	47	569	453	2	189	26	145	79	1	11		
4	9	5	13	48	389	295	3	151	28	74	32	2	5		
4	9	5	13	49	697	520	10	266	41	148	35	2	18		
4	9	5	13	50	655	545	1	167	36	262	75	1	3		
4	9	5	13	51	728	605	2	113	50	331	97	1	11		
4	9	5	13	52	641	576	2	116	45	321	84	1	7		
4	9	5	13	53	715	603	5	131	51	310	90	1	15		
4	9	5	13	54	655	551	1	175	31	241	94	0	9		
4	9	5	13	55	389	271	3	122	24	83	21	4	14		
4	9	5	13	56	393	306	2	196	24	54	25	2	3		
4	9	5	13	57	601	488	4	207	32	186	53	1	5		
4	9	5	13	58	838	663	3	180	56	304	108	1	11		
4	9	5	13	59	775	627	2	166	54	274	123	1	7		
4	9	5	13	60	569	388	8	230	31	75	35	3	6		
4	9	5	13	61	635	483	9	165	43	173	79	2	12		
4	9	5	13	62	701	520	6	226	45	175	62	0	6		
4	9	5	13	63	723	570	4	174	40	235	107	2	8		
4	9	5	13	64	628	489	3	119	34	230	89	5	9		
4	9	5	13	65	597	493	6	222	42	151	62	3	7		
4	9	5	13	66	0	25	3	20	0	2	0	0	0		
4	9	5	13	67	0	71	2	53	7	8	1	0	0		
4	9	5	13	68	0	52	3	34	4	9	1	1	0		
4	9	5	13	69	0	50	4	36	4	5	0	1	0		
4	9	5	13	70	0	18	2	12	0	4	0	0	0		
4	9	5	13	71	0	39	1	27	3	7	1	0	0		
4	9	5	13	72	0	32	5	15	4	4	3	0	1		
4	9	5	13	73	0	45	3	29	2	8	1	2	0		
4	9	5	13	74	0	35	2	21	3	4	4	1	0		
4	9	5	13	75	0	29	0	12	1	15	1	0	0		
4	9	5	13	76	0	16	1	13	0	2	0	0	0		
4	9	5	13	77	0	22	0	12	3	7	0	0	0		
4	9	5	13	78	0	61	1	7	2	49	2	0	0		
4	9	5	13	79	0	38	2	20	2	12	2	0	0		
4	9	5	13	80	0	57	1	30	2	16	8	0	0		
4	9	5	13	81	0	77	1	51	3	19	2	0	1		
4	9	5	14	1	660	680	5	239	48	268	110	4	6		
4	9	5	14	2	686	496	1	134	30	217	107	0	7		
4	9	5	14	3	696	497	3	166	31	172	111	3	11		
4	9	5	14	4	603	438	4	121	27	182	92	4	8		
4	9	5	14	5	651	478	3	124	33	225	84	4	5		
4	9	5	14	6	666	450	4	178	34	126	99	1	8		
4	9	5	14	7	689	493	8	199	23	177	76	2	8		
4	9	5	14	8	577	382	7	213	32	66	43	6	15		
4	9	5	14	9	628	486	3	146	26	196	104	1	10		
4	9	5	14	10	671	461	5	212	24	147	60	2	11		
4	9	5	14	11	674	471	5	164	41	141	107	3	10		
4	9	5	14	12	604	389	7	184	46	80	58	1	13		
4	9	5	14	13	475	299	4	145	45	59	35	2	9		
4	9	5	14	14	592	418	5	232	41	74	55	5	6		
4	9	5	14	15	601	358	4	217	40	69	22	1	5		
4	9	5	14	16	650	431	1	210	40	89	77	3	11		
4	9	5	14	17	514	368	3	135	19	104	101	1	5		
4	9	5	14	18	566	368	3	152	34	119	55	0	5		
4	9	5	14	19	493	374	6	157	25	112	63	0	11		
4	9	5	14	20	567	371	5	226	32	61	32	5	10		
4	9	5	14	21	553	394	9	161	28	149	35	3	9		
4	9	5	14	22	664	501	9	240	33	166	47	2	4		
4	9	5	14	23	611	374	0	170	31	111	52	4	6		
4	9	5	14	24	630	361	4	174	23	91	58	2	9		
4	9	5	14	25	629	370	4	189	30	76	55	4	12		
4	9	5	14	26	393	250	1	117	19	77	31	2	3		
4	9	5	14	27	599	387	3	129	28	135	83	2	7		
4	9	5	14	28	775	617	5	231	41	195	129	4	12		
4	9	5	14	29	603	426	1	165	27	143	76	4	10		
4	9	5	14	30	658	482	5	152	48	175	96	2	4		
4	9	5	14	31	513	389	7	149	27	131	67	0	8		
4	9	5	14	32	921	710	6	291	46	239	109	4	15		
4	9	5	14	33	596	419	5	139	39	181	49	0	6		
4	9	5	14	34	584	348	5	203	29	64	33	1	13		
4	9	5	14	35	529	377	8	189	28	85	57	0	10		
4	9	5	14	36	596	414	7	190	31	128	47	3	8		
4	9	5	14	37	258	239	3	143	13	52	3	3	22		
4	9	5	14	38	594	373	1	171	36	88	63	3	11		
4	9	5	14	39	732	589	8	288	34	155	90	4	10		
4	9	5	14	40	678	433	3	217	31	105	69	1	7		
4	9	5	14	41	509	352	4	198	38	89	15	1	7		
4	9	5	14	42	795	609	8	288	45	168	83	4	13		
4	9	5	14	43	650	428	10	212	50	96	51	2	7		
4	9	5	14	44	630	525	9	193	38	214	62	3	6		
4	9	5	14	45	631	511	0	254	39	150	58	2	8		
4	9	5	14	46	598	499	6	240	21	157	64	0	11		
4	9	5	14	47	572	431	5	205	43	122	47	2	7		
4	9	5	14	48	543	420	2	185	35	138	47	4	9		
4	9	5	14	49	610	367	5	203	37	89	28	1	4		
4	9	5	14	50	653	474	6	215	34	140	65	3	11		
4	9	5	14	51	584	462	7	173	35	144	99	0	4		
4	9	5	14	52	654	467	10	249	47	98	48	5	10		
4	9	5	14	53	645	472	5	245	49	116	45	1	11		
4	9	5	14	54	697	485	11	168	51	181	54	7	13		
4	9	5	14	55	298	269	4	156	15	71	9	4	10		
4	9	5	14	56	796	618	9	272	21	173	133	2	8		
4	9	5	14	57	20	26	4	17	2	2	1	0	0		
4	9	5	14	58	610	409	4	165	47	134	46	1	12		
4	9	5	14	59	752	560	10	216	43	173	109	3	6		
4	9	5	14	60	716	564	13	220	28	201	92	2	8		
4	9	5	14	61	610	456	4	192	35	159	57	0	9		
4	9	5	14	62	658	510	4	184	40	211	54	5	12		
4	9	5	14	63	643	457	2	235	42	111	51	3	13		
4	9	5	14	64	597	391	5	211	60	69	32	5	9		
4	9	5	14	65	609	439	3	224	34	111	49	5	13		
4	9	5	14	66	843	599	5	232	39	220	87	1	15		
4	9	5	14	67	614	470	3	126	46	204	80	0	11		
4	9	5	14	68	736	576	9	205	44	214	95	1	8		
4	9	5	14	69	109	64	0	31	4	10	16	1	2		
4	9	5	14	70	658	427	5	195	35	141	43	0	8		
4	9	5	14	71	640	489	6	161	55	189	69	5	4		
4	9	5	14	72	727	542	5	190	37	206	92	3	9		
4	9	5	14	73	604	486	4	114	29	229	97	4	9		
4	9	5	14	74	688	527	6	151	41	219	104	2	4		
4	9	5	14	75	455	364	1	105	31	154	71	1	1		
4	9	5	14	76	714	622	1	270	51	218	78	3	1		
4	9	5	14	77	703	549	4	173	56	210	94	1	11		
4	9	5	14	78	834	704	3	209	58	309	108	4	13		
4	9	5	14	79	742	579	5	194	44	205	117	5	9		
4	9	5	14	80	708	587	8	167	46	259	94	2	11		
4	9	5	14	81	540	447	4	147	48	183	55	0	10		
4	9	5	14	82	585	476	4	173	43	199	48	2	7		
4	9	5	14	83	802	677	3	202	50	308	106	1	7		
4	9	5	14	84	806	671	3	196	29	295	141	2	5		
4	9	5	14	85	593	475	7	127	40	214	79	3	5		
4	9	5	14	86	640	502	4	193	47	198	51	2	7		
4	9	5	14	87	625	486	3	159	37	190	83	4	10		
4	9	5	14	88	610	465	5	160	30	169	94	1	6		
4	9	5	14	89	613	483	2	172	31	181	91	2	4		
4	9	5	14	90	545	443	8	237	31	100	55	4	8		
4	9	5	14	91	507	383	3	239	30	74	27	0	10		
4	9	5	14	92	441	285	1	176	22	49	29	3	5		
4	9	5	14	93	240	203	2	52	21	71	52	0	5		
4	9	5	14	94	729	555	6	252	26	159	94	1	17		
4	9	5	14	95	102	10	0	5	2	2	1	0	0		
4	9	5	14	96	198	67	28	23	7	7	1	0	1		
4	9	5	14	97	0	0	0	0	0	0	0	0	0		
4	9	5	14	98	0	32	0	25	0	5	1	0	1		
4	9	5	14	99	0	34	3	22	0	5	4	0	0		
4	9	5	14	100	0	73	4	45	11	11	1	0	1		
4	9	5	14	101	0	120	3	68	11	31	4	1	2		
4	9	5	14	102	0	31	0	19	4	5	1	0	2		
4	9	5	14	103	0	40	4	23	0	9	3	0	1		
4	9	5	15	1	414	323	4	202	22	62	26	2	5		
4	9	5	15	2	462	306	5	186	37	43	24	1	10		
4	9	5	15	3	567	412	7	248	42	85	13	4	13		
4	9	5	15	4	678	523	3	272	54	124	58	4	8		
4	9	5	15	5	579	349	5	132	44	106	52	2	8		
4	9	5	15	6	744	452	5	206	38	126	64	4	9		
4	9	5	15	7	450	366	3	204	22	90	38	1	8		
4	9	5	15	8	522	333	3	163	23	72	67	1	4		
4	9	5	15	9	581	377	4	220	40	68	32	4	9		
4	9	5	15	10	410	279	6	109	42	79	39	2	2		
4	9	5	15	11	333	235	1	127	21	47	32	2	5		
4	9	5	15	12	308	203	1	68	20	59	46	1	8		
4	9	5	15	13	489	298	3	166	17	60	40	4	8		
4	9	5	15	14	622	448	1	160	49	148	77	2	11		
4	9	5	15	15	785	493	12	268	51	92	57	8	5		
4	9	5	15	16	824	555	3	273	56	140	72	1	10		
4	9	5	15	17	864	586	7	205	43	165	141	3	22		
4	9	5	15	18	544	331	4	151	31	79	58	3	5		
4	9	5	15	19	618	429	5	164	32	126	86	5	11		
4	9	5	15	20	559	356	6	164	38	94	44	2	8		
4	9	5	15	21	452	339	1	112	37	114	70	2	3		
4	9	5	15	22	360	252	5	136	26	46	32	2	5		
4	9	5	15	23	391	230	2	114	19	61	31	1	2		
4	9	5	15	24	587	377	4	139	40	93	92	2	7		
4	9	5	15	25	429	312	1	114	25	98	67	2	5		
4	9	5	15	26	714	500	3	210	38	118	106	7	18		
4	9	5	15	27	656	415	5	159	30	105	108	2	6		
4	9	5	15	28	655	485	8	174	39	126	122	1	15		
4	9	5	15	29	557	354	5	160	20	86	74	3	6		
4	9	5	15	30	370	258	4	94	26	75	52	2	5		
4	9	5	15	31	424	282	4	109	20	82	63	1	3		
4	9	5	15	32	331	347	2	160	21	88	70	3	3		
4	9	5	15	33	357	214	3	66	25	69	45	2	4		
4	9	5	15	34	401	240	4	133	31	40	28	3	1		
4	9	5	15	35	611	414	1	176	22	119	83	3	10		
4	9	5	15	36	440	244	2	100	17	62	56	0	7		
4	9	5	15	37	613	357	4	128	30	107	78	1	9		
4	9	5	15	38	712	449	1	218	38	115	65	1	11		
4	9	5	15	39	670	470	5	242	38	105	69	2	9		
4	9	5	15	40	674	454	2	229	57	85	74	2	5		
4	9	5	15	41	504	316	3	162	26	74	42	2	7		
4	9	5	15	42	423	279	2	127	26	61	48	2	13		
4	9	5	15	43	643	419	4	181	29	114	76	8	7		
4	9	5	15	44	533	338	4	118	41	98	71	0	6		
4	9	5	15	45	364	277	2	110	26	74	61	1	3		
4	9	5	15	46	542	364	0	189	40	90	40	0	5		
4	9	5	15	47	434	356	6	185	27	89	31	2	16		
4	9	5	15	48	613	445	5	224	57	111	37	2	9		
4	9	5	15	49	745	510	7	219	63	151	60	2	8		
4	9	5	15	50	511	372	2	182	43	72	62	2	9		
4	9	5	15	51	555	398	5	177	34	114	57	3	8		
4	9	5	15	52	800	476	3	230	26	113	93	3	8		
4	9	5	15	53	402	263	0	119	28	69	37	2	8		
4	9	5	15	54	452	303	3	104	26	79	75	4	12		
4	9	5	15	55	377	235	0	81	23	69	59	1	2		
4	9	5	15	56	438	288	3	131	22	72	53	0	7		
4	9	5	15	57	371	223	1	91	24	58	42	2	5		
4	9	5	15	58	757	536	5	258	42	133	84	5	9		
4	9	5	15	59	351	233	4	101	18	60	45	2	3		
4	9	5	15	60	473	329	4	142	27	74	70	2	10		
4	9	5	15	61	414	276	2	106	22	96	40	6	4		
4	9	5	15	62	488	308	5	161	25	68	42	0	7		
4	9	5	15	63	522	308	9	139	22	58	75	0	5		
4	9	5	15	64	476	319	2	184	29	51	42	3	8		
4	9	5	15	65	454	281	3	117	34	60	56	3	8		
4	9	5	15	66	537	382	1	173	35	116	46	4	7		
4	9	5	15	67	419	324	2	152	27	85	52	1	5		
4	9	5	15	68	564	385	5	165	31	102	69	1	12		
4	9	5	15	69	434	268	2	136	23	70	32	0	5		
4	9	5	15	70	456	307	5	146	21	68	64	2	1		
4	9	5	15	71	700	462	3	201	48	119	83	0	8		
4	9	5	15	72	438	282	6	106	12	99	53	3	3		
4	9	5	15	73	370	239	2	112	25	53	45	0	2		
4	9	5	15	74	486	340	6	149	31	81	60	4	9		
4	9	5	15	75	512	394	6	232	49	68	31	1	7		
4	9	5	15	76	0	37	1	13	2	17	4	0	0		
4	9	5	15	77	0	43	0	19	4	8	9	0	3		
4	9	5	15	78	0	73	0	33	2	27	11	0	0		
4	9	5	23	1	721	523	1	293	39	125	54	3	8		
4	9	5	23	2	706	515	5	271	32	143	48	8	8		
4	9	5	23	3	716	559	10	287	29	154	72	1	6		
4	9	5	23	4	677	537	3	245	33	179	66	2	9		
4	9	5	23	5	555	455	6	182	29	161	66	1	10		
4	9	5	23	6	578	472	2	191	35	163	75	1	5		
4	9	5	23	7	629	539	4	237	28	162	96	3	9		
4	9	5	23	8	557	471	2	187	31	168	75	5	3		
4	9	5	23	9	677	546	3	275	30	148	78	7	5		
4	9	5	23	10	664	540	6	234	29	187	77	0	7		
4	9	5	23	11	618	503	3	219	27	158	85	4	7		
4	9	5	23	12	738	561	5	209	36	207	90	1	13		
4	9	5	23	13	723	995	10	438	62	387	83	5	10		
4	9	5	23	14	17	23	1	10	1	5	0	0	6		
4	9	5	23	15	652	508	8	221	35	172	56	4	12		
4	9	5	23	16	761	573	4	288	43	134	89	4	11		
4	9	5	23	17	750	596	4	245	42	204	89	4	8		
4	9	5	23	18	753	561	7	179	35	236	90	3	11		
4	9	5	23	19	722	542	2	226	38	193	74	1	8		
4	9	5	23	20	503	414	3	133	36	180	61	0	1		
4	9	5	23	21	488	395	3	147	27	147	61	2	8		
4	9	5	23	22	662	504	8	175	33	210	67	3	8		
4	9	5	23	23	779	553	4	284	35	150	63	6	11		
4	9	5	23	24	687	530	4	199	37	207	64	2	17		
4	9	5	23	25	584	404	2	148	22	160	63	3	6		
4	9	5	23	26	660	526	1	94	54	294	74	1	8		
4	9	5	23	27	752	587	3	190	56	259	71	1	7		
4	9	5	23	28	592	463	7	194	17	190	44	2	9		
4	9	5	23	29	731	589	8	210	34	202	118	1	16		
4	9	5	23	30	687	560	1	110	33	282	119	2	13		
4	9	5	23	31	657	553	7	121	51	274	94	0	6		
4	9	5	23	32	599	520	5	155	36	227	88	5	4		
4	9	5	23	33	648	501	2	142	45	227	79	2	4		
4	9	5	23	34	524	419	3	133	22	189	65	2	5		
4	9	5	23	35	815	635	8	188	41	305	83	2	8		
4	9	5	23	36	658	539	5	183	54	210	73	3	11		
4	9	5	23	37	590	427	6	240	38	98	36	3	6		
4	9	5	23	38	719	606	5	175	32	305	78	3	8		
4	9	5	23	39	686	532	4	232	42	187	61	1	5		
4	9	5	23	40	859	716	6	263	40	268	125	5	9		
4	9	5	23	41	640	522	8	273	33	127	71	6	4		
4	9	5	23	42	668	492	2	247	55	126	44	6	12		
4	9	5	23	43	260	206	4	140	12	34	3	2	11		
4	9	5	23	44	763	555	2	254	45	185	56	1	12		
4	9	5	23	45	801	575	3	287	39	152	82	3	9		
4	9	5	23	46	721	538	6	301	47	128	52	0	4		
4	9	5	23	47	779	592	6	270	40	173	82	4	17		
4	9	5	23	48	566	416	3	207	55	118	25	1	7		
4	9	5	23	49	559	424	10	228	54	94	25	3	10		
4	9	5	23	50	780	601	5	350	35	136	47	6	22		
4	9	5	23	51	785	661	8	254	44	260	85	3	7		
4	9	5	23	52	538	398	3	192	30	115	46	2	10		
4	9	5	23	53	570	424	5	269	42	79	18	2	9		
4	9	5	23	54	579	442	6	255	30	113	32	4	2		
4	9	5	23	55	714	489	7	178	31	196	61	6	10		
4	9	5	23	56	756	615	13	312	38	177	62	3	10		
4	9	5	23	57	411	316	2	131	30	125	23	1	4		
4	9	5	23	58	724	545	12	264	34	177	41	1	16		
4	9	5	23	59	750	576	3	311	47	150	53	4	8		
4	9	5	23	60	710	547	4	293	54	135	47	7	7		
4	9	5	23	61	741	626	2	239	57	243	75	2	8		
4	9	5	23	62	688	523	4	255	44	145	57	4	14		
4	9	5	23	63	709	504	4	196	64	186	45	3	6		
4	9	5	23	64	767	590	3	275	40	179	71	5	17		
4	9	5	23	65	789	582	13	247	43	213	54	3	9		
4	9	5	23	66	921	696	7	328	77	187	74	6	17		
4	9	5	23	67	769	628	4	382	29	142	59	2	10		
4	9	5	23	68	791	618	3	268	50	192	86	4	15		
4	9	5	23	69	666	519	9	266	47	148	34	6	9		
4	9	5	23	70	895	666	4	333	49	187	72	6	15		
4	9	5	23	71	714	569	4	329	37	135	55	2	7		
4	9	5	23	72	602	491	6	221	47	137	65	4	11		
4	9	5	23	73	575	408	6	248	45	78	21	5	5		
4	9	5	23	74	606	442	2	249	56	105	24	1	5		
4	9	5	23	75	584	400	4	221	41	93	28	4	9		
4	9	5	23	76	738	579	2	213	43	197	108	7	9		
4	9	5	23	77	723	595	3	164	41	290	85	4	8		
4	9	5	23	78	707	574	4	288	58	158	53	2	11		
4	9	5	23	79	688	576	2	162	43	263	96	0	10		
4	9	5	23	80	715	530	1	294	40	135	48	2	10		
4	9	5	23	81	756	631	4	317	35	162	99	1	13		
4	9	5	23	82	788	627	3	314	48	178	70	2	12		
4	9	5	23	83	793	562	5	333	60	115	39	2	8		
4	9	5	23	84	813	557	8	355	47	86	50	3	8		
4	9	5	23	85	760	569	9	338	47	118	41	9	7		
4	9	5	23	86	597	464	2	264	56	98	34	2	8		
4	9	5	23	87	682	526	5	240	38	170	55	2	16		
4	9	5	23	88	429	342	3	170	34	103	23	1	8		
4	9	5	23	89	744	520	7	306	41	91	52	6	17		
4	9	5	23	90	676	510	4	298	53	110	36	1	8		
4	9	5	23	91	557	421	2	171	21	128	83	2	14		
4	9	5	23	92	744	577	3	259	31	157	116	2	9		
4	9	5	23	93	92	48	0	33	1	10	4	0	0		
4	9	5	23	94	724	484	9	231	45	131	57	2	9		
4	9	5	23	95	455	332	7	142	21	101	51	4	6		
4	9	5	23	96	699	535	10	240	34	155	83	3	10		
4	9	5	23	97	436	345	2	146	15	86	88	0	8		
4	9	5	23	98	514	378	3	180	30	84	68	5	8		
4	9	5	95	1	0	1071	3	457	61	429	106	1	14		
4	9	5	95	2	0	243	1	74	32	84	48	0	4		
4	9	5	95	3	0	3362	26	1203	268	1409	413	11	32		
4	9	5	95	4	0	517	2	128	26	206	146	5	4		
4	9	5	95	5	0	280	2	94	14	103	56	2	9		
4	9	5	95	6	0	678	3	214	40	270	137	2	12		
4	9	5	95	7	0	155	1	33	3	77	40	0	1		
4	9	5	95	8	0	49	0	5	3	20	20	0	1		
4	9	5	95	9	0	1662	20	814	97	467	244	5	15		
4	9	5	95	10	0	1981	7	537	82	790	536	6	23		
4	9	6	16	1	454	308	2	142	34	73	50	2	5		
4	9	6	16	2	383	261	2	147	12	56	39	1	4		
4	9	6	16	3	359	237	6	109	26	49	42	1	4		
4	9	6	16	4	427	324	4	126	29	89	69	0	7		
4	9	6	16	5	580	396	3	129	42	123	93	0	6		
4	9	6	16	6	451	302	1	111	22	104	53	2	9		
4	9	6	16	7	436	294	1	132	18	83	50	3	7		
4	9	6	16	8	486	313	2	138	30	62	71	2	8		
4	9	6	16	9	446	299	3	108	21	91	70	4	2		
4	9	6	16	10	390	288	4	117	14	89	62	2	0		
4	9	6	16	11	433	311	6	140	15	73	69	2	6		
4	9	6	16	12	397	277	5	104	29	72	62	1	4		
4	9	6	16	13	394	284	1	140	26	57	52	4	4		
4	9	6	16	14	431	280	2	110	21	76	62	4	5		
4	9	6	16	15	432	296	3	139	28	64	57	2	3		
4	9	6	16	16	345	211	1	83	23	58	41	1	4		
4	9	6	16	17	386	262	4	100	16	74	56	5	7		
4	9	6	16	18	447	328	7	145	34	84	54	2	2		
4	9	6	16	19	457	314	0	116	29	88	75	0	6		
4	9	6	16	20	438	280	3	123	30	80	37	0	7		
4	9	6	16	21	445	312	3	129	28	91	52	4	5		
4	9	6	16	22	462	290	3	105	27	73	79	2	1		
4	9	6	16	23	365	227	5	111	21	51	34	2	3		
4	9	6	16	24	330	193	4	97	17	37	36	2	0		
4	9	6	16	25	391	244	6	131	16	49	35	1	6		
4	9	6	16	26	500	364	4	188	31	77	52	4	8		
4	9	6	16	27	470	330	4	156	28	71	64	0	7		
4	9	6	16	28	562	386	2	167	25	92	91	2	7		
4	9	6	16	29	529	368	1	149	34	114	61	1	8		
4	9	6	16	30	458	619	8	336	34	147	73	6	15		
4	9	6	16	31	614	449	8	232	40	104	51	5	9		
4	9	6	16	32	430	302	1	155	19	85	37	1	4		
4	9	6	16	33	407	241	4	133	21	48	25	5	5		
4	9	6	16	34	354	257	5	95	31	84	34	2	6		
4	9	6	16	35	280	193	0	97	24	42	27	2	1		
4	9	6	16	36	347	219	1	143	14	31	24	0	6		
4	9	6	16	37	360	196	2	93	13	47	32	0	9		
4	9	6	16	38	323	200	2	73	16	74	32	0	3		
4	9	6	16	39	479	334	3	191	33	80	20	3	4		
4	9	6	16	40	363	293	1	193	28	57	8	1	5		
4	9	6	16	41	316	240	3	133	21	66	10	1	6		
4	9	6	16	42	344	259	5	128	24	63	34	0	5		
4	9	6	16	43	407	300	3	149	29	68	44	1	6		
4	9	6	16	44	506	343	6	155	26	104	42	2	8		
4	9	6	16	45	463	306	4	149	25	67	50	4	7		
4	9	6	16	46	436	313	4	142	34	78	44	4	7		
4	9	6	16	47	325	218	5	97	17	68	29	1	1		
4	9	6	16	48	337	238	4	117	30	56	26	1	4		
4	9	6	16	49	549	318	2	190	32	38	44	3	9		
4	9	6	16	50	469	327	5	184	24	84	16	1	13		
4	9	6	16	51	489	328	4	191	49	51	26	2	5		
4	9	6	16	52	631	424	3	264	44	71	32	3	7		
4	9	6	16	53	501	336	5	125	60	125	15	3	3		
4	9	6	16	54	359	237	1	151	23	37	19	1	5		
4	9	6	16	55	538	367	3	158	32	112	52	1	9		
4	9	6	16	56	607	446	5	215	37	127	55	3	4		
4	9	6	16	57	476	342	6	141	26	88	73	3	5		
4	9	6	16	58	598	424	7	204	36	119	48	3	7		
4	9	6	16	59	453	313	3	134	44	75	48	2	7		
4	9	6	16	60	517	368	3	136	40	101	85	0	3		
4	9	6	16	61	435	313	4	142	30	66	66	3	2		
4	9	6	16	62	376	239	5	117	20	40	52	1	4		
4	9	6	16	63	473	371	4	136	26	118	70	3	14		
4	9	6	16	64	364	245	4	103	26	65	44	1	2		
4	9	6	16	65	602	454	5	194	42	143	61	2	7		
4	9	6	16	66	491	363	6	147	38	96	69	3	4		
4	9	6	16	67	485	370	0	139	27	139	55	1	9		
4	9	6	16	68	481	356	4	209	24	82	30	1	6		
4	9	6	16	69	330	223	0	145	21	37	15	0	5		
4	9	6	16	70	420	245	4	170	14	33	7	6	11		
4	9	6	16	71	723	546	10	287	42	114	78	6	9		
4	9	6	16	72	524	413	1	181	33	125	60	2	11		
4	9	6	16	73	505	333	4	219	36	54	15	1	4		
4	9	6	16	74	672	513	4	302	31	107	59	1	9		
4	9	6	16	75	394	272	1	120	27	94	26	3	1		
4	9	6	16	76	441	313	2	124	37	98	45	3	4		
4	9	6	16	77	527	371	4	193	42	82	42	2	6		
4	9	6	16	78	425	286	3	132	29	77	35	6	4		
4	9	6	16	79	331	212	3	111	24	46	25	0	3		
4	9	6	16	80	498	399	6	156	22	120	86	3	6		
4	9	6	16	81	442	316	3	147	25	76	49	0	16		
4	9	6	16	82	426	279	1	125	32	88	26	5	2		
4	9	6	16	83	399	270	1	124	18	61	60	2	4		
4	9	6	16	84	433	315	1	137	28	85	57	3	4		
4	9	6	16	85	538	378	0	196	41	100	31	1	9		
4	9	6	16	86	438	285	4	150	19	62	39	6	5		
4	9	6	16	87	612	419	4	210	44	88	62	1	10		
4	9	6	16	88	398	280	5	141	11	75	34	5	9		
4	9	6	16	89	466	358	3	124	34	141	45	5	6		
4	9	6	16	90	533	340	3	168	20	90	48	3	8		
4	9	6	16	91	488	325	0	138	21	100	60	2	4		
4	9	6	16	92	509	357	0	175	27	103	47	0	5		
4	9	6	16	93	413	317	2	139	21	98	48	3	6		
4	9	6	16	94	422	300	4	133	19	98	40	2	4		
4	9	6	16	95	377	211	4	115	29	33	21	4	5		
4	9	6	16	96	439	339	5	138	21	91	73	1	10		
4	9	6	16	97	576	408	6	185	44	107	62	0	4		
4	9	6	16	98	617	421	2	238	41	69	56	1	14		
4	9	6	16	99	558	373	4	241	44	47	33	1	3		
4	9	6	16	100	515	335	6	201	22	54	46	1	5		
4	9	6	16	101	675	510	7	267	52	91	78	5	10		
4	9	6	16	102	439	369	1	238	26	69	26	1	8		
4	9	6	16	103	647	515	3	130	37	250	90	0	5		
4	9	6	16	104	661	546	1	212	31	213	79	0	10		
4	9	6	16	105	526	383	4	141	29	165	40	1	3		
4	9	6	16	106	576	459	8	279	43	93	26	2	8		
4	9	6	16	107	496	346	6	154	25	72	81	0	8		
4	9	6	16	108	647	506	10	217	34	164	70	4	7		
4	9	6	16	109	635	493	6	229	41	153	57	4	3		
4	9	6	16	110	552	420	3	246	34	78	52	1	6		
4	9	6	16	111	431	303	5	190	26	60	19	1	2		
4	9	6	16	112	651	533	3	140	35	271	66	5	13		
4	9	6	16	113	822	702	6	166	49	343	126	4	8		
4	9	6	16	114	685	531	7	181	21	214	94	1	13		
4	9	6	16	115	789	648	2	252	39	225	118	3	9		
4	9	6	16	116	491	393	2	186	49	101	46	1	8		
4	9	6	16	117	575	393	4	180	23	87	89	1	9		
4	9	6	16	118	385	292	4	108	16	70	90	2	2		
4	9	6	16	119	0	24	1	8	4	8	3	0	0		
4	9	6	16	120	0	31	0	15	0	15	0	0	1		
4	9	6	16	121	0	46	0	22	7	15	2	0	0		
4	9	6	16	122	0	35	0	17	6	9	3	0	0		
4	9	6	16	123	0	36	4	24	3	3	1	0	1		
4	9	6	17	1	675	432	4	204	47	105	64	2	6		
4	9	6	17	2	816	541	2	188	40	155	140	3	13		
4	9	6	17	3	519	358	2	115	29	138	68	1	5		
4	9	6	17	4	674	445	3	141	44	134	108	4	11		
4	9	6	17	5	562	376	1	134	32	126	75	2	6		
4	9	6	17	6	719	492	3	158	39	149	127	6	10		
4	9	6	17	7	722	471	2	151	27	129	147	5	10		
4	9	6	17	8	954	714	6	253	56	246	129	6	18		
4	9	6	17	9	962	722	7	324	41	215	128	1	6		
4	9	6	17	10	696	510	4	168	53	182	87	3	13		
4	9	6	17	11	698	587	6	281	44	134	105	5	12		
4	9	6	17	12	715	455	1	243	52	81	66	2	10		
4	9	6	17	13	638	478	3	246	31	114	74	0	10		
4	9	6	17	14	805	575	4	211	58	147	142	3	10		
4	9	6	17	15	638	492	6	177	35	162	107	0	5		
4	9	6	17	16	580	395	3	122	37	152	71	2	8		
4	9	6	17	17	770	545	5	214	48	176	87	3	12		
4	9	6	17	18	582	394	2	137	52	129	61	3	10		
4	9	6	17	19	547	349	3	175	35	80	47	5	4		
4	9	6	17	20	718	455	5	185	36	126	91	1	11		
4	9	6	17	21	812	589	6	197	48	179	138	4	17		
4	9	6	17	22	797	550	6	204	53	160	102	8	17		
4	9	6	17	23	792	555	3	247	39	156	95	2	13		
4	9	6	17	24	516	371	8	179	35	97	43	1	8		
4	9	6	17	25	683	459	11	220	46	101	67	5	9		
4	9	6	17	26	455	322	2	122	40	97	57	1	3		
4	9	6	17	27	500	362	3	151	28	112	57	2	9		
4	9	6	17	28	694	477	5	186	55	146	68	3	14		
4	9	6	17	29	958	708	5	227	48	294	124	1	9		
4	9	6	17	30	689	473	6	189	35	157	74	4	8		
4	9	6	17	31	478	385	5	234	40	63	34	2	7		
4	9	6	17	32	785	491	4	233	51	123	71	2	7		
4	9	6	17	33	813	590	5	159	58	234	116	3	15		
4	9	6	17	34	489	352	3	188	29	90	33	2	7		
4	9	6	17	35	854	674	8	217	43	290	97	1	18		
4	9	6	17	36	825	599	6	256	54	196	75	0	12		
4	9	6	17	37	1041	774	6	279	52	307	118	2	10		
4	9	6	17	38	940	706	8	214	58	284	131	1	10		
4	9	6	17	39	682	554	5	125	48	272	97	1	6		
4	9	6	17	40	603	501	6	161	46	199	79	2	8		
4	9	6	17	41	698	559	4	118	38	301	90	3	5		
4	9	6	17	42	842	640	4	182	53	292	97	2	10		
4	9	6	17	43	872	672	1	206	49	302	102	1	11		
4	9	6	17	44	645	496	4	119	29	255	81	5	3		
4	9	6	17	45	0	44	0	13	5	22	3	0	1		
4	9	6	17	46	0	21	0	10	0	8	3	0	0		
4	9	6	18	1	542	354	6	125	34	95	82	4	8		
4	9	6	18	2	623	455	4	173	36	120	110	3	9		
4	9	6	18	3	714	460	7	169	33	132	105	6	8		
4	9	6	18	4	671	460	4	125	42	182	98	1	8		
4	9	6	18	5	574	379	4	127	20	112	108	1	7		
4	9	6	18	6	690	493	5	163	32	158	126	3	6		
4	9	6	18	7	500	378	3	141	27	105	88	0	14		
4	9	6	18	8	578	295	2	106	21	103	52	4	7		
4	9	6	18	9	682	483	3	192	33	115	123	4	13		
4	9	6	18	10	503	340	6	88	23	115	100	1	7		
4	9	6	18	11	529	392	3	126	28	134	94	2	5		
4	9	6	18	12	501	375	0	100	24	140	104	3	4		
4	9	6	18	13	522	356	0	113	21	131	80	2	9		
4	9	6	18	14	678	658	8	207	48	264	118	5	8		
4	9	6	18	15	606	352	4	113	26	118	84	2	5		
4	9	6	18	16	784	563	0	171	30	179	171	1	11		
4	9	6	18	17	661	501	2	150	33	193	110	1	12		
4	9	6	18	18	710	485	7	292	43	69	64	1	9		
4	9	6	18	19	557	451	3	124	34	160	122	2	6		
4	9	6	18	20	549	403	3	110	35	151	91	4	9		
4	9	6	18	21	493	351	3	65	9	198	70	0	6		
4	9	6	18	22	574	409	4	126	26	159	87	1	6		
4	9	6	18	23	813	566	5	201	47	166	136	3	8		
4	9	6	18	24	637	517	1	126	26	223	134	2	5		
4	9	6	18	25	630	514	3	96	37	268	103	1	6		
4	9	6	18	26	650	488	3	116	33	223	104	2	7		
4	9	6	18	27	823	476	3	116	30	209	109	2	7		
4	9	6	18	28	741	571	3	105	32	317	106	2	6		
4	9	6	18	29	685	533	1	99	36	278	113	0	6		
4	9	6	18	30	710	507	6	183	38	158	111	2	9		
4	9	6	18	31	694	520	4	89	26	268	127	3	3		
4	9	6	18	32	698	517	4	268	44	130	60	2	9		
4	9	6	18	33	505	374	5	71	18	184	90	2	4		
4	9	6	18	34	470	384	1	68	29	197	83	1	5		
4	9	6	18	35	840	587	7	240	50	195	74	8	13		
4	9	6	18	36	640	467	3	105	25	217	106	1	10		
4	9	6	18	37	604	472	2	101	30	220	112	1	6		
4	9	6	18	38	594	432	5	176	55	124	68	1	3		
4	9	6	18	39	541	450	4	99	40	188	109	1	9		
4	9	6	18	40	570	417	3	125	27	179	77	0	6		
4	9	6	18	41	327	280	5	131	16	117	5	2	4		
4	9	6	18	42	695	565	7	206	29	220	89	0	14		
4	9	6	18	43	717	559	4	92	23	309	117	4	10		
4	9	6	18	44	579	404	3	134	40	170	52	0	5		
4	9	6	18	45	732	558	1	121	35	263	128	4	6		
4	9	6	18	46	541	430	4	79	27	236	77	2	5		
4	9	6	18	47	374	329	3	58	35	166	63	1	3		
4	9	6	18	48	723	581	4	107	25	321	120	1	3		
4	9	6	18	49	553	440	4	80	25	234	91	0	6		
4	9	6	18	50	574	460	3	92	10	255	95	0	5		
4	9	6	18	51	494	396	4	58	19	238	68	0	9		
4	9	6	18	52	491	373	4	76	27	210	47	1	8		
4	9	6	18	53	0	173	1	8	4	157	2	0	1		
4	9	6	18	54	0	0	0	0	0	0	0	0	0		
4	9	6	18	55	0	23	0	7	1	15	0	0	0		
4	9	6	18	56	0	54	2	27	2	20	2	1	0		
4	9	6	18	57	0	56	2	27	4	21	1	0	1		
4	9	6	19	1	650	454	6	237	44	93	60	4	10		
4	9	6	19	2	532	356	5	110	36	129	61	6	9		
4	9	6	19	3	558	382	2	149	35	114	72	2	8		
4	9	6	19	4	418	336	2	144	24	109	47	2	8		
4	9	6	19	5	690	478	3	199	36	143	85	3	9		
4	9	6	19	6	644	427	1	199	36	108	71	1	11		
4	9	6	19	7	489	348	12	144	37	99	48	3	5		
4	9	6	19	8	597	424	7	144	41	133	90	0	9		
4	9	6	19	9	698	542	2	87	40	295	114	2	2		
4	9	6	19	10	581	449	0	94	30	230	81	4	10		
4	9	6	19	11	498	385	2	119	26	168	58	1	11		
4	9	6	19	12	641	480	3	96	13	251	105	0	12		
4	9	6	19	13	228	212	4	36	12	151	7	0	2		
4	9	6	19	14	685	494	12	126	31	211	100	5	9		
4	9	6	19	15	595	446	0	140	30	197	74	1	4		
4	9	6	19	16	310	629	3	230	52	271	62	5	6		
4	9	6	19	17	539	424	0	86	17	228	89	0	4		
4	9	6	19	18	644	441	1	168	31	172	65	0	4		
4	9	6	19	19	701	541	6	97	31	303	97	0	7		
4	9	6	19	20	584	444	2	97	23	232	83	1	6		
4	9	6	19	21	534	441	5	155	35	197	32	4	13		
4	9	6	19	22	670	511	5	134	40	230	94	1	7		
4	9	6	19	23	444	357	0	63	22	204	60	2	6		
4	9	6	19	24	543	449	7	116	31	206	83	1	5		
4	9	6	19	25	532	406	1	173	39	155	29	3	6		
4	9	6	19	26	635	449	4	149	25	195	69	1	6		
4	9	6	19	27	367	247	1	117	25	67	27	3	7		
4	9	6	19	28	718	523	3	162	41	227	82	3	5		
4	9	6	19	29	428	291	1	176	27	54	22	2	9		
4	9	6	19	30	393	248	5	157	18	42	20	2	4		
4	9	6	19	31	492	360	2	200	47	68	28	3	12		
4	9	6	19	32	507	374	4	215	32	76	28	7	12		
4	9	6	19	33	733	538	2	338	46	105	40	2	5		
4	9	6	19	34	610	495	7	226	42	153	64	1	2		
4	9	6	19	35	483	326	2	176	31	70	37	1	9		
4	9	6	19	36	430	349	1	142	24	103	70	2	7		
4	9	6	19	37	538	369	5	161	43	113	38	2	7		
4	9	6	19	38	602	435	4	218	33	120	44	1	15		
4	9	6	19	39	495	334	4	140	24	116	38	3	9		
4	9	6	19	40	751	542	7	174	33	214	103	3	8		
4	9	6	19	41	287	240	0	103	17	85	27	1	7		
4	9	6	19	42	650	492	0	131	36	249	69	0	7		
4	9	6	19	43	653	510	3	74	33	317	75	0	8		
4	9	6	19	44	455	401	2	98	25	199	68	0	9		
4	9	6	19	45	681	482	4	160	24	205	80	3	6		
4	9	6	19	46	489	399	2	80	14	245	55	1	2		
4	9	6	19	47	709	568	7	171	38	258	82	0	12		
4	9	6	19	48	653	427	8	203	49	103	49	2	13		
4	9	6	19	49	597	423	4	166	39	159	42	5	8		
4	9	6	19	50	760	613	5	164	27	337	65	1	14		
4	9	6	19	51	534	474	2	93	35	262	76	0	6		
4	9	6	19	52	542	437	3	55	35	255	79	2	8		
4	9	6	19	53	797	613	0	154	45	320	82	0	12		
4	9	6	19	54	731	551	4	104	38	314	78	2	11		
4	9	6	19	55	702	529	4	254	44	152	71	0	4		
4	9	6	19	56	599	467	2	110	28	233	84	2	8		
4	9	6	19	57	625	471	6	136	40	193	83	1	12		
4	9	6	19	58	675	495	5	154	23	218	87	1	7		
4	9	6	19	59	615	455	4	195	36	150	63	2	5		
4	9	6	19	60	559	388	4	99	33	188	60	1	3		
4	9	6	19	61	552	419	3	184	33	126	61	1	11		
4	9	6	19	62	685	481	2	217	39	157	61	1	4		
4	9	6	19	63	575	387	6	136	31	144	62	1	7		
4	9	6	19	64	517	389	5	108	25	175	69	2	5		
4	9	6	19	65	671	515	5	221	36	181	62	0	10		
4	9	6	19	66	608	475	7	182	22	181	68	2	13		
4	9	6	19	67	440	387	8	170	41	150	13	0	5		
4	9	6	19	68	782	582	6	295	49	143	72	4	13		
4	9	6	19	69	769	569	2	243	37	204	68	4	11		
4	9	6	19	70	565	434	4	243	31	105	41	3	7		
4	9	6	19	71	510	434	1	183	39	149	50	2	10		
4	9	6	19	72	610	490	3	212	29	170	68	1	7		
4	9	6	19	73	419	365	3	115	15	149	77	1	5		
4	9	6	19	74	810	601	5	343	30	128	85	3	7		
4	9	6	19	75	872	697	5	176	34	389	86	1	6		
4	9	6	19	76	609	491	1	82	23	296	85	1	3		
4	9	6	19	77	575	478	5	81	37	264	83	2	6		
4	9	6	19	78	674	525	7	200	41	209	61	1	6		
4	9	6	19	79	577	455	2	89	22	258	73	2	9		
4	9	6	19	80	590	488	2	160	25	228	66	3	4		
4	9	6	19	81	668	535	4	144	23	268	94	0	2		
4	9	6	19	82	686	537	2	115	43	301	66	1	9		
4	9	6	19	83	495	390	4	89	25	201	62	1	8		
4	9	6	19	84	162	120	0	31	8	55	23	0	3		
4	9	6	96	1	0	747	7	299	56	308	69	2	6		
4	9	6	96	2	0	254	1	46	21	126	57	1	2		
4	9	6	96	3	0	3468	21	1164	267	1514	439	14	49		
4	9	6	96	4	0	581	2	118	43	209	203	0	6		
4	9	6	96	5	0	300	2	65	17	134	75	0	7		
4	9	6	96	6	0	665	4	177	39	267	170	2	6		
4	9	6	96	7	0	148	0	27	4	64	50	0	3		
4	9	6	96	8	0	43	0	11	4	17	10	0	1		
4	9	6	96	9	0	1907	36	871	164	545	257	12	22		
4	9	6	96	10	0	2040	15	423	55	923	598	7	19		
4	9	7	21	1	621	442	6	161	44	172	53	0	6		
4	9	7	21	2	433	309	2	153	24	100	27	1	2		
4	9	7	21	3	508	362	5	166	24	117	33	2	15		
4	9	7	21	4	535	358	3	222	42	53	28	4	6		
4	9	7	21	5	560	392	5	183	31	133	32	1	7		
4	9	7	21	6	449	377	5	187	26	98	48	6	7		
4	9	7	21	7	529	393	8	203	20	121	34	1	6		
4	9	7	21	8	446	353	3	236	21	59	29	1	4		
4	9	7	21	9	658	485	3	281	45	111	36	2	7		
4	9	7	21	10	608	448	6	175	55	142	59	1	10		
4	9	7	21	11	395	341	4	144	33	135	16	2	7		
4	9	7	21	12	551	455	3	202	39	151	51	1	8		
4	9	7	21	13	449	350	4	163	37	121	17	3	5		
4	9	7	21	14	509	300	2	206	23	34	24	7	4		
4	9	7	21	15	585	469	4	218	37	155	43	1	11		
4	9	7	21	16	438	280	3	188	31	35	16	2	5		
4	9	7	21	17	560	421	2	236	39	94	45	4	1		
4	9	7	21	18	466	327	1	167	28	82	38	2	9		
4	9	7	21	19	548	376	3	166	30	125	45	0	7		
4	9	7	21	20	445	303	6	119	28	115	26	2	7		
4	9	7	21	21	563	399	10	168	34	141	37	2	7		
4	9	7	21	22	475	367	2	151	30	108	61	1	14		
4	9	7	21	23	582	461	5	266	36	108	34	2	10		
4	9	7	21	24	397	324	1	145	28	115	31	1	3		
4	9	7	21	25	1090	789	4	287	59	184	232	5	18		
4	9	7	21	26	622	456	2	233	45	122	43	3	8		
4	9	7	21	27	511	403	3	187	45	110	42	0	16		
4	9	7	21	28	704	525	5	229	45	190	40	4	12		
4	9	7	21	29	658	480	2	277	36	109	37	3	16		
4	9	7	21	30	569	380	4	255	29	61	16	4	11		
4	9	7	21	31	550	409	6	217	25	112	40	0	9		
4	9	7	21	32	432	311	4	152	30	88	25	3	9		
4	9	7	21	33	892	639	5	294	51	189	86	4	10		
4	9	7	21	34	642	468	8	231	36	128	50	6	9		
4	9	7	21	35	562	404	1	153	38	153	46	3	10		
4	9	7	21	36	419	306	1	126	35	99	39	4	2		
4	9	7	21	37	582	403	3	182	36	128	45	2	7		
4	9	7	21	38	481	320	6	151	27	98	28	2	8		
4	9	7	21	39	625	361	4	221	40	48	35	5	8		
4	9	7	21	40	717	409	5	256	32	75	31	0	10		
4	9	7	21	41	355	287	2	171	27	60	20	1	6		
4	9	7	21	42	470	339	1	178	22	88	40	2	8		
4	9	7	21	43	619	445	6	182	44	140	58	0	15		
4	9	7	21	44	659	450	7	258	40	91	40	3	11		
4	9	7	21	45	430	311	6	185	23	50	34	3	10		
4	9	7	21	46	496	327	7	199	37	49	27	3	5		
4	9	7	21	47	622	416	4	261	39	73	29	2	8		
4	9	7	21	48	534	350	0	190	34	77	32	4	13		
4	9	7	21	49	535	385	4	209	35	90	39	1	7		
4	9	7	21	50	506	368	8	193	22	98	34	2	11		
4	9	7	21	51	336	195	1	131	14	31	12	1	5		
4	9	7	21	52	375	225	2	124	28	45	15	4	7		
4	9	7	21	53	425	246	3	156	33	38	11	2	3		
4	9	7	21	54	418	272	7	188	30	29	10	2	6		
4	9	7	21	55	738	583	13	279	37	167	80	1	6		
4	9	7	21	56	511	344	4	208	19	81	23	6	3		
4	9	7	21	57	583	366	4	232	35	53	37	1	4		
4	9	7	21	58	576	370	5	219	49	69	19	4	5		
4	9	7	21	59	461	323	4	203	32	51	24	0	9		
4	9	7	21	60	663	510	2	222	30	169	76	2	9		
4	9	7	21	61	655	504	3	191	46	166	83	3	12		
4	9	7	21	62	432	312	6	130	14	113	44	2	3		
4	9	7	21	63	465	353	0	234	26	68	17	2	6		
4	9	7	21	64	536	368	11	152	22	120	45	3	15		
4	9	7	21	65	458	358	1	277	19	33	22	2	4		
4	9	7	21	66	224	764	12	474	45	194	25	5	9		
4	9	7	21	67	590	445	5	284	24	94	29	2	7		
4	9	7	21	68	529	408	5	227	18	109	30	2	17		
4	9	7	21	69	540	365	4	242	39	48	21	5	6		
4	9	7	21	70	519	316	5	221	31	42	10	3	4		
4	9	7	21	71	449	306	5	192	26	57	14	1	11		
4	9	7	21	72	563	362	9	222	45	61	15	3	7		
4	9	7	21	73	813	513	6	282	36	117	49	4	19		
4	9	7	21	74	586	403	4	246	26	89	24	2	12		
4	9	7	21	75	637	445	5	237	41	121	30	2	9		
4	9	7	21	76	531	429	3	201	23	125	58	6	13		
4	9	7	21	77	454	312	7	162	20	65	42	5	11		
4	9	7	21	78	911	655	9	305	54	184	86	8	9		
4	9	7	21	79	732	550	8	262	38	165	63	5	9		
4	9	7	21	80	743	604	5	248	36	250	50	3	12		
4	9	7	21	81	557	394	5	193	34	98	46	4	14		
4	9	7	21	82	521	355	7	232	30	54	22	6	4		
4	9	7	21	83	562	352	2	206	46	69	13	6	10		
4	9	7	21	84	555	369	4	193	44	90	16	5	17		
4	9	7	21	85	523	382	4	233	36	78	23	1	7		
4	9	7	21	86	522	364	3	219	38	77	23	1	3		
4	9	7	21	87	521	437	1	209	27	140	45	2	13		
4	9	7	21	88	523	362	2	235	45	50	14	6	10		
4	9	7	21	89	583	424	5	254	36	84	21	5	19		
4	9	7	21	90	530	379	7	230	32	79	20	5	6		
4	9	7	21	91	502	391	8	225	22	94	35	2	5		
4	9	7	21	92	386	283	4	160	46	48	14	1	10		
4	9	7	21	93	416	279	4	166	25	58	13	2	11		
4	9	7	21	94	545	390	6	240	44	67	17	3	13		
4	9	7	21	95	544	431	4	250	36	113	15	5	8		
4	9	7	21	96	505	374	4	215	32	84	30	1	8		
4	9	7	21	97	690	495	8	295	35	107	32	3	15		
4	9	7	21	98	504	339	8	200	33	80	12	2	4		
4	9	7	21	99	433	348	1	206	28	75	32	1	5		
4	9	7	21	100	483	327	1	213	19	70	18	1	5		
4	9	7	21	101	407	289	1	162	20	77	17	0	12		
4	9	7	21	102	483	334	4	205	34	64	12	2	13		
4	9	7	21	103	466	307	0	196	31	64	14	0	2		
4	9	7	21	104	538	343	6	225	34	51	24	0	3		
4	9	7	21	105	531	363	5	204	23	64	43	5	19		
4	9	7	21	106	797	647	10	348	69	133	68	3	16		
4	9	7	21	107	530	438	4	217	43	127	36	1	10		
4	9	7	21	108	638	515	6	247	56	162	34	3	7		
4	9	7	21	109	446	318	3	182	28	81	17	1	6		
4	9	7	21	110	363	296	3	174	30	62	19	1	7		
4	9	7	21	111	603	501	3	226	27	149	84	0	12		
4	9	7	21	112	571	416	8	264	28	78	26	3	9		
4	9	7	21	113	462	362	1	239	35	65	14	5	3		
4	9	7	21	114	428	249	1	175	19	37	13	0	4		
4	9	7	21	115	440	259	6	162	39	30	14	2	6		
4	9	7	21	116	419	270	2	179	25	41	19	1	3		
4	9	7	21	117	459	324	5	220	19	54	17	1	8		
4	9	7	21	118	528	307	1	172	50	50	20	3	11		
4	9	7	21	119	423	248	5	143	28	37	24	1	10		
4	9	7	21	120	515	328	8	212	39	28	22	2	17		
4	9	7	21	121	537	340	3	189	45	67	23	2	11		
4	9	7	21	122	529	328	6	227	27	39	13	10	6		
4	9	7	21	123	345	239	2	122	34	46	20	1	14		
4	9	7	21	124	453	294	4	157	17	85	27	1	3		
4	9	7	21	125	329	215	6	116	17	50	20	0	6		
4	9	7	21	126	442	321	1	180	31	79	24	1	5		
4	9	7	21	127	417	319	1	158	24	87	37	3	9		
4	9	7	21	128	378	268	1	152	16	71	25	0	3		
4	9	7	21	129	786	641	9	245	34	246	88	2	17		
4	9	7	21	130	675	534	6	202	44	209	59	4	10		
4	9	7	21	131	397	357	2	171	38	119	20	5	2		
4	9	7	21	132	677	586	5	278	31	163	86	2	21		
4	9	7	21	133	717	538	8	276	38	136	60	2	18		
4	9	7	21	134	530	417	10	228	36	86	42	3	12		
4	9	7	21	135	560	427	3	158	46	172	40	4	4		
4	9	7	21	136	649	464	7	276	40	90	37	1	13		
4	9	7	21	137	858	606	7	331	47	161	48	4	8		
4	9	7	21	138	488	370	3	209	31	93	24	1	9		
4	9	7	21	139	519	412	1	262	33	84	19	4	9		
4	9	7	21	140	560	421	2	264	37	83	20	1	14		
4	9	7	21	141	362	286	2	119	21	107	29	1	7		
4	9	7	21	142	662	538	6	238	26	184	71	2	11		
4	9	7	21	143	672	531	4	225	45	193	52	3	9		
4	9	7	21	144	749	592	3	290	48	184	59	1	7		
4	9	7	21	145	508	430	4	214	37	133	31	0	11		
4	9	7	21	146	352	259	2	183	18	42	7	5	2		
4	9	7	21	147	310	233	2	162	11	42	9	0	7		
4	9	7	21	148	607	452	9	260	38	106	28	5	6		
4	9	7	21	149	587	453	5	234	57	104	24	4	25		
4	9	7	21	150	754	580	13	259	29	184	86	4	5		
4	9	7	21	151	558	378	7	230	40	68	19	6	8		
4	9	7	21	152	572	390	5	240	40	77	22	1	5		
4	9	7	21	153	579	422	6	258	48	73	23	4	10		
4	9	7	21	154	551	393	2	209	38	101	23	2	18		
4	9	7	21	155	606	513	6	121	36	279	58	0	13		
4	9	7	21	156	635	534	5	173	38	264	45	4	5		
4	9	7	21	157	736	617	5	243	29	231	94	2	13		
4	9	7	21	158	435	308	6	137	20	112	25	0	8		
4	9	7	21	159	847	660	7	295	33	225	88	2	10		
4	9	7	21	160	568	413	6	244	23	78	47	2	13		
4	9	7	21	161	376	287	0	118	22	94	49	1	3		
4	9	7	21	162	646	450	7	198	35	143	55	4	8		
4	9	7	21	163	386	319	2	125	14	123	45	3	7		
4	9	7	21	164	368	341	1	143	21	112	60	1	3		
4	9	7	21	165	615	481	3	203	25	149	89	1	11		
4	9	7	21	166	568	483	3	211	27	153	74	5	10		
4	9	7	21	167	645	445	2	234	40	112	51	2	4		
4	9	7	21	168	519	407	7	168	36	140	44	2	10		
4	9	7	21	169	490	343	5	166	29	88	39	1	15		
4	9	7	21	170	554	377	4	165	29	105	63	0	11		
4	9	7	21	171	277	216	7	135	26	31	10	2	5		
4	9	7	21	172	865	582	10	301	55	140	58	2	16		
4	9	7	21	173	832	625	6	286	41	177	96	1	18		
4	9	7	21	174	568	433	2	199	34	128	63	0	7		
4	9	7	21	175	156	114	0	46	5	38	16	1	8		
4	9	7	21	176	705	500	5	269	13	107	94	2	10		
4	9	7	21	177	525	419	1	199	21	87	102	4	5		
4	9	7	21	178	0	102	3	71	11	11	3	1	2		
4	9	7	22	1	837	623	2	246	19	179	161	2	14		
4	9	7	22	2	728	522	3	214	24	133	131	3	14		
4	9	7	22	3	937	672	4	242	37	198	174	4	13		
4	9	7	22	4	627	508	4	212	26	128	119	4	15		
4	9	7	22	5	707	504	5	325	30	96	38	1	9		
4	9	7	22	6	817	568	4	333	60	104	46	5	16		
4	9	7	22	7	367	317	5	116	21	113	55	1	6		
4	9	7	22	8	954	614	10	425	59	76	35	5	4		
4	9	7	22	9	629	385	3	215	37	78	42	4	6		
4	9	7	22	10	599	485	9	175	23	190	78	3	7		
4	9	7	22	11	688	514	6	304	49	112	34	0	9		
4	9	7	22	12	775	576	11	258	46	173	78	2	8		
4	9	7	22	13	671	484	2	197	36	164	74	4	7		
4	9	7	22	14	624	476	4	194	54	151	51	8	14		
4	9	7	22	15	724	587	4	264	27	162	116	4	10		
4	9	7	22	16	930	701	6	345	41	196	100	4	9		
4	9	7	22	17	770	530	3	264	28	174	49	4	8		
4	9	7	22	18	702	443	10	269	46	70	30	7	11		
4	9	7	22	19	856	675	8	337	40	215	59	5	11		
4	9	7	22	20	766	581	10	316	54	121	66	2	12		
4	9	7	22	21	929	651	10	409	62	105	49	3	13		
4	9	7	22	22	630	451	10	240	39	131	22	4	5		
4	9	7	22	23	466	363	1	191	40	91	28	3	9		
4	9	7	22	24	789	570	7	316	59	138	34	5	11		
4	9	7	22	25	644	459	1	225	48	126	42	4	13		
4	9	7	22	26	709	525	4	213	42	184	67	2	13		
4	9	7	22	27	906	655	9	282	37	184	117	4	22		
4	9	7	22	28	469	373	4	196	36	91	27	2	17		
4	9	7	22	29	652	417	3	231	46	74	49	7	7		
4	9	7	22	30	559	427	3	252	35	91	32	2	12		
4	9	7	22	31	667	538	4	282	31	147	58	6	10		
4	9	7	22	32	889	634	6	276	68	206	63	3	12		
4	9	7	22	33	977	721	8	342	50	201	100	2	18		
4	9	7	22	34	897	734	9	314	54	215	116	7	19		
4	9	7	22	35	602	401	2	207	42	104	33	2	11		
4	9	7	22	36	573	478	2	259	47	117	40	4	9		
4	9	7	22	37	775	583	4	238	47	211	70	0	13		
4	9	7	22	38	697	507	3	293	46	121	28	2	14		
4	9	7	22	39	218	521	8	340	27	106	30	4	6		
4	9	7	22	40	685	516	4	241	56	140	49	6	20		
4	9	7	22	41	780	658	4	352	38	160	77	8	19		
4	9	7	22	42	550	438	2	226	29	122	48	2	9		
4	9	7	22	43	715	496	5	236	29	171	41	2	12		
4	9	7	22	44	855	640	7	372	51	142	42	4	22		
4	9	7	22	45	779	598	10	339	50	128	49	6	16		
4	9	7	22	46	718	538	7	295	50	120	52	0	14		
4	9	7	22	47	596	462	8	265	37	96	40	5	11		
4	9	7	22	48	627	477	4	227	56	136	41	4	9		
4	9	7	22	49	717	506	7	281	53	114	29	10	12		
4	9	7	22	50	611	472	3	257	51	105	49	3	4		
4	9	7	22	51	572	430	3	224	29	130	36	2	6		
4	9	7	22	52	908	694	11	293	51	233	87	4	15		
4	9	7	22	53	781	513	10	305	42	82	59	6	9		
4	9	7	22	54	740	475	5	297	59	72	31	3	8		
4	9	7	22	55	524	347	3	229	30	57	15	3	10		
4	9	7	22	56	515	362	7	211	43	60	34	5	2		
4	9	7	22	57	794	584	9	300	45	155	66	1	8		
4	9	7	22	58	715	541	8	321	42	109	51	0	10		
4	9	7	22	59	930	678	9	402	50	140	59	3	15		
4	9	7	22	60	918	645	10	351	42	178	43	6	15		
4	9	7	22	61	850	659	2	346	54	173	72	4	8		
4	9	7	22	62	739	447	8	298	32	68	24	7	10		
4	9	7	22	63	708	417	5	273	38	73	15	5	8		
4	9	7	22	64	781	498	13	301	62	86	23	5	8		
4	9	7	22	65	666	443	9	267	51	82	21	5	8		
4	9	7	22	66	350	214	3	143	21	31	14	0	2		
4	9	7	22	67	751	468	1	292	47	77	39	2	10		
4	9	7	22	68	809	592	10	296	54	155	61	4	12		
4	9	7	22	69	476	421	10	238	23	101	36	2	11		
4	9	7	22	70	642	482	2	329	41	75	25	4	6		
4	9	7	22	71	846	583	4	272	66	183	50	0	8		
4	9	7	22	72	875	661	15	268	65	208	92	3	10		
4	9	7	22	73	699	485	4	322	52	77	13	7	10		
4	9	7	22	74	641	431	4	248	30	98	35	5	11		
4	9	7	22	75	833	620	7	277	65	180	66	4	21		
4	9	7	22	76	391	331	5	144	33	118	27	1	3		
4	9	7	22	77	440	359	5	179	33	90	43	1	8		
4	9	7	22	78	639	495	6	254	24	127	70	2	12		
4	9	7	22	79	678	548	5	247	24	152	109	3	8		
4	9	7	22	80	509	451	2	196	32	141	72	2	6		
4	9	7	22	81	926	743	7	346	48	187	129	5	21		
4	9	7	22	82	528	414	5	211	43	101	45	2	7		
4	9	7	22	83	525	395	2	250	34	70	27	2	10		
4	9	7	22	84	546	442	3	273	33	95	24	10	4		
4	9	7	22	85	584	394	5	264	43	60	13	4	5		
4	9	7	22	86	552	347	4	247	26	40	22	1	7		
4	9	7	22	87	775	559	3	359	50	91	31	12	13		
4	9	7	22	88	102	64	0	52	4	7	0	1	0		
4	9	7	22	89	329	276	4	158	10	45	54	2	3		
4	9	7	22	90	439	361	5	185	14	90	57	1	9		
4	9	7	22	91	843	544	7	271	46	115	86	3	16		
4	9	7	22	92	793	540	11	313	30	97	70	9	10		
4	9	7	22	93	880	631	14	265	34	183	117	2	16		
4	9	7	22	94	684	519	4	230	33	150	86	2	14		
4	9	7	22	95	395	336	2	154	27	121	30	0	2		
4	9	7	22	96	703	492	6	256	43	109	61	3	14		
4	9	7	22	97	569	402	5	225	32	80	45	1	14		
4	9	7	22	98	994	727	9	364	45	197	99	2	11		
4	9	7	22	99	745	599	2	352	33	143	59	5	5		
4	9	7	22	100	743	566	2	276	53	162	59	4	10		
4	9	7	22	101	776	551	5	284	56	153	45	1	7		
4	9	7	22	102	593	460	3	240	28	118	60	1	10		
4	9	7	22	103	533	455	5	206	28	157	46	2	11		
4	9	7	22	104	828	678	14	281	48	205	115	1	14		
4	9	7	22	105	727	541	7	257	36	162	58	1	20		
4	9	7	22	106	797	620	6	280	35	197	87	2	13		
4	9	7	22	107	970	752	8	356	44	218	114	3	9		
4	9	7	22	108	1116	919	11	455	78	274	86	4	11		
4	9	7	22	109	1018	812	6	380	53	235	124	3	11		
4	9	7	22	110	978	823	11	370	53	267	108	0	14		
4	9	7	22	111	524	467	6	236	23	128	65	2	7		
4	9	7	22	112	838	609	11	293	59	155	72	3	16		
4	9	7	22	113	862	684	4	353	62	197	53	4	11		
4	9	7	22	114	690	520	3	263	42	137	62	3	10		
4	9	7	22	115	828	673	4	286	73	230	66	1	13		
4	9	7	22	116	764	581	11	270	37	158	86	5	14		
4	9	7	22	117	842	661	5	308	49	240	36	6	17		
4	9	7	22	118	629	489	5	248	28	129	63	2	14		
4	9	7	22	119	655	501	3	243	48	140	56	1	10		
4	9	7	22	120	1020	786	10	389	77	220	65	1	24		
4	9	7	22	121	975	754	7	389	70	222	49	6	11		
4	9	7	22	122	796	664	8	273	60	236	59	7	21		
4	9	7	22	123	968	738	5	367	54	219	78	4	11		
4	9	7	22	124	814	617	9	336	62	118	68	15	9		
4	9	7	22	125	768	627	2	265	26	204	107	2	21		
4	9	7	22	126	655	555	11	263	36	132	92	0	21		
4	9	7	22	127	720	599	11	289	36	187	64	0	12		
4	9	7	22	128	598	501	2	287	35	123	33	9	12		
4	9	7	22	129	891	689	2	385	51	171	66	4	10		
4	9	7	22	130	801	600	4	321	51	152	59	1	12		
4	9	7	22	131	818	518	7	317	40	97	48	1	8		
4	9	7	22	132	832	592	4	346	48	138	37	9	10		
4	9	7	22	133	1009	734	9	373	63	207	64	2	16		
4	9	7	22	134	826	560	10	338	43	123	20	10	16		
4	9	7	22	135	636	447	4	258	34	104	32	4	11		
4	9	7	22	136	480	335	2	205	32	62	23	3	8		
4	9	7	22	137	675	465	6	276	55	99	22	1	6		
4	9	7	22	138	686	466	8	278	54	80	34	6	6		
4	9	7	22	139	552	431	6	213	33	141	27	1	10		
4	9	7	22	140	517	421	4	168	24	161	52	3	9		
4	9	7	22	141	634	552	8	277	26	156	64	7	14		
4	9	7	22	142	0	43	1	16	4	16	6	0	0		
4	9	7	22	143	0	58	1	35	4	13	3	0	2		
4	9	7	22	144	0	65	1	38	7	11	5	1	2		
4	9	7	22	145	0	81	0	61	5	15	0	0	0		
4	9	7	97	1	0	607	3	320	36	196	41	2	9		
4	9	7	97	2	0	161	0	78	16	42	20	1	4		
4	9	7	97	3	0	2579	22	1206	180	913	212	10	36		
4	9	7	97	4	0	301	4	125	13	100	55	1	3		
4	9	7	97	5	0	224	2	104	15	64	36	1	2		
4	9	7	97	6	0	467	0	171	32	179	74	1	10		
4	9	7	97	7	0	86	0	35	7	33	11	0	0		
4	9	7	97	8	0	30	0	12	2	7	8	0	1		
4	9	7	97	9	0	1817	32	1146	110	333	165	7	24		
4	9	7	97	10	0	1088	3	455	43	317	233	9	28		
